run_id,epoch,train_loss,val_loss
bs32_ep30_lr0.001_20260827_002806,1,14.097542843705899,12.349920142524528
bs32_ep30_lr0.001_20260827_002806,2,12.309960305690765,11.789795079646822
bs32_ep30_lr0.001_20260827_002806,3,11.990116088575608,11.609614761752603
bs32_ep30_lr0.001_20260827_002806,4,11.786848331826764,11.62680625140755
bs32_ep30_lr0.001_20260827_002806,5,11.719351005715293,11.501743450474704
bs32_ep30_lr0.001_20260827_002806,6,11.609109998152062,11.321142266384784
bs32_ep30_lr0.001_20260827_002806,7,11.561823134285373,11.296097058137024
bs32_ep30_lr0.001_20260827_002806,8,11.506144900781077,11.120841246059761
bs32_ep30_lr0.001_20260827_002806,9,11.509601404336658,11.28458740792211
bs32_ep30_lr0.001_20260827_002806,10,11.433311772306222,11.249304336142153
bs32_ep30_lr0.001_20260827_002806,11,11.44919546935204,11.181691532473092
bs32_ep30_lr0.001_20260827_002806,12,11.421230438391905,11.281691561773574
bs32_ep30_lr0.001_20260827_002806,13,11.411269158326292,11.245351227911044
bs32_ep30_lr0.001_20260827_002806,14,11.401342543597156,11.062893070181504
bs32_ep30_lr0.001_20260827_002806,15,11.365626432404325,11.082881940872666
bs32_ep30_lr0.001_20260827_002806,16,11.354086972370341,11.133078118018597
bs32_ep30_lr0.001_20260827_002806,17,11.35709787180295,11.178108014595562
bs32_ep30_lr0.001_20260827_002806,18,11.31458997827124,11.340690940310367
bs32_ep30_lr0.001_20260827_002806,19,11.342819463360954,11.153624101438762
bs32_ep30_lr0.001_20260827_002806,20,11.316107874987898,11.185035168156137
bs32_ep30_lr0.001_20260827_002806,21,11.303710350112334,11.162965824544166
bs32_ep30_lr0.001_20260827_002806,22,11.316755608126924,11.121577743941607
bs32_ep30_lr0.001_20260827_002806,23,11.309289757061649,11.080725162737126
bs32_ep30_lr0.001_20260827_002806,24,11.295423277326533,11.115103261685618
bs32_ep30_lr0.001_20260827_002806,25,11.291364057442626,11.17184902540514
bs32_ep30_lr0.001_20260827_002806,26,11.279528854062429,11.102290676122578
bs32_ep30_lr0.001_20260827_002806,27,11.301148423471966,11.20205426462644
bs32_ep30_lr0.001_20260827_002806,28,11.286676197035893,11.098880919255041
bs32_ep30_lr0.001_20260827_002806,29,11.292987496868983,11.115256975109151
bs32_ep30_lr0.001_20260827_002806,30,11.273214437268877,11.132913373245623

bs128_ep30_lr0.001_20260827_012345,1,16.492375174084223,13.873236016666189
bs128_ep30_lr0.001_20260827_012345,2,13.175167281885404,12.632104514626896
bs128_ep30_lr0.001_20260827_012345,3,12.467415282855162,12.104846982394948
bs128_ep30_lr0.001_20260827_012345,4,12.118019977131405,11.87682633119471
bs128_ep30_lr0.001_20260827_012345,5,11.912519490396654,11.761603888343362
bs128_ep30_lr0.001_20260827_012345,6,11.771468895512658,11.585198548260857
bs128_ep30_lr0.001_20260827_012345,7,11.661168072674725,11.508809465520523
bs128_ep30_lr0.001_20260827_012345,8,11.56910713621088,11.429517841339111
bs128_ep30_lr0.001_20260827_012345,9,11.526079578979596,11.36469866808723
bs128_ep30_lr0.001_20260827_012345,10,11.469041830784565,11.331134251987233
bs128_ep30_lr0.001_20260827_012345,11,11.428054662975105,11.30841941833496
bs128_ep30_lr0.001_20260827_012345,12,11.363009006590456,11.289553900326
bs128_ep30_lr0.001_20260827_012345,13,11.346636620727745,11.234809140598072
bs128_ep30_lr0.001_20260827_012345,14,11.330725600590577,11.232682228088379
bs128_ep30_lr0.001_20260827_012345,15,11.305868899500048,11.220620301190545
bs128_ep30_lr0.001_20260827_012345,16,11.27045947635496,11.202179213131176
bs128_ep30_lr0.001_20260827_012345,17,11.24347909882262,11.198993295781753
bs128_ep30_lr0.001_20260827_012345,18,11.247194907149753,11.1921911351821
bs128_ep30_lr0.001_20260827_012345,19,11.230630544391838,11.157268670025994
bs128_ep30_lr0.001_20260827_012345,20,11.199325827327934,11.17947712505565
bs128_ep30_lr0.001_20260827_012345,21,11.197354532576895,11.138459884419161
bs128_ep30_lr0.001_20260827_012345,22,11.16827803366893,11.14126152711756
bs128_ep30_lr0.001_20260827_012345,23,11.16097794352351,11.13630714416504
bs128_ep30_lr0.001_20260827_012345,24,11.140718281269073,11.12183817695169
bs128_ep30_lr0.001_20260827_012345,25,11.154775361757022,11.099032435697668
bs128_ep30_lr0.001_20260827_012345,26,11.13745651857273,11.11592970455394
bs128_ep30_lr0.001_20260827_012345,27,11.119680515817693,11.086678734947654
bs128_ep30_lr0.001_20260827_012345,28,11.118850116794174,11.089729252983542
bs128_ep30_lr0.001_20260827_012345,29,11.110577804011267,11.097920900232651
bs128_ep30_lr0.001_20260827_012345,30,11.098904094180545,11.063816115435433
bs128_ep30_lr0.001_20260827_012345,31,11.081709243155814,11.063880886751063
bs128_ep30_lr0.001_20260827_012345,32,11.07824695593602,11.061686919717229
bs128_ep30_lr0.001_20260827_012345,33,11.093539447397799,11.0489922691794
bs128_ep30_lr0.001_20260827_012345,34,11.07767928129918,11.063425176283893
bs128_ep30_lr0.001_20260827_012345,35,11.068949676848746,11.065795926486745
bs128_ep30_lr0.001_20260827_012345,36,11.067707797965488,11.07135248745189
bs128_ep30_lr0.001_20260827_012345,37,11.05607004101212,11.087055627037497
bs128_ep30_lr0.001_20260827_012345,38,11.047028345030707,11.06344679664163
bs128_ep30_lr0.001_20260827_012345,39,11.062762730830425,11.032510678908404
bs128_ep30_lr0.001_20260827_012345,40,11.039939037851385,11.058994899076573
bs128_ep30_lr0.001_20260827_012345,40,11.046572256732631,11.073616628085865
bs128_ep30_lr0.001_20260827_012345,41,11.055494058776546,11.05921209559721
bs128_ep30_lr0.001_20260827_012345,42,11.025898090890935,11.054249168844784
bs128_ep30_lr0.001_20260827_012345,43,11.034287831267795,11.027393486920525
bs128_ep30_lr0.001_20260827_012345,44,11.03869084087578,11.049821264603558
bs128_ep30_lr0.001_20260827_012345,45,11.031426463578198,11.024119236890007
bs128_ep30_lr0.001_20260827_012345,46,11.018686998534847,11.038226817635929
bs128_ep30_lr0.001_20260827_012345,47,11.03030148873458,11.065585686178768
bs128_ep30_lr0.001_20260827_012345,48,11.033775712992695,11.0269107874702
bs128_ep30_lr0.001_20260827_012345,49,11.021994632643622,11.028640354380888
bs128_ep30_lr0.001_20260827_012345,50,11.021859252775037,11.121957672343534

bs64_ep40_lr0.001_20260827_112149,1,15.085952912633484,12.75578276035005
bs64_ep40_lr0.001_20260827_112149,2,12.517125839317167,12.041732633360017
bs64_ep40_lr0.001_20260827_112149,3,12.06960371700493,11.740426184505136
bs64_ep40_lr0.001_20260827_112149,4,11.839572947573018,11.626009814507139
bs64_ep40_lr0.001_20260827_112149,5,11.704826144753275,11.55872767231809
bs64_ep40_lr0.001_20260827_112149,6,11.613313200506004,11.39111420960553
bs64_ep40_lr0.001_20260827_112149,7,11.557906925678253,11.363308374860646
bs64_ep40_lr0.001_20260827_112149,8,11.493714262504835,11.316933212730385
bs64_ep40_lr0.001_20260827_112149,9,11.436254867025324,11.251665869293664
bs64_ep40_lr0.001_20260827_112149,10,11.408880855586078,11.284958152996053
bs64_ep40_lr0.001_20260827_112149,11,11.372503472341073,11.227315874577975
bs64_ep40_lr0.001_20260827_112149,12,11.327531513330099,11.171304173877457
bs64_ep40_lr0.001_20260827_112149,13,11.293075006555867,11.230256302870128
bs64_ep40_lr0.001_20260827_112149,14,11.28310540600403,11.18701550531528
bs64_ep40_lr0.001_20260827_112149,15,11.24485079863587,11.135395069741218
bs64_ep40_lr0.001_20260827_112149,16,11.261405803867289,11.142416245114488
bs64_ep40_lr0.001_20260827_112149,17,11.25898592053233,11.105173878965125
bs64_ep40_lr0.001_20260827_112149,18,11.230121790154561,11.088364187595063
bs64_ep40_lr0.001_20260827_112149,19,11.203741192414954,11.123666093764404
bs64_ep40_lr0.001_20260827_112149,20,11.189618864574948,11.10374602033677
bs64_ep40_lr0.001_20260827_112149,21,11.204955709947122,11.129831820462657
bs64_ep40_lr0.001_20260827_112149,22,11.153953843825573,11.06980676566605
bs64_ep40_lr0.001_20260827_112149,23,11.18846798909677,11.08119423058884
bs64_ep40_lr0.001_20260827_112149,24,11.163699868563059,11.093532131836477
bs64_ep40_lr0.001_20260827_112149,25,11.156112782053045,11.075086115384172
bs64_ep40_lr0.001_20260827_112149,26,11.161280226063084,11.053903880724162
bs64_ep40_lr0.001_20260827_112149,27,11.158903276598132,11.031378917637827
bs64_ep40_lr0.001_20260827_112149,28,11.148308985539385,11.066602622513223
bs64_ep40_lr0.001_20260827_112149,29,11.137316427520803,11.050619173190587
bs64_ep40_lr0.001_20260827_112149,30,11.131084714386914,11.111524666305137
bs64_ep40_lr0.001_20260827_112149,31,11.131184118825036,11.058658594227118
bs64_ep40_lr0.001_20260827_112149,32,11.127885577243728,11.034865652213758
bs64_ep40_lr0.001_20260827_112149,33,11.0921376987889,11.072061344585588
bs64_ep40_lr0.001_20260827_112149,34,11.12163635766184,11.070263660059567
bs64_ep40_lr0.001_20260827_112149,35,11.118718238295736,11.019762824066973
bs64_ep40_lr0.001_20260827_112149,36,11.11815989541041,11.055350323342292
bs64_ep40_lr0.001_20260827_112149,37,11.092029197393236,11.041674805250139
bs64_ep40_lr0.001_20260827_112149,38,11.096490138688603,11.041833627188803
bs64_ep40_lr0.001_20260827_112149,39,11.091629085508552,11.020056333513738
bs64_ep40_lr0.001_20260827_112149,40,11.104226208216435,11.073886483116487

bs64_ep30_lr0.0001_20260827_131207,1,20.965363188369853,17.590198162382684
bs64_ep30_lr0.0001_20260827_131207,2,16.872808977558805,16.214093137983024
bs64_ep30_lr0.0001_20260827_131207,3,15.631354660601229,15.084655038726716
bs64_ep30_lr0.0001_20260827_131207,4,14.675286025614351,14.249525708786505
bs64_ep30_lr0.0001_20260827_131207,5,14.038694458233344,13.694170693028992
bs64_ep30_lr0.0001_20260827_131207,6,13.597929871565587,13.346554021919722
bs64_ep30_lr0.0001_20260827_131207,7,13.30406593551507,13.07850401099101
bs64_ep30_lr0.0001_20260827_131207,8,13.086634662505743,12.879578233116847
bs64_ep30_lr0.0001_20260827_131207,9,12.914750175701606,12.650304825256708
bs64_ep30_lr0.0001_20260827_131207,10,12.786055200808757,12.582472711186142
bs64_ep30_lr0.0001_20260827_131207,11,12.675923365998912,12.48112039650436
bs64_ep30_lr0.0001_20260827_131207,12,12.593537079321372,12.36455308863547
bs64_ep30_lr0.0001_20260827_131207,13,12.511713006206461,12.32420163168668
bs64_ep30_lr0.0001_20260827_131207,14,12.431677512220434,12.238888689901977
bs64_ep30_lr0.0001_20260827_131207,15,12.38461377089088,12.211058174966007
bs64_ep30_lr0.0001_20260827_131207,16,12.329924888707495,12.140009353997785
bs64_ep30_lr0.0001_20260827_131207,17,12.273183804106068,12.060426290056347
bs64_ep30_lr0.0001_20260827_131207,18,12.224704938965875,12.014976127309433
bs64_ep30_lr0.0001_20260827_131207,19,12.168237819059476,12.02043672015885
bs64_ep30_lr0.0001_20260827_131207,20,12.170232136507291,11.972783814489315
bs64_ep30_lr0.0001_20260827_131207,21,12.13472501571114,11.887722296700717
bs64_ep30_lr0.0001_20260827_131207,22,12.078107954682531,11.878751504386068
bs64_ep30_lr0.0001_20260827_131207,23,12.035428619062579,11.865176521571337
bs64_ep30_lr0.0001_20260827_131207,24,12.012658558987283,11.827478397560682
bs64_ep30_lr0.0001_20260827_131207,25,11.998337632095492,11.792567410651912
bs64_ep30_lr0.0001_20260827_131207,26,11.966679566615337,11.76092016450775
bs64_ep30_lr0.0001_20260827_131207,27,11.942736707023672,11.758153442787913
bs64_ep30_lr0.0001_20260827_131207,28,11.899862371586465,11.729928250158078
bs64_ep30_lr0.0001_20260827_131207,29,11.907916436324248,11.696678628612057
bs64_ep30_lr0.0001_20260827_131207,30,11.866532160623654,11.69608698482007

bs64_ep40_lr0.0003_20260827_140330,1,17.918120804670696,15.35211041543336
bs64_ep40_lr0.0003_20260827_140330,2,14.375518498388496,13.551383235109942
bs64_ep40_lr0.0003_20260827_140330,3,13.256121171487344,12.824490859445218
bs64_ep40_lr0.0003_20260827_140330,4,12.781342250269812,12.452849154627078
bs64_ep40_lr0.0003_20260827_140330,5,12.505100313070658,12.227862594401941
bs64_ep40_lr0.0003_20260827_140330,6,12.323833874754003,12.096826415497997
bs64_ep40_lr0.0003_20260827_140330,7,12.176654636054426,11.94595414839663
bs64_ep40_lr0.0003_20260827_140330,8,12.067190757474384,11.853814876185055
bs64_ep40_lr0.0003_20260827_140330,9,12.010370384196978,11.76339219523742
bs64_ep40_lr0.0003_20260827_140330,10,11.913351091178688,11.740724681752972
bs64_ep40_lr0.0003_20260827_140330,11,11.871844362568211,11.67898142372964
bs64_ep40_lr0.0003_20260827_140330,12,11.82307960052748,11.5934250052348
bs64_ep40_lr0.0003_20260827_140330,13,11.766461975671149,11.572014755204012
bs64_ep40_lr0.0003_20260827_140330,14,11.722092518935332,11.514019130605512
bs64_ep40_lr0.0003_20260827_140330,15,11.674808072077262,11.500513712565104
bs64_ep40_lr0.0003_20260827_140330,16,11.651057511165336,11.492342709791695
bs64_ep40_lr0.0003_20260827_140330,17,11.628357368546563,11.463239346281968
bs64_ep40_lr0.0003_20260827_140330,18,11.580861711824262,11.407244946752678
bs64_ep40_lr0.0003_20260827_140330,19,11.574053107886701,11.449591507250581
bs64_ep40_lr0.0003_20260827_140330,20,11.545723175680315,11.4061971484384
bs64_ep40_lr0.0003_20260827_140330,21,11.52045898944945,11.376838850060746
bs64_ep40_lr0.0003_20260827_140330,22,11.50950971165219,11.379599754085934
bs64_ep40_lr0.0003_20260827_140330,23,11.492922129663262,11.387760643410472
bs64_ep40_lr0.0003_20260827_140330,24,11.470306731559134,11.309658765089546
bs64_ep40_lr0.0003_20260827_140330,25,11.458711432444083,11.349552984434595
bs64_ep40_lr0.0003_20260827_140330,26,11.440846579300391,11.28490152049557
bs64_ep40_lr0.0003_20260827_140330,27,11.412855611459628,11.294771478591064
bs64_ep40_lr0.0003_20260827_140330,28,11.392208117085534,11.283669553323481
bs64_ep40_lr0.0003_20260827_140330,29,11.402477198355907,11.28867903571565
bs64_ep40_lr0.0003_20260827_140330,30,11.377371168217143,11.255776143707005
bs64_ep40_lr0.0003_20260827_140330,31,11.365164414450929,11.242273021236633
bs64_ep40_lr0.0003_20260827_140330,32,11.361967275271544,11.228839410089813
bs64_ep40_lr0.0003_20260827_140330,33,11.348294254090336,11.226024453267236
bs64_ep40_lr0.0003_20260827_140330,34,11.339694052129179,11.211357361447496
bs64_ep40_lr0.0003_20260827_140330,35,11.336454041906306,11.189431950054338
bs64_ep40_lr0.0003_20260827_140330,36,11.35074334128483,11.23560172055675
bs64_ep40_lr0.0003_20260827_140330,37,11.324491721552771,11.196661529991127
bs64_ep40_lr0.0003_20260827_140330,38,11.29126705591743,11.222870207817506
bs64_ep40_lr0.0003_20260827_140330,39,11.288250298113436,11.171584604764055
bs64_ep40_lr0.0003_20260827_140330,40,11.28680045016714,11.182383151884276

bs64_ep40_lr0.003_20260827_150205,1,13.35933983487052,11.8083551316838
bs64_ep40_lr0.003_20260827_150205,2,11.820225199332109,11.459488089457373
bs64_ep40_lr0.003_20260827_150205,3,11.587981028734026,11.313540939736155
bs64_ep40_lr0.003_20260827_150205,4,11.460737480505093,11.235718428912767
bs64_ep40_lr0.003_20260827_150205,5,11.384483631800961,11.189512981426049
bs64_ep40_lr0.003_20260827_150205,6,11.320134200759837,11.132578309658355
bs64_ep40_lr0.003_20260827_150205,7,11.302588467259664,11.110790716863312
bs64_ep40_lr0.003_20260827_150205,8,11.273404935324514,11.09792216196876
bs64_ep40_lr0.003_20260827_150205,9,11.250870106993494,11.136229183118251
bs64_ep40_lr0.003_20260827_150205,10,11.205302244102633,11.070573598586002
bs64_ep40_lr0.003_20260827_150205,11,11.192031387944478,11.239556298495042
bs64_ep40_lr0.003_20260827_150205,12,11.209327494373193,11.087277133907891
bs64_ep40_lr0.003_20260827_150205,13,11.17747091924822,11.067758050991722
bs64_ep40_lr0.003_20260827_150205,14,11.155410130281705,11.045242534626198
bs64_ep40_lr0.003_20260827_150205,15,11.172485137307966,11.11415601690962
bs64_ep40_lr0.003_20260827_150205,16,11.189258959647772,11.120118985133889
bs64_ep40_lr0.003_20260827_150205,17,11.16376792498537,11.017350070244444
bs64_ep40_lr0.003_20260827_150205,18,11.158161127889478,11.03510957059607
bs64_ep40_lr0.003_20260827_150205,19,11.156917916761863,11.023749703151287
bs64_ep40_lr0.003_20260827_150205,20,11.151814051576563,11.022253624457525
bs64_ep40_lr0.003_20260827_150205,21,11.164616273867118,11.01346977762768
bs64_ep40_lr0.003_20260827_150205,22,11.153819246872052,10.99903745848169
bs64_ep40_lr0.003_20260827_150205,23,11.15940403293919,11.028760313636083
bs64_ep40_lr0.003_20260827_150205,24,11.155644494939494,11.04162583871577
bs64_ep40_lr0.003_20260827_150205,25,11.158031940460205,11.040690261705787
bs64_ep40_lr0.003_20260827_150205,26,11.176196022210894,11.02643544132379
bs64_ep40_lr0.003_20260827_150205,27,11.124912058984911,11.081520975163553
bs64_ep40_lr0.003_20260827_150205,28,11.15897290086424,11.045055687603346
bs64_ep40_lr0.003_20260827_150205,29,11.149098652842882,11.004808766300348
bs64_ep40_lr0.003_20260827_150205,30,11.108391858435965,11.070888804826765
bs64_ep40_lr0.003_20260827_150205,31,11.143045771766353,11.208268646645335
bs64_ep40_lr0.003_20260827_150205,32,11.137678897461376,11.065090984018152
bs64_ep40_lr0.003_20260827_150205,33,11.127022926066372,11.027718127652959
bs64_ep40_lr0.003_20260827_150205,34,11.09953311085701,11.016023531775911
bs64_ep40_lr0.003_20260827_150205,35,11.095088866111395,11.032361835153406
bs64_ep40_lr0.003_20260827_150205,36,11.13573152269866,11.006063829832724
bs64_ep40_lr0.003_20260827_150205,37,11.101509689881995,11.05549878427061
bs64_ep40_lr0.003_20260827_150205,38,11.117666906601674,11.021323389711633
bs64_ep40_lr0.003_20260827_150205,39,11.119428812652021,11.021103895519335
bs64_ep40_lr0.003_20260827_150205,40,11.127901782860627,11.062362720129412

bs64_ep40_lr0.01_20260827_160257,1,12.531602310973245,11.446648969059497
bs64_ep40_lr0.01_20260827_160257,2,11.630923563564146,11.20472514734859
bs64_ep40_lr0.01_20260827_160257,3,11.459156221634633,11.279551095315488
bs64_ep40_lr0.01_20260827_160257,4,11.451758723806691,11.147392019761346
bs64_ep40_lr0.01_20260827_160257,5,11.373759704667169,11.127710575902707
bs64_ep40_lr0.01_20260827_160257,6,11.391764640002638,11.32564379964958
bs64_ep40_lr0.01_20260827_160257,7,11.377238324767834,11.27208539799603
bs64_ep40_lr0.01_20260827_160257,8,11.382331499376813,11.145872528222458
bs64_ep40_lr0.01_20260827_160257,9,11.31236932084367,11.153187177877511
bs64_ep40_lr0.01_20260827_160257,10,11.404305951418104,11.263514175527567
bs64_ep40_lr0.01_20260827_160257,11,11.371778696775436,11.616230244481809
bs64_ep40_lr0.01_20260827_160257,12,11.314018135940707,11.14202411617853
bs64_ep40_lr0.01_20260827_160257,13,11.338046418251219,11.083585332628548
bs64_ep40_lr0.01_20260827_160257,14,11.331713419105556,11.361607062078155
bs64_ep40_lr0.01_20260827_160257,15,11.37768431289776,11.34788349174117
bs64_ep40_lr0.01_20260827_160257,16,11.328158981896735,11.343183720006351
bs64_ep40_lr0.01_20260827_160257,17,11.305565178394318,11.35012615395155
bs64_ep40_lr0.01_20260827_160257,18,11.2840492556224,11.965163467204675
bs64_ep40_lr0.01_20260827_160257,19,11.271091610193253,11.364384921251146
bs64_ep40_lr0.01_20260827_160257,20,11.35678226198699,11.09745265600604
bs64_ep40_lr0.01_20260827_160257,21,11.331329198705184,11.120421156419061
bs64_ep40_lr0.01_20260827_160257,22,11.335136590777216,11.059773144117147
bs64_ep40_lr0.01_20260827_160257,23,11.33760032339676,11.115662737933583
bs64_ep40_lr0.01_20260827_160257,24,11.330661508682612,12.49148678568612
bs64_ep40_lr0.01_20260827_160257,25,11.305889902888117,11.18972288261121
bs64_ep40_lr0.01_20260827_160257,26,11.346769540696531,11.255988835585152
bs64_ep40_lr0.01_20260827_160257,27,11.32586896500072,11.097821339745085
bs64_ep40_lr0.01_20260827_160257,28,11.240591700012619,11.157157990784771
bs64_ep40_lr0.01_20260827_160257,29,11.313008317673528,11.07500999585717
bs64_ep40_lr0.01_20260827_160257,30,11.275630909848857,11.230417591983942
bs64_ep40_lr0.01_20260827_160257,31,11.311855010889673,11.066624886166734
bs64_ep40_lr0.01_20260827_160257,32,11.320613048366598,11.303200063452257
bs64_ep40_lr0.01_20260827_160257,33,11.273832385604447,11.542322611738447
bs64_ep40_lr0.01_20260827_160257,34,11.314538792178437,10.977246145231534
bs64_ep40_lr0.01_20260827_160257,35,11.279461066465121,11.048641508659431
bs64_ep40_lr0.01_20260827_160257,36,11.260735268528396,11.718223937493159
bs64_ep40_lr0.01_20260827_160257,37,11.29298652668257,11.10931489179268
bs64_ep40_lr0.01_20260827_160257,38,11.297136374422022,11.171437288807557
bs64_ep40_lr0.01_20260827_160257,39,11.288592554830217,12.013973148874829
bs64_ep40_lr0.01_20260827_160257,40,11.232113747580632,11.562762074765907

bs128_ep50_lr0.003_20260827_170408,1,14.152238697619051,12.180077098397648
bs128_ep50_lr0.003_20260827_170408,2,12.036062883364188,11.689607979269589
bs128_ep50_lr0.003_20260827_170408,3,11.694356546208665,11.46985086553237
bs128_ep50_lr0.003_20260827_170408,4,11.514316961571977,11.32243480682373
bs128_ep50_lr0.003_20260827_170408,5,11.38850534767718,11.323810919593361
bs128_ep50_lr0.003_20260827_170408,6,11.35489887160224,11.207618152394014
bs128_ep50_lr0.003_20260827_170408,7,11.28632378094905,11.16389632505529
bs128_ep50_lr0.003_20260827_170408,8,11.233753017477087,11.22525436737958
bs128_ep50_lr0.003_20260827_170408,9,11.196981231908541,11.12672737345976
bs128_ep50_lr0.003_20260827_170408,10,11.167641135486397,11.115395344004911
bs128_ep50_lr0.003_20260827_170408,11,11.154240874019829,11.095567776175105
bs128_ep50_lr0.003_20260827_170408,12,11.139307751848891,11.095535345638499
bs128_ep50_lr0.003_20260827_170408,13,11.125212305300945,11.085276541990392
bs128_ep50_lr0.003_20260827_170408,14,11.109079986005217,11.079234269086053
bs128_ep50_lr0.003_20260827_170408,15,11.094348261485228,11.068525482626523
bs128_ep50_lr0.003_20260827_170408,16,11.111022754295453,11.174602811476763
bs128_ep50_lr0.003_20260827_170408,17,11.07612367095174,11.043190322202795
bs128_ep50_lr0.003_20260827_170408,18,11.071477777249104,11.019785583720488
bs128_ep50_lr0.003_20260827_170408,19,11.064700994942639,11.040287545148065
bs128_ep50_lr0.003_20260827_170408,20,11.05779284399909,11.048121300865622
bs128_ep50_lr0.003_20260827_170408,21,11.079083647276905,11.206557245815501
bs128_ep50_lr0.003_20260827_170408,22,11.0494233756452,11.189299022450166
bs128_ep50_lr0.003_20260827_170408,23,11.03777623498762,11.056454293868121
bs128_ep50_lr0.003_20260827_170408,24,11.048321897919113,11.042350219277775
bs128_ep50_lr0.003_20260827_170408,25,11.049728106808018,11.010671839994544
bs128_ep50_lr0.003_20260827_170408,26,11.017351846437197,11.02541031556971
bs128_ep50_lr0.003_20260827_170408,27,11.056362438846278,11.008794442345115
bs128_ep50_lr0.003_20260827_170408,28,11.027277045958751,11.13880495183608
bs128_ep50_lr0.003_20260827_170408,29,11.056764905517166,11.172394387862262
bs128_ep50_lr0.003_20260827_170408,30,11.023043891868076,11.102298529007856
bs128_ep50_lr0.003_20260827_170408,31,11.031479671194747,11.050462374967687
bs128_ep50_lr0.003_20260827_170408,32,11.017905882886938,10.99926076776841
bs128_ep50_lr0.003_20260827_170408,33,11.018336803526491,11.01634490630206
bs128_ep50_lr0.003_20260827_170408,34,10.994749542829153,11.011859977946562
bs128_ep50_lr0.003_20260827_170408,35,11.016922709104177,11.128953900056727
bs128_ep50_lr0.003_20260827_170408,36,11.020995885939211,11.101165109522203
bs128_ep50_lr0.003_20260827_170408,37,10.99343877547496,11.018810002944049
bs128_ep50_lr0.003_20260827_170408,38,11.032528656560022,10.975446067136877
bs128_ep50_lr0.003_20260827_170408,39,11.020027972556449,11.187452372382669
bs128_ep50_lr0.003_20260827_170408,40,11.013727927530134,11.05966251597685
bs128_ep50_lr0.003_20260827_170408,41,11.00464259933781,11.082113664290484
bs128_ep50_lr0.003_20260827_170408,42,11.020497181931058,10.991978908987607
bs128_ep50_lr0.003_20260827_170408,43,11.006172727894139,10.9768583241631
bs128_ep50_lr0.003_20260827_170408,44,10.98416342445322,10.99472973206464
bs128_ep50_lr0.003_20260827_170408,45,11.024647675655984,10.994519991033217
bs128_ep50_lr0.003_20260827_170408,46,10.976814969165906,11.002216860827279
bs128_ep50_lr0.003_20260827_170408,47,11.000515401363373,10.977403820262236
bs128_ep50_lr0.003_20260827_170408,48,11.012802597638723,11.00343121921315
bs128_ep50_lr0.003_20260827_170408,49,10.971912000630352,10.998934487735523
bs128_ep50_lr0.003_20260827_170408,50,10.99723443791673,11.077120461183435

bs128_ep50_lr0.001_20260828_132249,1,16.514087641561353,13.919110219618853
bs128_ep50_lr0.001_20260828_132249,2,13.161203656647656,12.563957691192627
bs128_ep50_lr0.001_20260828_132249,3,12.451365838179717,12.20217502818388
bs128_ep50_lr0.001_20260828_132249,4,12.125222159398568,11.846752413581399
bs128_ep50_lr0.001_20260828_132249,5,11.926798728672233,11.689175448698157
bs128_ep50_lr0.001_20260828_132249,6,11.777112975313857,11.578771770701689
bs128_ep50_lr0.001_20260828_132249,7,11.6852238436003,11.539042355032528
bs128_ep50_lr0.001_20260828_132249,8,11.600930275143805,11.448790729747099
bs128_ep50_lr0.001_20260828_132249,9,11.507934391498566,11.372300389233757
bs128_ep50_lr0.001_20260828_132249,10,11.469827101037309,11.343909252391143
bs128_ep50_lr0.001_20260828_132249,11,11.428142703868247,11.321090698242188
bs128_ep50_lr0.001_20260828_132249,12,11.416582049550238,11.29069455651676
bs128_ep50_lr0.001_20260828_132249,13,11.338142486842903,11.25284922543694
bs128_ep50_lr0.001_20260828_132249,14,11.339591214785704,11.275743989383473
bs128_ep50_lr0.001_20260828_132249,15,11.291324713745633,11.187051268184886
bs128_ep50_lr0.001_20260828_132249,16,11.274839501123171,11.254006733613856
bs128_ep50_lr0.001_20260828_132249,17,11.233383004729813,11.19105666104485
bs128_ep50_lr0.001_20260828_132249,18,11.2324617037902,11.182003077338724
bs128_ep50_lr0.001_20260828_132249,19,11.212413262676549,11.168238331289853
bs128_ep50_lr0.001_20260828_132249,20,11.198424247471062,11.146201257144703
bs128_ep50_lr0.001_20260828_132249,21,11.203960339765292,11.11669174082139
bs128_ep50_lr0.001_20260828_132249,22,11.177810275876844,11.158414492887609
bs128_ep50_lr0.001_20260828_132249,23,11.158663026384405,11.13941806344425
bs128_ep50_lr0.001_20260828_132249,24,11.149855629817859,11.100523112801945
bs128_ep50_lr0.001_20260828_132249,25,11.14641247891091,11.110202441496007
bs128_ep50_lr0.001_20260828_132249,26,11.13425553811563,11.195907233743107
bs128_ep50_lr0.001_20260828_132249,27,11.141213149637789,11.114032829509062
bs128_ep50_lr0.001_20260828_132249,28,11.124742767295322,11.104082819994758
bs128_ep50_lr0.001_20260828_132249,29,11.102402774063316,11.071384811401368
bs128_ep50_lr0.001_20260828_132249,30,11.101653211825603,11.083624323676615
bs128_ep50_lr0.001_20260828_132249,31,11.091260273714322,11.090500859653249
bs128_ep50_lr0.001_20260828_132249,32,11.074892305039072,11.070360245424158
bs128_ep50_lr0.001_20260828_132249,33,11.08639262173627,11.04571013731115
bs128_ep50_lr0.001_20260828_132249,34,11.08377734873746,11.05269042744356
bs128_ep50_lr0.001_20260828_132249,35,11.072298542873279,11.075340848810532
bs128_ep50_lr0.001_20260828_132249,36,11.060010354261141,11.060358406515682
bs128_ep50_lr0.001_20260828_132249,37,11.057025239274308,11.09513261458453
bs128_ep50_lr0.001_20260828_132249,38,11.03884839850503,11.060044187657974
bs128_ep50_lr0.001_20260828_132249,39,11.057396535937851,11.113253722471349
bs128_ep50_lr0.001_20260828_132249,40,11.03827118551409,11.049098222395953
bs128_ep50_lr0.001_20260828_132249,41,11.055121964699513,11.062199990889605
bs128_ep50_lr0.001_20260828_132249,42,11.046891940606606,11.062369784186869
bs128_ep50_lr0.001_20260828_132249,43,11.032085953532038,11.032615869185504
bs128_ep50_lr0.001_20260828_132249,44,11.035593851192578,11.022203327627743
bs128_ep50_lr0.001_20260828_132249,45,11.042396192615097,11.01807274537928
bs128_ep50_lr0.001_20260828_132249,46,11.044010391106477,11.015858453862807
bs128_ep50_lr0.001_20260828_132249,47,11.030281097502321,11.047818806592156
bs128_ep50_lr0.001_20260828_132249,48,11.02095375673191,11.042163495456471
bs128_ep50_lr0.001_20260828_132249,49,11.036091889884021,11.044153129353242
bs128_ep50_lr0.001_20260828_132249,50,11.000018124644821,11.063914955363554

bs256_ep50_lr0.003_20260828_144824,1,15.492018197033856,12.982525926477768
bs256_ep50_lr0.003_20260828_144824,2,12.550125186507767,12.073874372594497
bs256_ep50_lr0.003_20260828_144824,3,12.008766618934837,11.720973699233111
bs256_ep50_lr0.003_20260828_144824,4,11.727352055343422,11.53969815198113
bs256_ep50_lr0.003_20260828_144824,5,11.582569853679553,11.463578257841222
bs256_ep50_lr0.003_20260828_144824,6,11.470951860015457,11.355771378909841
bs256_ep50_lr0.003_20260828_144824,7,11.381606791470501,11.325384779537425
bs256_ep50_lr0.003_20260828_144824,8,11.322725247692418,11.27801565282485
bs256_ep50_lr0.003_20260828_144824,9,11.273084911140236,11.20733673993279
bs256_ep50_lr0.003_20260828_144824,10,11.209650319975776,11.215947723388672
bs256_ep50_lr0.003_20260828_144824,11,11.202858399700474,11.162402893515194
bs256_ep50_lr0.003_20260828_144824,12,11.161354844634598,11.139463020773494
bs256_ep50_lr0.003_20260828_144824,13,11.146049222430667,11.141744041442871
bs256_ep50_lr0.003_20260828_144824,14,11.123359528747764,11.163387287364287
bs256_ep50_lr0.003_20260828_144824,15,11.095686306824556,11.141775411718031
bs256_ep50_lr0.003_20260828_144824,16,11.096584603593156,11.105291119743796
bs256_ep50_lr0.003_20260828_144824,17,11.074473265055063,11.088184435227339
bs256_ep50_lr0.003_20260828_144824,18,11.068414510907354,11.074144789751838
bs256_ep50_lr0.003_20260828_144824,19,11.066375603546968,11.066682467741124
bs256_ep50_lr0.003_20260828_144824,20,11.048039665093293,11.087009788961971
bs256_ep50_lr0.003_20260828_144824,21,11.029821289552224,11.056240036908317
bs256_ep50_lr0.003_20260828_144824,22,11.02926291646184,11.160780076419606
bs256_ep50_lr0.003_20260828_144824,23,11.040204534659514,11.081957166335162
bs256_ep50_lr0.003_20260828_144824,24,11.000777879276791,11.051800245397231
bs256_ep50_lr0.003_20260828_144824,25,11.011306205311337,11.071023380055147
bs256_ep50_lr0.003_20260828_144824,26,11.005086415522808,11.054075544020709
bs256_ep50_lr0.003_20260828_144824,27,10.991173222258285,11.052698370989631
bs256_ep50_lr0.003_20260828_144824,28,10.992970940229055,11.031728744506836
bs256_ep50_lr0.003_20260828_144824,29,10.971700839094213,11.064081001281739
bs256_ep50_lr0.003_20260828_144824,30,10.985799077394846,11.109245861277861
bs256_ep50_lr0.003_20260828_144824,31,10.97282428999205,11.058312034606933
bs256_ep50_lr0.003_20260828_144824,32,11.012345033722955,11.039597152261173
bs256_ep50_lr0.003_20260828_144824,33,10.968365511378726,11.04175277036779
bs256_ep50_lr0.003_20260828_144824,34,10.979830107173404,11.014579470017377
bs256_ep50_lr0.003_20260828_144824,35,10.972911770279342,11.065233051075655
bs256_ep50_lr0.003_20260828_144824,36,10.967794682528522,11.024091552285586
bs256_ep50_lr0.003_20260828_144824,37,10.948094574180809,11.029708716448615
bs256_ep50_lr0.003_20260828_144824,38,10.956082163630304,11.02117643917308
bs256_ep50_lr0.003_20260828_144824,39,11.003080477585664,11.045147772396312
bs256_ep50_lr0.003_20260828_144824,40,10.968474491222485,11.049660806094899
bs256_ep50_lr0.003_20260828_144824,41,10.97359436267131,11.06964589287253
bs256_ep50_lr0.003_20260828_144824,42,10.950368507488355,11.012444585912368
bs256_ep50_lr0.003_20260828_144824,43,10.940088942244246,11.004754863065832
bs256_ep50_lr0.003_20260828_144824,44,10.946119794974456,11.007137646394618
bs256_ep50_lr0.003_20260828_144824,45,10.936165207141155,11.085108543844784
bs256_ep50_lr0.003_20260828_144824,46,10.95594799196398,11.038023802813361
bs256_ep50_lr0.003_20260828_144824,47,10.95508978817914,11.014979676639333
bs256_ep50_lr0.003_20260828_144824,48,10.963317004409996,11.058854058209587
bs256_ep50_lr0.003_20260828_144824,49,10.957549987612543,11.048970256132238
bs256_ep50_lr0.003_20260828_144824,50,10.958196759223938,11.029405537773581


bs64_ep40_lr0.001_lossMSELoss_20260828_192308,1,364.68949199367216,264.68031567598865,13.1220
bs64_ep40_lr0.001_lossMSELoss_20260828_192308,2,252.60706129589596,233.15423782033554,12.1396
bs64_ep40_lr0.001_lossMSELoss_20260828_192308,3,234.40113965885058,221.94541114199478,11.8229
bs64_ep40_lr0.001_lossMSELoss_20260828_192308,4,225.7785369512197,215.46401896518944,11.6260
bs64_ep40_lr0.001_lossMSELoss_20260828_192308,5,220.42091912192268,212.39298966219292,11.5209
bs64_ep40_lr0.001_lossMSELoss_20260828_192308,6,217.67646562730943,208.64637940893482,11.4024
bs64_ep40_lr0.001_lossMSELoss_20260828_192308,7,214.0508435867928,206.65754708709267,11.3619
bs64_ep40_lr0.001_lossMSELoss_20260828_192308,8,212.29222233231002,205.76805920446165,11.3280
bs64_ep40_lr0.001_lossMSELoss_20260828_192308,9,211.21043252300572,206.55906740261742,11.3709
bs64_ep40_lr0.001_lossMSELoss_20260828_192308,10,208.9924297526076,202.7089575483384,11.2407
bs64_ep40_lr0.001_lossMSELoss_20260828_192308,11,208.44605409132467,202.24059871797365,11.2227
bs64_ep40_lr0.001_lossMSELoss_20260828_192308,12,207.77806318128432,201.45578939162172,11.1750
bs64_ep40_lr0.001_lossMSELoss_20260828_192308,13,206.54241644369588,201.2495330315424,11.1833
bs64_ep40_lr0.001_lossMSELoss_20260828_192308,14,205.46407126091623,199.8143622024221,11.1487
bs64_ep40_lr0.001_lossMSELoss_20260828_192308,15,205.00964042302724,201.4449151413279,11.1733
bs64_ep40_lr0.001_lossMSELoss_20260828_192308,16,204.78288980432458,200.21124173054653,11.1562
bs64_ep40_lr0.001_lossMSELoss_20260828_192308,17,204.0445632290196,201.4548184105077,11.2064
bs64_ep40_lr0.001_lossMSELoss_20260828_192308,18,203.6770710622942,202.63732406031065,11.2402
bs64_ep40_lr0.001_lossMSELoss_20260828_192308,19,202.9279693139566,199.65305627693468,11.1205
bs64_ep40_lr0.001_lossMSELoss_20260828_192308,20,203.1303424384143,200.31473462490206,11.1553
bs64_ep40_lr0.001_lossMSELoss_20260828_192308,21,202.7034939946355,198.25257405418913,11.0925
bs64_ep40_lr0.001_lossMSELoss_20260828_192308,22,202.5686721672883,198.68625053473278,11.1090
bs64_ep40_lr0.001_lossMSELoss_20260828_192308,23,201.75080555838508,198.71775561307385,11.0959
bs64_ep40_lr0.001_lossMSELoss_20260828_192308,24,202.49817977080474,199.33570918080378,11.1335
bs64_ep40_lr0.001_lossMSELoss_20260828_192308,25,202.02934897912516,198.8928030908635,11.1119
bs64_ep40_lr0.001_lossMSELoss_20260828_192308,26,201.7351326104757,198.4204618290814,11.0935
bs64_ep40_lr0.001_lossMSELoss_20260828_192308,27,201.00305863328882,198.1191699947931,11.0751
bs64_ep40_lr0.001_lossMSELoss_20260828_192308,28,201.12992504480724,197.40221636836858,11.0539
bs64_ep40_lr0.001_lossMSELoss_20260828_192308,29,200.3740617906725,197.4818249367683,11.0701
bs64_ep40_lr0.001_lossMSELoss_20260828_192308,30,201.17224174576836,198.1058598071073,11.0949
bs64_ep40_lr0.001_lossMSELoss_20260828_192308,31,200.93826822976808,198.09013569249515,11.0777
bs64_ep40_lr0.001_lossMSELoss_20260828_192308,32,200.07126480179863,197.7938480883573,11.0618
bs64_ep40_lr0.001_lossMSELoss_20260828_192308,33,200.08248502499347,199.50693941819634,11.1441
bs64_ep40_lr0.001_lossMSELoss_20260828_192308,34,200.49880145047163,197.90537723327458,11.0774
bs64_ep40_lr0.001_lossMSELoss_20260828_192308,35,200.05112267829276,196.79389123157063,11.0305
bs64_ep40_lr0.001_lossMSELoss_20260828_192308,36,199.54654602102332,197.25081765053898,11.0363
bs64_ep40_lr0.001_lossMSELoss_20260828_192308,37,200.79805240115604,197.05123158682764,11.0200
bs64_ep40_lr0.001_lossMSELoss_20260828_192308,38,199.83087099565043,200.58924519136593,11.1645
bs64_ep40_lr0.001_lossMSELoss_20260828_192308,39,200.255855553859,197.51468734966267,11.0482
bs64_ep40_lr0.001_lossMSELoss_20260828_192308,40,200.67416499112105,198.00066193437155,11.0723


bs64_ep30_lr0.001_classWeighted_capMultiplier10.0_20260829_123346,1,4.545596772553147,13.070223231582867
bs64_ep30_lr0.001_classWeighted_capMultiplier10.0_20260829_123346,2,3.6928107788836635,12.401186740503903
bs64_ep30_lr0.001_classWeighted_capMultiplier10.0_20260829_123346,3,3.5483889420692987,11.966934029683252
bs64_ep30_lr0.001_classWeighted_capMultiplier10.0_20260829_123346,4,3.4751169607043266,11.795615851703294
bs64_ep30_lr0.001_classWeighted_capMultiplier10.0_20260829_123346,5,3.432249037699925,11.86508571996098
bs64_ep30_lr0.001_classWeighted_capMultiplier10.0_20260829_123346,6,3.3951492700222374,11.682253021757862
bs64_ep30_lr0.001_classWeighted_capMultiplier10.0_20260829_123346,7,3.3711568348713823,11.844705758896549
bs64_ep30_lr0.001_classWeighted_capMultiplier10.0_20260829_123346,8,3.3481813698402934,11.570556176447235
bs64_ep30_lr0.001_classWeighted_capMultiplier10.0_20260829_123346,9,3.3299423504520105,11.472191312671763
bs64_ep30_lr0.001_classWeighted_capMultiplier10.0_20260829_123346,10,3.3122775992630302,11.48975757160018
bs64_ep30_lr0.001_classWeighted_capMultiplier10.0_20260829_123346,11,3.307333655051283,11.445301337228061
bs64_ep30_lr0.001_classWeighted_capMultiplier10.0_20260829_123346,12,3.3065555301066993,11.387425093524223
bs64_ep30_lr0.001_classWeighted_capMultiplier10.0_20260829_123346,13,3.2917430805596144,11.4695198908668
bs64_ep30_lr0.001_classWeighted_capMultiplier10.0_20260829_123346,14,3.284586694192242,11.37982536979833
bs64_ep30_lr0.001_classWeighted_capMultiplier10.0_20260829_123346,15,3.280651299937351,11.3462485957638
bs64_ep30_lr0.001_classWeighted_capMultiplier10.0_20260829_123346,16,3.2671777551641337,11.394959055920266
bs64_ep30_lr0.001_classWeighted_capMultiplier10.0_20260829_123346,17,3.2658953211597495,11.441129248402463
bs64_ep30_lr0.001_classWeighted_capMultiplier10.0_20260829_123346,18,3.26578252903513,11.463358175789713
bs64_ep30_lr0.001_classWeighted_capMultiplier10.0_20260829_123346,19,3.255043794174452,11.357120778356682
bs64_ep30_lr0.001_classWeighted_capMultiplier10.0_20260829_123346,20,3.2556144107837937,11.356318940806881
bs64_ep30_lr0.001_classWeighted_capMultiplier10.0_20260829_123346,21,3.252615498429215,11.360034256206502
bs64_ep30_lr0.001_classWeighted_capMultiplier10.0_20260829_123346,22,3.2456249268473805,11.34834522764943
bs64_ep30_lr0.001_classWeighted_capMultiplier10.0_20260829_123346,23,3.2406508825920723,11.317313861002964
bs64_ep30_lr0.001_classWeighted_capMultiplier10.0_20260829_123346,24,3.2419948700714754,11.277503640954121
bs64_ep30_lr0.001_classWeighted_capMultiplier10.0_20260829_123346,25,3.23718580130387,11.40435138072236
bs64_ep30_lr0.001_classWeighted_capMultiplier10.0_20260829_123346,26,3.231745550257934,11.429669233901663
bs64_ep30_lr0.001_classWeighted_capMultiplier10.0_20260829_123346,27,3.227688989224466,11.273690440310137
bs64_ep30_lr0.001_classWeighted_capMultiplier10.0_20260829_123346,28,3.2262801972998156,11.47052908928345
bs64_ep30_lr0.001_classWeighted_capMultiplier10.0_20260829_123346,29,3.2335264188413686,11.386069083987437
bs64_ep30_lr0.001_classWeighted_capMultiplier10.0_20260829_123346,30,3.219417742378003,11.337788981322342

bs64_ep30_lr0.001_classWeightedHybrid_capMultiplier10.0_bucketThreshold85_bucketSize10_20260829_133152,1,9.678591023425799,12.948863811549185
bs64_ep30_lr0.001_classWeightedHybrid_capMultiplier10.0_bucketThreshold85_bucketSize10_20260829_133152,2,7.928445434650859,12.17649318334979
bs64_ep30_lr0.001_classWeightedHybrid_capMultiplier10.0_bucketThreshold85_bucketSize10_20260829_133152,3,7.625881100023115,11.909113796763013
bs64_ep30_lr0.001_classWeightedHybrid_capMultiplier10.0_bucketThreshold85_bucketSize10_20260829_133152,4,7.458923721635664,11.70310604748121
bs64_ep30_lr0.001_classWeightedHybrid_capMultiplier10.0_bucketThreshold85_bucketSize10_20260829_133152,5,7.3706947871156645,11.593564207926612
bs64_ep30_lr0.001_classWeightedHybrid_capMultiplier10.0_bucketThreshold85_bucketSize10_20260829_133152,6,7.299854829907417,11.536107620306774
bs64_ep30_lr0.001_classWeightedHybrid_capMultiplier10.0_bucketThreshold85_bucketSize10_20260829_133152,7,7.246269451605307,11.450049977035297
bs64_ep30_lr0.001_classWeightedHybrid_capMultiplier10.0_bucketThreshold85_bucketSize10_20260829_133152,8,7.203598268934198,11.425040135341408
bs64_ep30_lr0.001_classWeightedHybrid_capMultiplier10.0_bucketThreshold85_bucketSize10_20260829_133152,9,7.179256210456023,11.35129787084979
bs64_ep30_lr0.001_classWeightedHybrid_capMultiplier10.0_bucketThreshold85_bucketSize10_20260829_133152,10,7.142290466943303,11.344830572077658
bs64_ep30_lr0.001_classWeightedHybrid_capMultiplier10.0_bucketThreshold85_bucketSize10_20260829_133152,11,7.1271966953535335,11.367555376351055
bs64_ep30_lr0.001_classWeightedHybrid_capMultiplier10.0_bucketThreshold85_bucketSize10_20260829_133152,12,7.114346296400638,11.30493128334878
bs64_ep30_lr0.001_classWeightedHybrid_capMultiplier10.0_bucketThreshold85_bucketSize10_20260829_133152,13,7.073238676061502,11.258711418219372
bs64_ep30_lr0.001_classWeightedHybrid_capMultiplier10.0_bucketThreshold85_bucketSize10_20260829_133152,14,7.070107950149356,11.313840432856287
bs64_ep30_lr0.001_classWeightedHybrid_capMultiplier10.0_bucketThreshold85_bucketSize10_20260829_133152,15,7.059361798537744,11.267997466005758
bs64_ep30_lr0.001_classWeightedHybrid_capMultiplier10.0_bucketThreshold85_bucketSize10_20260829_133152,16,7.03668953840797,11.447054820778096
bs64_ep30_lr0.001_classWeightedHybrid_capMultiplier10.0_bucketThreshold85_bucketSize10_20260829_133152,17,7.02953235845308,11.246022660472049
bs64_ep30_lr0.001_classWeightedHybrid_capMultiplier10.0_bucketThreshold85_bucketSize10_20260829_133152,18,7.021189681984283,11.261764773928663
bs64_ep30_lr0.001_classWeightedHybrid_capMultiplier10.0_bucketThreshold85_bucketSize10_20260829_133152,19,7.014568456121393,11.197370467284436
bs64_ep30_lr0.001_classWeightedHybrid_capMultiplier10.0_bucketThreshold85_bucketSize10_20260829_133152,20,7.006606752405295,11.226967791892083
bs64_ep30_lr0.001_classWeightedHybrid_capMultiplier10.0_bucketThreshold85_bucketSize10_20260829_133152,21,6.984339402736844,11.202704190504585
bs64_ep30_lr0.001_classWeightedHybrid_capMultiplier10.0_bucketThreshold85_bucketSize10_20260829_133152,22,6.983587399125099,11.19205316470436
bs64_ep30_lr0.001_classWeightedHybrid_capMultiplier10.0_bucketThreshold85_bucketSize10_20260829_133152,23,6.99514425807708,11.214891653145308
bs64_ep30_lr0.001_classWeightedHybrid_capMultiplier10.0_bucketThreshold85_bucketSize10_20260829_133152,24,6.985326647758484,11.367967138599857
bs64_ep30_lr0.001_classWeightedHybrid_capMultiplier10.0_bucketThreshold85_bucketSize10_20260829_133152,25,6.983011050804241,11.172755151371689
bs64_ep30_lr0.001_classWeightedHybrid_capMultiplier10.0_bucketThreshold85_bucketSize10_20260829_133152,26,6.959295224901792,11.193887268899113
bs64_ep30_lr0.001_classWeightedHybrid_capMultiplier10.0_bucketThreshold85_bucketSize10_20260829_133152,27,6.971389961403769,11.255722265327925
bs64_ep30_lr0.001_classWeightedHybrid_capMultiplier10.0_bucketThreshold85_bucketSize10_20260829_133152,28,6.96248829888331,11.347458974450035
bs64_ep30_lr0.001_classWeightedHybrid_capMultiplier10.0_bucketThreshold85_bucketSize10_20260829_133152,29,6.960064903707118,11.310213235275583
bs64_ep30_lr0.001_classWeightedHybrid_capMultiplier10.0_bucketThreshold85_bucketSize10_20260829_133152,30,6.968438608018127,11.141323545337778

bs64_ep40_lr0.003_classWeightedHybrid_capMultiplier10.0_bucketThreshold85_bucketSize10_20260829_170418,1,8.469661570078618,11.93612537834145
bs64_ep40_lr0.003_classWeightedHybrid_capMultiplier10.0_bucketThreshold85_bucketSize10_20260829_170418,2,7.44110434039219,11.585709147045394
bs64_ep40_lr0.003_classWeightedHybrid_capMultiplier10.0_bucketThreshold85_bucketSize10_20260829_170418,3,7.28268471199113,11.442647475408593
bs64_ep40_lr0.003_classWeightedHybrid_capMultiplier10.0_bucketThreshold85_bucketSize10_20260829_170418,4,7.189941083659997,11.295122661421784
bs64_ep40_lr0.003_classWeightedHybrid_capMultiplier10.0_bucketThreshold85_bucketSize10_20260829_170418,5,7.147014860365842,11.372457988142616
bs64_ep40_lr0.003_classWeightedHybrid_capMultiplier10.0_bucketThreshold85_bucketSize10_20260829_170418,6,7.101545558185191,11.270925617499337
bs64_ep40_lr0.003_classWeightedHybrid_capMultiplier10.0_bucketThreshold85_bucketSize10_20260829_170418,7,7.07047750257157,11.261542044558004
bs64_ep40_lr0.003_classWeightedHybrid_capMultiplier10.0_bucketThreshold85_bucketSize10_20260829_170418,8,7.0415923184639695,11.194660614373761
bs64_ep40_lr0.003_classWeightedHybrid_capMultiplier10.0_bucketThreshold85_bucketSize10_20260829_170418,9,7.033138688351657,11.554927451772324
bs64_ep40_lr0.003_classWeightedHybrid_capMultiplier10.0_bucketThreshold85_bucketSize10_20260829_170418,10,7.0116646692559526,11.21513782489968
bs64_ep40_lr0.003_classWeightedHybrid_capMultiplier10.0_bucketThreshold85_bucketSize10_20260829_170418,11,7.004897855020858,11.35471301796162
bs64_ep40_lr0.003_classWeightedHybrid_capMultiplier10.0_bucketThreshold85_bucketSize10_20260829_170418,12,6.991216715525937,11.310846545351641
bs64_ep40_lr0.003_classWeightedHybrid_capMultiplier10.0_bucketThreshold85_bucketSize10_20260829_170418,13,6.997225591862524,11.292039874029019
bs64_ep40_lr0.003_classWeightedHybrid_capMultiplier10.0_bucketThreshold85_bucketSize10_20260829_170418,14,6.993526292411056,11.283347273294904
bs64_ep40_lr0.003_classWeightedHybrid_capMultiplier10.0_bucketThreshold85_bucketSize10_20260829_170418,15,6.975980541593319,12.042344352137023
bs64_ep40_lr0.003_classWeightedHybrid_capMultiplier10.0_bucketThreshold85_bucketSize10_20260829_170418,16,6.961412548213391,11.254838963173835
bs64_ep40_lr0.003_classWeightedHybrid_capMultiplier10.0_bucketThreshold85_bucketSize10_20260829_170418,17,6.9543602369927076,11.150523644281348
bs64_ep40_lr0.003_classWeightedHybrid_capMultiplier10.0_bucketThreshold85_bucketSize10_20260829_170418,18,6.969406951520894,11.178083491536368
bs64_ep40_lr0.003_classWeightedHybrid_capMultiplier10.0_bucketThreshold85_bucketSize10_20260829_170418,19,6.944372523878072,11.226673255627837
bs64_ep40_lr0.003_classWeightedHybrid_capMultiplier10.0_bucketThreshold85_bucketSize10_20260829_170418,20,6.953084636781667,11.28445904937114
bs64_ep40_lr0.003_classWeightedHybrid_capMultiplier10.0_bucketThreshold85_bucketSize10_20260829_170418,21,6.944447199235091,11.144211493410543
bs64_ep40_lr0.003_classWeightedHybrid_capMultiplier10.0_bucketThreshold85_bucketSize10_20260829_170418,22,6.954755618765548,11.155876539449777
bs64_ep40_lr0.003_classWeightedHybrid_capMultiplier10.0_bucketThreshold85_bucketSize10_20260829_170418,23,6.949604727126457,11.261151384111702
bs64_ep40_lr0.003_classWeightedHybrid_capMultiplier10.0_bucketThreshold85_bucketSize10_20260829_170418,24,6.937483174575342,11.303212714406241
bs64_ep40_lr0.003_classWeightedHybrid_capMultiplier10.0_bucketThreshold85_bucketSize10_20260829_170418,25,6.955169537985647,11.153869361652385
bs64_ep40_lr0.003_classWeightedHybrid_capMultiplier10.0_bucketThreshold85_bucketSize10_20260829_170418,26,6.962245999961286,11.317918096671766
bs64_ep40_lr0.003_classWeightedHybrid_capMultiplier10.0_bucketThreshold85_bucketSize10_20260829_170418,27,6.95043169968837,11.145852592490767
bs64_ep40_lr0.003_classWeightedHybrid_capMultiplier10.0_bucketThreshold85_bucketSize10_20260829_170418,28,6.96072739886271,11.13625218382979
bs64_ep40_lr0.003_classWeightedHybrid_capMultiplier10.0_bucketThreshold85_bucketSize10_20260829_170418,29,6.94980294358086,11.159234356387879
bs64_ep40_lr0.003_classWeightedHybrid_capMultiplier10.0_bucketThreshold85_bucketSize10_20260829_170418,30,6.950599455752888,11.297349597852138
bs64_ep40_lr0.003_classWeightedHybrid_capMultiplier10.0_bucketThreshold85_bucketSize10_20260829_170418,31,6.952715345733875,11.475791253171488
bs64_ep40_lr0.003_classWeightedHybrid_capMultiplier10.0_bucketThreshold85_bucketSize10_20260829_170418,32,6.914121813468031,11.175201922391368
bs64_ep40_lr0.003_classWeightedHybrid_capMultiplier10.0_bucketThreshold85_bucketSize10_20260829_170418,33,6.927398096467997,11.230644496141283
bs64_ep40_lr0.003_classWeightedHybrid_capMultiplier10.0_bucketThreshold85_bucketSize10_20260829_170418,34,6.958889119528435,11.111768941963668
bs64_ep40_lr0.003_classWeightedHybrid_capMultiplier10.0_bucketThreshold85_bucketSize10_20260829_170418,35,6.934703480955717,11.478614244489192
bs64_ep40_lr0.003_classWeightedHybrid_capMultiplier10.0_bucketThreshold85_bucketSize10_20260829_170418,36,6.932965382128148,11.143879853870313
bs64_ep40_lr0.003_classWeightedHybrid_capMultiplier10.0_bucketThreshold85_bucketSize10_20260829_170418,37,6.909370862148903,11.138288503551202
bs64_ep40_lr0.003_classWeightedHybrid_capMultiplier10.0_bucketThreshold85_bucketSize10_20260829_170418,38,6.9364285843597875,11.248794855269711
bs64_ep40_lr0.003_classWeightedHybrid_capMultiplier10.0_bucketThreshold85_bucketSize10_20260829_170418,39,6.921665573845038,11.258162881069127
bs64_ep40_lr0.003_classWeightedHybrid_capMultiplier10.0_bucketThreshold85_bucketSize10_20260829_170418,40,6.923919268153809,11.28214320461307

bs64_ep40_lr0.003_classWeightedHybrid_capMultiplier10.0_bucketThreshold65_bucketSize10_20260830_110906,1,7.41161937004811,11.848272211080456
bs64_ep40_lr0.003_classWeightedHybrid_capMultiplier10.0_bucketThreshold65_bucketSize10_20260830_110906,2,6.594077602834315,11.502960089736984
bs64_ep40_lr0.003_classWeightedHybrid_capMultiplier10.0_bucketThreshold65_bucketSize10_20260830_110906,3,6.435863683755334,11.399841952816223
bs64_ep40_lr0.003_classWeightedHybrid_capMultiplier10.0_bucketThreshold65_bucketSize10_20260830_110906,4,6.386293251369451,11.57718963397991
bs64_ep40_lr0.003_classWeightedHybrid_capMultiplier10.0_bucketThreshold65_bucketSize10_20260830_110906,5,6.331574526187536,11.22593609632644
bs64_ep40_lr0.003_classWeightedHybrid_capMultiplier10.0_bucketThreshold65_bucketSize10_20260830_110906,6,6.2971918002979175,11.514144779306598
bs64_ep40_lr0.003_classWeightedHybrid_capMultiplier10.0_bucketThreshold65_bucketSize10_20260830_110906,7,6.295225844189927,11.252373385921691
bs64_ep40_lr0.003_classWeightedHybrid_capMultiplier10.0_bucketThreshold65_bucketSize10_20260830_110906,8,6.26909340112596,11.17286948820131
bs64_ep40_lr0.003_classWeightedHybrid_capMultiplier10.0_bucketThreshold65_bucketSize10_20260830_110906,9,6.267019776476396,11.124256800761264
bs64_ep40_lr0.003_classWeightedHybrid_capMultiplier10.0_bucketThreshold65_bucketSize10_20260830_110906,10,6.241051858744106,11.111016642027549
bs64_ep40_lr0.003_classWeightedHybrid_capMultiplier10.0_bucketThreshold65_bucketSize10_20260830_110906,11,6.241537973687455,11.157392403369105
bs64_ep40_lr0.003_classWeightedHybrid_capMultiplier10.0_bucketThreshold65_bucketSize10_20260830_110906,12,6.237816734491168,11.178894071100736
bs64_ep40_lr0.003_classWeightedHybrid_capMultiplier10.0_bucketThreshold65_bucketSize10_20260830_110906,13,6.229321063773052,11.094871589919459
bs64_ep40_lr0.003_classWeightedHybrid_capMultiplier10.0_bucketThreshold65_bucketSize10_20260830_110906,14,6.215231204757819,11.050102312656279
bs64_ep40_lr0.003_classWeightedHybrid_capMultiplier10.0_bucketThreshold65_bucketSize10_20260830_110906,15,6.203805221496402,11.043966041553688
bs64_ep40_lr0.003_classWeightedHybrid_capMultiplier10.0_bucketThreshold65_bucketSize10_20260830_110906,16,6.2063194859672235,11.182524529178586
bs64_ep40_lr0.003_classWeightedHybrid_capMultiplier10.0_bucketThreshold65_bucketSize10_20260830_110906,17,6.1973472894043535,11.068445875229736
bs64_ep40_lr0.003_classWeightedHybrid_capMultiplier10.0_bucketThreshold65_bucketSize10_20260830_110906,18,6.196117070075628,11.111724622833343
bs64_ep40_lr0.003_classWeightedHybrid_capMultiplier10.0_bucketThreshold65_bucketSize10_20260830_110906,19,6.197880190771979,11.052024981968522
bs64_ep40_lr0.003_classWeightedHybrid_capMultiplier10.0_bucketThreshold65_bucketSize10_20260830_110906,20,6.187699396465276,11.09688446303736
bs64_ep40_lr0.003_classWeightedHybrid_capMultiplier10.0_bucketThreshold65_bucketSize10_20260830_110906,21,6.193744105664459,11.163427510444393
bs64_ep40_lr0.003_classWeightedHybrid_capMultiplier10.0_bucketThreshold65_bucketSize10_20260830_110906,22,6.216480816135535,11.08575471242269
bs64_ep40_lr0.003_classWeightedHybrid_capMultiplier10.0_bucketThreshold65_bucketSize10_20260830_110906,23,6.200029570508647,11.073414678770533
bs64_ep40_lr0.003_classWeightedHybrid_capMultiplier10.0_bucketThreshold65_bucketSize10_20260830_110906,24,6.176804529251279,11.048004487974454
bs64_ep40_lr0.003_classWeightedHybrid_capMultiplier10.0_bucketThreshold65_bucketSize10_20260830_110906,25,6.198285773396492,11.126833783490117
bs64_ep40_lr0.003_classWeightedHybrid_capMultiplier10.0_bucketThreshold65_bucketSize10_20260830_110906,26,6.187839321590759,11.03445342719379
bs64_ep40_lr0.003_classWeightedHybrid_capMultiplier10.0_bucketThreshold65_bucketSize10_20260830_110906,27,6.1843500217875915,11.044537752427182
bs64_ep40_lr0.003_classWeightedHybrid_capMultiplier10.0_bucketThreshold65_bucketSize10_20260830_110906,28,6.182669945262574,11.041193310841699
bs64_ep40_lr0.003_classWeightedHybrid_capMultiplier10.0_bucketThreshold65_bucketSize10_20260830_110906,29,6.181454157909831,11.03237992964663
bs64_ep40_lr0.003_classWeightedHybrid_capMultiplier10.0_bucketThreshold65_bucketSize10_20260830_110906,30,6.194721194537911,11.027957432389611
bs64_ep40_lr0.003_classWeightedHybrid_capMultiplier10.0_bucketThreshold65_bucketSize10_20260830_110906,31,6.179401619208826,11.150425140133297
bs64_ep40_lr0.003_classWeightedHybrid_capMultiplier10.0_bucketThreshold65_bucketSize10_20260830_110906,32,6.172610142746487,11.070522645933439
bs64_ep40_lr0.003_classWeightedHybrid_capMultiplier10.0_bucketThreshold65_bucketSize10_20260830_110906,33,6.177683062650062,11.247691387975461
bs64_ep40_lr0.003_classWeightedHybrid_capMultiplier10.0_bucketThreshold65_bucketSize10_20260830_110906,34,6.178164163151303,11.04224859648398
bs64_ep40_lr0.003_classWeightedHybrid_capMultiplier10.0_bucketThreshold65_bucketSize10_20260830_110906,35,6.1700270260508,11.202304429360899
bs64_ep40_lr0.003_classWeightedHybrid_capMultiplier10.0_bucketThreshold65_bucketSize10_20260830_110906,36,6.1756635968749585,11.066074174413991
bs64_ep40_lr0.003_classWeightedHybrid_capMultiplier10.0_bucketThreshold65_bucketSize10_20260830_110906,37,6.172925786794843,11.152618138136061
bs64_ep40_lr0.003_classWeightedHybrid_capMultiplier10.0_bucketThreshold65_bucketSize10_20260830_110906,38,6.165419953497681,11.060152101657383
bs64_ep40_lr0.003_classWeightedHybrid_capMultiplier10.0_bucketThreshold65_bucketSize10_20260830_110906,39,6.182486574392061,11.137500712301879
bs64_ep40_lr0.003_classWeightedHybrid_capMultiplier10.0_bucketThreshold65_bucketSize10_20260830_110906,40,6.17965504728459,11.1265346532726

bs64_ep40_lr0.003_classWeightedHybrid_capMultiplier10.0_bucketThreshold85_bucketSize20_20260830_122004,1,9.768463587036004,11.998022304523658
bs64_ep40_lr0.003_classWeightedHybrid_capMultiplier10.0_bucketThreshold85_bucketSize20_20260830_122004,2,8.57104891055339,11.499188288123207
bs64_ep40_lr0.003_classWeightedHybrid_capMultiplier10.0_bucketThreshold85_bucketSize20_20260830_122004,3,8.391497048171791,11.375409185358908
bs64_ep40_lr0.003_classWeightedHybrid_capMultiplier10.0_bucketThreshold85_bucketSize20_20260830_122004,4,8.282086913650101,11.754572986501508
bs64_ep40_lr0.003_classWeightedHybrid_capMultiplier10.0_bucketThreshold85_bucketSize20_20260830_122004,5,8.219346694446898,11.232229606943497
bs64_ep40_lr0.003_classWeightedHybrid_capMultiplier10.0_bucketThreshold85_bucketSize20_20260830_122004,6,8.171795683132636,11.744217172133185
bs64_ep40_lr0.003_classWeightedHybrid_capMultiplier10.0_bucketThreshold85_bucketSize20_20260830_122004,7,8.126419735518661,11.224761000776713
bs64_ep40_lr0.003_classWeightedHybrid_capMultiplier10.0_bucketThreshold85_bucketSize20_20260830_122004,8,8.10753165628459,11.17761755130284
bs64_ep40_lr0.003_classWeightedHybrid_capMultiplier10.0_bucketThreshold85_bucketSize20_20260830_122004,9,8.103635128688168,11.191979346373792
bs64_ep40_lr0.003_classWeightedHybrid_capMultiplier10.0_bucketThreshold85_bucketSize20_20260830_122004,10,8.070257353218826,11.392593240315936
bs64_ep40_lr0.003_classWeightedHybrid_capMultiplier10.0_bucketThreshold85_bucketSize20_20260830_122004,11,8.080647523741465,11.363086703252652
bs64_ep40_lr0.003_classWeightedHybrid_capMultiplier10.0_bucketThreshold85_bucketSize20_20260830_122004,12,8.049362588170412,11.214059964745445
bs64_ep40_lr0.003_classWeightedHybrid_capMultiplier10.0_bucketThreshold85_bucketSize20_20260830_122004,13,8.046772991483277,11.206531521845005
bs64_ep40_lr0.003_classWeightedHybrid_capMultiplier10.0_bucketThreshold85_bucketSize20_20260830_122004,14,8.033482749317143,11.237640909740707
bs64_ep40_lr0.003_classWeightedHybrid_capMultiplier10.0_bucketThreshold85_bucketSize20_20260830_122004,15,8.051978472519565,11.116444978742122
bs64_ep40_lr0.003_classWeightedHybrid_capMultiplier10.0_bucketThreshold85_bucketSize20_20260830_122004,16,8.010591733294564,11.138377791660725
bs64_ep40_lr0.003_classWeightedHybrid_capMultiplier10.0_bucketThreshold85_bucketSize20_20260830_122004,17,8.031870885877996,11.216384451649533
bs64_ep40_lr0.003_classWeightedHybrid_capMultiplier10.0_bucketThreshold85_bucketSize20_20260830_122004,18,8.0238554848207,11.235108659682373
bs64_ep40_lr0.003_classWeightedHybrid_capMultiplier10.0_bucketThreshold85_bucketSize20_20260830_122004,19,8.013356573275617,11.291216265135459
bs64_ep40_lr0.003_classWeightedHybrid_capMultiplier10.0_bucketThreshold85_bucketSize20_20260830_122004,20,8.006495694453651,11.133496883696159
bs64_ep40_lr0.003_classWeightedHybrid_capMultiplier10.0_bucketThreshold85_bucketSize20_20260830_122004,21,7.991165312963563,11.1406675946396
bs64_ep40_lr0.003_classWeightedHybrid_capMultiplier10.0_bucketThreshold85_bucketSize20_20260830_122004,22,8.002930639966115,11.300671433980487
bs64_ep40_lr0.003_classWeightedHybrid_capMultiplier10.0_bucketThreshold85_bucketSize20_20260830_122004,23,7.988675973705344,11.391539978770028
bs64_ep40_lr0.003_classWeightedHybrid_capMultiplier10.0_bucketThreshold85_bucketSize20_20260830_122004,24,8.02354793089467,11.211448334662963
bs64_ep40_lr0.003_classWeightedHybrid_capMultiplier10.0_bucketThreshold85_bucketSize20_20260830_122004,25,8.001126326419211,11.126877705959444
bs64_ep40_lr0.003_classWeightedHybrid_capMultiplier10.0_bucketThreshold85_bucketSize20_20260830_122004,26,7.990645863317154,11.126170796982306
bs64_ep40_lr0.003_classWeightedHybrid_capMultiplier10.0_bucketThreshold85_bucketSize20_20260830_122004,27,8.005518050209895,11.277599008385762
bs64_ep40_lr0.003_classWeightedHybrid_capMultiplier10.0_bucketThreshold85_bucketSize20_20260830_122004,28,8.002700397694433,11.301793984607258
bs64_ep40_lr0.003_classWeightedHybrid_capMultiplier10.0_bucketThreshold85_bucketSize20_20260830_122004,29,7.964827400204298,11.149869622030792
bs64_ep40_lr0.003_classWeightedHybrid_capMultiplier10.0_bucketThreshold85_bucketSize20_20260830_122004,30,7.990981786234959,11.124732169429812
bs64_ep40_lr0.003_classWeightedHybrid_capMultiplier10.0_bucketThreshold85_bucketSize20_20260830_122004,31,7.971830665662482,11.117766066638417
bs64_ep40_lr0.003_classWeightedHybrid_capMultiplier10.0_bucketThreshold85_bucketSize20_20260830_122004,32,7.998811120922501,11.192566337135338
bs64_ep40_lr0.003_classWeightedHybrid_capMultiplier10.0_bucketThreshold85_bucketSize20_20260830_122004,33,7.976765359978418,11.382548070586887
bs64_ep40_lr0.003_classWeightedHybrid_capMultiplier10.0_bucketThreshold85_bucketSize20_20260830_122004,34,7.984182169308534,11.141941140886605
bs64_ep40_lr0.003_classWeightedHybrid_capMultiplier10.0_bucketThreshold85_bucketSize20_20260830_122004,35,7.986264007317053,11.168191206490397
bs64_ep40_lr0.003_classWeightedHybrid_capMultiplier10.0_bucketThreshold85_bucketSize20_20260830_122004,36,7.981298635134825,12.094179724521693
bs64_ep40_lr0.003_classWeightedHybrid_capMultiplier10.0_bucketThreshold85_bucketSize20_20260830_122004,37,8.008361598929843,11.153119455748252
bs64_ep40_lr0.003_classWeightedHybrid_capMultiplier10.0_bucketThreshold85_bucketSize20_20260830_122004,38,7.984004338045378,11.15789789014158
bs64_ep40_lr0.003_classWeightedHybrid_capMultiplier10.0_bucketThreshold85_bucketSize20_20260830_122004,39,7.973221256926253,11.188197563531476
bs64_ep40_lr0.003_classWeightedHybrid_capMultiplier10.0_bucketThreshold85_bucketSize20_20260830_122004,40,7.988021697949719,11.157722065230738

bs64_ep40_lr0.003_classWeightedHybrid_capMultiplier20.0_bucketThreshold85_bucketSize10_20260902_212713,1,8.466372448044854,12.031071437846947
bs64_ep40_lr0.003_classWeightedHybrid_capMultiplier20.0_bucketThreshold85_bucketSize10_20260902_212713,2,7.433660864427283,11.854885067559977
bs64_ep40_lr0.003_classWeightedHybrid_capMultiplier20.0_bucketThreshold85_bucketSize10_20260902_212713,3,7.274459309674598,11.466525662965127
bs64_ep40_lr0.003_classWeightedHybrid_capMultiplier20.0_bucketThreshold85_bucketSize10_20260902_212713,4,7.173436151968466,11.401538871382542
bs64_ep40_lr0.003_classWeightedHybrid_capMultiplier20.0_bucketThreshold85_bucketSize10_20260902_212713,5,7.126572222725765,11.268998840917176
bs64_ep40_lr0.003_classWeightedHybrid_capMultiplier20.0_bucketThreshold85_bucketSize10_20260902_212713,6,7.091537713199048,11.20944635003014
bs64_ep40_lr0.003_classWeightedHybrid_capMultiplier20.0_bucketThreshold85_bucketSize10_20260902_212713,7,7.047732898512402,11.331049162378001
bs64_ep40_lr0.003_classWeightedHybrid_capMultiplier20.0_bucketThreshold85_bucketSize10_20260902_212713,8,7.041351801640278,11.22871957627018
bs64_ep40_lr0.003_classWeightedHybrid_capMultiplier20.0_bucketThreshold85_bucketSize10_20260902_212713,9,7.01127480252369,11.36357487197471
bs64_ep40_lr0.003_classWeightedHybrid_capMultiplier20.0_bucketThreshold85_bucketSize10_20260902_212713,10,7.009799240811451,11.139344038161557
bs64_ep40_lr0.003_classWeightedHybrid_capMultiplier20.0_bucketThreshold85_bucketSize10_20260902_212713,11,6.986436499534427,11.14224679772481
bs64_ep40_lr0.003_classWeightedHybrid_capMultiplier20.0_bucketThreshold85_bucketSize10_20260902_212713,12,7.006694546825177,11.173289594397081
bs64_ep40_lr0.003_classWeightedHybrid_capMultiplier20.0_bucketThreshold85_bucketSize10_20260902_212713,13,7.000865518241315,11.721309636546447
bs64_ep40_lr0.003_classWeightedHybrid_capMultiplier20.0_bucketThreshold85_bucketSize10_20260902_212713,14,6.990027528356862,11.171033659515832
bs64_ep40_lr0.003_classWeightedHybrid_capMultiplier20.0_bucketThreshold85_bucketSize10_20260902_212713,15,6.9657158545545625,11.27743125172843
bs64_ep40_lr0.003_classWeightedHybrid_capMultiplier20.0_bucketThreshold85_bucketSize10_20260902_212713,16,6.964412683167973,11.117502814548908
bs64_ep40_lr0.003_classWeightedHybrid_capMultiplier20.0_bucketThreshold85_bucketSize10_20260902_212713,17,6.979822876485619,11.304007012583865
bs64_ep40_lr0.003_classWeightedHybrid_capMultiplier20.0_bucketThreshold85_bucketSize10_20260902_212713,18,6.9428613544315905,11.128856748957901
bs64_ep40_lr0.003_classWeightedHybrid_capMultiplier20.0_bucketThreshold85_bucketSize10_20260902_212713,19,6.959562749073312,11.334424927523003
bs64_ep40_lr0.003_classWeightedHybrid_capMultiplier20.0_bucketThreshold85_bucketSize10_20260902_212713,20,6.9581644386053085,11.13003179949645
bs64_ep40_lr0.003_classWeightedHybrid_capMultiplier20.0_bucketThreshold85_bucketSize10_20260902_212713,21,6.945972372953956,11.190498636183838
bs64_ep40_lr0.003_classWeightedHybrid_capMultiplier20.0_bucketThreshold85_bucketSize10_20260902_212713,22,6.951405074145343,11.172127391736415
bs64_ep40_lr0.003_classWeightedHybrid_capMultiplier20.0_bucketThreshold85_bucketSize10_20260902_212713,23,6.946626411499204,11.215454923016484
bs64_ep40_lr0.003_classWeightedHybrid_capMultiplier20.0_bucketThreshold85_bucketSize10_20260902_212713,24,6.937170557073645,11.218961572225115
bs64_ep40_lr0.003_classWeightedHybrid_capMultiplier20.0_bucketThreshold85_bucketSize10_20260902_212713,25,6.951226061260378,11.308939261422397
bs64_ep40_lr0.003_classWeightedHybrid_capMultiplier20.0_bucketThreshold85_bucketSize10_20260902_212713,26,6.953054263785079,11.158045779990587
bs64_ep40_lr0.003_classWeightedHybrid_capMultiplier20.0_bucketThreshold85_bucketSize10_20260902_212713,27,6.959253424325505,11.689007674698281
bs64_ep40_lr0.003_classWeightedHybrid_capMultiplier20.0_bucketThreshold85_bucketSize10_20260902_212713,28,6.932370964739774,11.386534297009133
bs64_ep40_lr0.003_classWeightedHybrid_capMultiplier20.0_bucketThreshold85_bucketSize10_20260902_212713,29,6.92551247413094,11.257673288868592
bs64_ep40_lr0.003_classWeightedHybrid_capMultiplier20.0_bucketThreshold85_bucketSize10_20260902_212713,30,6.935534847346512,11.145429912218303
bs64_ep40_lr0.003_classWeightedHybrid_capMultiplier20.0_bucketThreshold85_bucketSize10_20260902_212713,31,6.940838417894131,11.164681012651561
bs64_ep40_lr0.003_classWeightedHybrid_capMultiplier20.0_bucketThreshold85_bucketSize10_20260902_212713,32,6.929075318816546,11.152572038251039
bs64_ep40_lr0.003_classWeightedHybrid_capMultiplier20.0_bucketThreshold85_bucketSize10_20260902_212713,33,6.943247641663294,11.132567270667153
bs64_ep40_lr0.003_classWeightedHybrid_capMultiplier20.0_bucketThreshold85_bucketSize10_20260902_212713,34,6.9394160646039085,11.17156436239372
bs64_ep40_lr0.003_classWeightedHybrid_capMultiplier20.0_bucketThreshold85_bucketSize10_20260902_212713,35,6.931272559472032,11.274863513170091
bs64_ep40_lr0.003_classWeightedHybrid_capMultiplier20.0_bucketThreshold85_bucketSize10_20260902_212713,36,6.920648137862618,11.15987179905264
bs64_ep40_lr0.003_classWeightedHybrid_capMultiplier20.0_bucketThreshold85_bucketSize10_20260902_212713,37,6.935383384694925,11.226716663281826
bs64_ep40_lr0.003_classWeightedHybrid_capMultiplier20.0_bucketThreshold85_bucketSize10_20260902_212713,38,6.932492410411706,11.128943966553274
bs64_ep40_lr0.003_classWeightedHybrid_capMultiplier20.0_bucketThreshold85_bucketSize10_20260902_212713,39,6.923944664968027,11.121374009281485
bs64_ep40_lr0.003_classWeightedHybrid_capMultiplier20.0_bucketThreshold85_bucketSize10_20260902_212713,40,6.941855549006848,11.108302152965624

bs64_ep40_lr0.001_classWeightedHybrid_capMultiplier10.0_bucketThreshold65_bucketSize10_20260903_224611_softplus,1,8.247940049783603,12.815224700972745
bs64_ep40_lr0.001_classWeightedHybrid_capMultiplier10.0_bucketThreshold65_bucketSize10_20260903_224611_softplus,2,6.933046753744821,12.002674974874761
bs64_ep40_lr0.001_classWeightedHybrid_capMultiplier10.0_bucketThreshold65_bucketSize10_20260903_224611_softplus,3,6.688186572612943,11.807383284104608
bs64_ep40_lr0.001_classWeightedHybrid_capMultiplier10.0_bucketThreshold65_bucketSize10_20260903_224611_softplus,4,6.559895587531296,11.584712267625298
bs64_ep40_lr0.001_classWeightedHybrid_capMultiplier10.0_bucketThreshold65_bucketSize10_20260903_224611_softplus,5,6.475065817704072,11.502981619145666
bs64_ep40_lr0.001_classWeightedHybrid_capMultiplier10.0_bucketThreshold65_bucketSize10_20260903_224611_softplus,6,6.422314113257705,11.344423361584148
bs64_ep40_lr0.001_classWeightedHybrid_capMultiplier10.0_bucketThreshold65_bucketSize10_20260903_224611_softplus,7,6.377842715463123,11.293891389109744
bs64_ep40_lr0.001_classWeightedHybrid_capMultiplier10.0_bucketThreshold65_bucketSize10_20260903_224611_softplus,8,6.337075514970599,11.313772792309786
bs64_ep40_lr0.001_classWeightedHybrid_capMultiplier10.0_bucketThreshold65_bucketSize10_20260903_224611_softplus,9,6.305252503503013,11.29577483118108
bs64_ep40_lr0.001_classWeightedHybrid_capMultiplier10.0_bucketThreshold65_bucketSize10_20260903_224611_softplus,10,6.289602696895599,11.193624642746286
bs64_ep40_lr0.001_classWeightedHybrid_capMultiplier10.0_bucketThreshold65_bucketSize10_20260903_224611_softplus,11,6.275655363459845,11.127247213965672
bs64_ep40_lr0.001_classWeightedHybrid_capMultiplier10.0_bucketThreshold65_bucketSize10_20260903_224611_softplus,12,6.248552162904997,11.086466718915641
bs64_ep40_lr0.001_classWeightedHybrid_capMultiplier10.0_bucketThreshold65_bucketSize10_20260903_224611_softplus,13,6.246000136072571,11.161189979508212
bs64_ep40_lr0.001_classWeightedHybrid_capMultiplier10.0_bucketThreshold65_bucketSize10_20260903_224611_softplus,14,6.206105057452176,11.08283817662602
bs64_ep40_lr0.001_classWeightedHybrid_capMultiplier10.0_bucketThreshold65_bucketSize10_20260903_224611_softplus,15,6.2030874905554025,11.073936577743485
bs64_ep40_lr0.001_classWeightedHybrid_capMultiplier10.0_bucketThreshold65_bucketSize10_20260903_224611_softplus,16,6.203822022757015,11.040863573023703
bs64_ep40_lr0.001_classWeightedHybrid_capMultiplier10.0_bucketThreshold65_bucketSize10_20260903_224611_softplus,17,6.187142318567714,10.985033071849902
bs64_ep40_lr0.001_classWeightedHybrid_capMultiplier10.0_bucketThreshold65_bucketSize10_20260903_224611_softplus,18,6.182416234064746,11.03970594040412
bs64_ep40_lr0.001_classWeightedHybrid_capMultiplier10.0_bucketThreshold65_bucketSize10_20260903_224611_softplus,19,6.174186198695286,11.011980014564717
bs64_ep40_lr0.001_classWeightedHybrid_capMultiplier10.0_bucketThreshold65_bucketSize10_20260903_224611_softplus,20,6.159100420974396,11.02774354208887
bs64_ep40_lr0.001_classWeightedHybrid_capMultiplier10.0_bucketThreshold65_bucketSize10_20260903_224611_softplus,21,6.169682377899015,11.006010992337117
bs64_ep40_lr0.001_classWeightedHybrid_capMultiplier10.0_bucketThreshold65_bucketSize10_20260903_224611_softplus,22,6.132427869616328,10.998146636647812
bs64_ep40_lr0.001_classWeightedHybrid_capMultiplier10.0_bucketThreshold65_bucketSize10_20260903_224611_softplus,23,6.1554915695577055,10.98254700044615
bs64_ep40_lr0.001_classWeightedHybrid_capMultiplier10.0_bucketThreshold65_bucketSize10_20260903_224611_softplus,24,6.140309457843368,10.998211191115479
bs64_ep40_lr0.001_classWeightedHybrid_capMultiplier10.0_bucketThreshold65_bucketSize10_20260903_224611_softplus,25,6.144795932077073,10.99468120642468
bs64_ep40_lr0.001_classWeightedHybrid_capMultiplier10.0_bucketThreshold65_bucketSize10_20260903_224611_softplus,26,6.140703445753536,11.03036050599585
bs64_ep40_lr0.001_classWeightedHybrid_capMultiplier10.0_bucketThreshold65_bucketSize10_20260903_224611_softplus,27,6.138147393996651,10.95259753370707
bs64_ep40_lr0.001_classWeightedHybrid_capMultiplier10.0_bucketThreshold65_bucketSize10_20260903_224611_softplus,28,6.130508355997704,11.011532728650929
bs64_ep40_lr0.001_classWeightedHybrid_capMultiplier10.0_bucketThreshold65_bucketSize10_20260903_224611_softplus,29,6.116638619352031,10.93480869450752
bs64_ep40_lr0.001_classWeightedHybrid_capMultiplier10.0_bucketThreshold65_bucketSize10_20260903_224611_softplus,30,6.134855418189152,10.92418185377543
bs64_ep40_lr0.001_classWeightedHybrid_capMultiplier10.0_bucketThreshold65_bucketSize10_20260903_224611_softplus,31,6.113794015066044,10.965174458371504
bs64_ep40_lr0.001_classWeightedHybrid_capMultiplier10.0_bucketThreshold65_bucketSize10_20260903_224611_softplus,32,6.118589461252496,11.016225778247755
bs64_ep40_lr0.001_classWeightedHybrid_capMultiplier10.0_bucketThreshold65_bucketSize10_20260903_224611_softplus,33,6.119878104006922,10.924624901605567
bs64_ep40_lr0.001_classWeightedHybrid_capMultiplier10.0_bucketThreshold65_bucketSize10_20260903_224611_softplus,34,6.118781271013054,10.951889870792716
bs64_ep40_lr0.001_classWeightedHybrid_capMultiplier10.0_bucketThreshold65_bucketSize10_20260903_224611_softplus,35,6.111054839717375,10.949287932179319
bs64_ep40_lr0.001_classWeightedHybrid_capMultiplier10.0_bucketThreshold65_bucketSize10_20260903_224611_softplus,36,6.109373752329801,10.952409884922623
bs64_ep40_lr0.001_classWeightedHybrid_capMultiplier10.0_bucketThreshold65_bucketSize10_20260903_224611_softplus,37,6.1070712273185315,10.978429244331203
bs64_ep40_lr0.001_classWeightedHybrid_capMultiplier10.0_bucketThreshold65_bucketSize10_20260903_224611_softplus,38,6.101485108604303,10.974807109101333
bs64_ep40_lr0.001_classWeightedHybrid_capMultiplier10.0_bucketThreshold65_bucketSize10_20260903_224611_softplus,39,6.0972951984888795,10.97455920582324
bs64_ep40_lr0.001_classWeightedHybrid_capMultiplier10.0_bucketThreshold65_bucketSize10_20260903_224611_softplus,40,6.1013890508864375,10.921977338537706

bs64_ep40_lr0.001_classWeightedHybrid_capMultiplier10.0_bucketThreshold65_bucketSize10_20260904_191047_softplus_with_blocklist,1,8.42530254137931,12.620459641560469
bs64_ep40_lr0.001_classWeightedHybrid_capMultiplier10.0_bucketThreshold65_bucketSize10_20260904_191047_softplus_with_blocklist,2,6.969027112815477,11.844931514349708
bs64_ep40_lr0.001_classWeightedHybrid_capMultiplier10.0_bucketThreshold65_bucketSize10_20260904_191047_softplus_with_blocklist,3,6.695812596314826,11.45663571751157
bs64_ep40_lr0.001_classWeightedHybrid_capMultiplier10.0_bucketThreshold65_bucketSize10_20260904_191047_softplus_with_blocklist,4,6.55159348131684,11.28357191054341
bs64_ep40_lr0.001_classWeightedHybrid_capMultiplier10.0_bucketThreshold65_bucketSize10_20260904_191047_softplus_with_blocklist,5,6.462846687349192,11.149294953928528
bs64_ep40_lr0.001_classWeightedHybrid_capMultiplier10.0_bucketThreshold65_bucketSize10_20260904_191047_softplus_with_blocklist,6,6.388271612147621,11.069702013097581
bs64_ep40_lr0.001_classWeightedHybrid_capMultiplier10.0_bucketThreshold65_bucketSize10_20260904_191047_softplus_with_blocklist,7,6.3487143328138265,10.982450324710053
bs64_ep40_lr0.001_classWeightedHybrid_capMultiplier10.0_bucketThreshold65_bucketSize10_20260904_191047_softplus_with_blocklist,8,6.303134715904745,10.940698063412908
bs64_ep40_lr0.001_classWeightedHybrid_capMultiplier10.0_bucketThreshold65_bucketSize10_20260904_191047_softplus_with_blocklist,9,6.29888428726627,10.909014503554543
bs64_ep40_lr0.001_classWeightedHybrid_capMultiplier10.0_bucketThreshold65_bucketSize10_20260904_191047_softplus_with_blocklist,10,6.268758767972212,10.888087426868603
bs64_ep40_lr0.001_classWeightedHybrid_capMultiplier10.0_bucketThreshold65_bucketSize10_20260904_191047_softplus_with_blocklist,11,6.2401885434578634,10.839478275563458
bs64_ep40_lr0.001_classWeightedHybrid_capMultiplier10.0_bucketThreshold65_bucketSize10_20260904_191047_softplus_with_blocklist,12,6.233669234802447,10.828586414702261
bs64_ep40_lr0.001_classWeightedHybrid_capMultiplier10.0_bucketThreshold65_bucketSize10_20260904_191047_softplus_with_blocklist,13,6.2066374847828385,10.768610809502428
bs64_ep40_lr0.001_classWeightedHybrid_capMultiplier10.0_bucketThreshold65_bucketSize10_20260904_191047_softplus_with_blocklist,14,6.1970927737730355,10.828051633173876
bs64_ep40_lr0.001_classWeightedHybrid_capMultiplier10.0_bucketThreshold65_bucketSize10_20260904_191047_softplus_with_blocklist,15,6.173118970356006,10.77030388828945
bs64_ep40_lr0.001_classWeightedHybrid_capMultiplier10.0_bucketThreshold65_bucketSize10_20260904_191047_softplus_with_blocklist,16,6.16252731222761,10.777191552391933
bs64_ep40_lr0.001_classWeightedHybrid_capMultiplier10.0_bucketThreshold65_bucketSize10_20260904_191047_softplus_with_blocklist,17,6.165214109959068,10.726029481038008
bs64_ep40_lr0.001_classWeightedHybrid_capMultiplier10.0_bucketThreshold65_bucketSize10_20260904_191047_softplus_with_blocklist,18,6.136565101225199,10.772402801135978
bs64_ep40_lr0.001_classWeightedHybrid_capMultiplier10.0_bucketThreshold65_bucketSize10_20260904_191047_softplus_with_blocklist,19,6.135133385321832,10.692875701602143
bs64_ep40_lr0.001_classWeightedHybrid_capMultiplier10.0_bucketThreshold65_bucketSize10_20260904_191047_softplus_with_blocklist,20,6.125871745797675,10.799668585900033
bs64_ep40_lr0.001_classWeightedHybrid_capMultiplier10.0_bucketThreshold65_bucketSize10_20260904_191047_softplus_with_blocklist,21,6.117355692083838,10.698738789007608
bs64_ep40_lr0.001_classWeightedHybrid_capMultiplier10.0_bucketThreshold65_bucketSize10_20260904_191047_softplus_with_blocklist,22,6.116555348501268,10.683695591715697
bs64_ep40_lr0.001_classWeightedHybrid_capMultiplier10.0_bucketThreshold65_bucketSize10_20260904_191047_softplus_with_blocklist,23,6.129340743749409,10.659590186065573
bs64_ep40_lr0.001_classWeightedHybrid_capMultiplier10.0_bucketThreshold65_bucketSize10_20260904_191047_softplus_with_blocklist,24,6.113436721790992,10.649267069183955
bs64_ep40_lr0.001_classWeightedHybrid_capMultiplier10.0_bucketThreshold65_bucketSize10_20260904_191047_softplus_with_blocklist,25,6.090315666270503,10.633219660705466
bs64_ep40_lr0.001_classWeightedHybrid_capMultiplier10.0_bucketThreshold65_bucketSize10_20260904_191047_softplus_with_blocklist,26,6.08344940408041,10.660180523057189
bs64_ep40_lr0.001_classWeightedHybrid_capMultiplier10.0_bucketThreshold65_bucketSize10_20260904_191047_softplus_with_blocklist,27,6.094825196468034,10.662906974062274
bs64_ep40_lr0.001_classWeightedHybrid_capMultiplier10.0_bucketThreshold65_bucketSize10_20260904_191047_softplus_with_blocklist,28,6.094875479237941,10.672600506949346
bs64_ep40_lr0.001_classWeightedHybrid_capMultiplier10.0_bucketThreshold65_bucketSize10_20260904_191047_softplus_with_blocklist,29,6.093655975607354,10.635104752216401
bs64_ep40_lr0.001_classWeightedHybrid_capMultiplier10.0_bucketThreshold65_bucketSize10_20260904_191047_softplus_with_blocklist,30,6.080836498389688,10.64104948264144
bs64_ep40_lr0.001_classWeightedHybrid_capMultiplier10.0_bucketThreshold65_bucketSize10_20260904_191047_softplus_with_blocklist,31,6.072467059766136,10.658536435747305
bs64_ep40_lr0.001_classWeightedHybrid_capMultiplier10.0_bucketThreshold65_bucketSize10_20260904_191047_softplus_with_blocklist,32,6.066169985038204,10.636299836753619
bs64_ep40_lr0.001_classWeightedHybrid_capMultiplier10.0_bucketThreshold65_bucketSize10_20260904_191047_softplus_with_blocklist,33,6.06939845609979,10.618900461165426
bs64_ep40_lr0.001_classWeightedHybrid_capMultiplier10.0_bucketThreshold65_bucketSize10_20260904_191047_softplus_with_blocklist,34,6.057671093873449,10.631814500286241
bs64_ep40_lr0.001_classWeightedHybrid_capMultiplier10.0_bucketThreshold65_bucketSize10_20260904_191047_softplus_with_blocklist,35,6.053896466180724,10.631890172612156
bs64_ep40_lr0.001_classWeightedHybrid_capMultiplier10.0_bucketThreshold65_bucketSize10_20260904_191047_softplus_with_blocklist,36,6.062649382584968,10.608015715092323
bs64_ep40_lr0.001_classWeightedHybrid_capMultiplier10.0_bucketThreshold65_bucketSize10_20260904_191047_softplus_with_blocklist,37,6.0584661671269755,10.632423287571067
bs64_ep40_lr0.001_classWeightedHybrid_capMultiplier10.0_bucketThreshold65_bucketSize10_20260904_191047_softplus_with_blocklist,38,6.0572729397806935,10.601541959806637
bs64_ep40_lr0.001_classWeightedHybrid_capMultiplier10.0_bucketThreshold65_bucketSize10_20260904_191047_softplus_with_blocklist,39,6.057490013280457,10.592369790911281
bs64_ep40_lr0.001_classWeightedHybrid_capMultiplier10.0_bucketThreshold65_bucketSize10_20260904_191047_softplus_with_blocklist,40,6.05986451564369,10.699085325297743

bs64_ep40_lr0.003_classWeightedHybrid_capMultiplier10.0_bucketThreshold65_bucketSize10_20260904_200247_softplus_with_blocklist,1,7.452437118214475,11.50191853778197
bs64_ep40_lr0.003_classWeightedHybrid_capMultiplier10.0_bucketThreshold65_bucketSize10_20260904_200247_softplus_with_blocklist,2,6.543803175552095,11.09175731482679
bs64_ep40_lr0.003_classWeightedHybrid_capMultiplier10.0_bucketThreshold65_bucketSize10_20260904_200247_softplus_with_blocklist,3,6.379808022184184,10.974349900047377
bs64_ep40_lr0.003_classWeightedHybrid_capMultiplier10.0_bucketThreshold65_bucketSize10_20260904_200247_softplus_with_blocklist,4,6.299424745626082,10.977241232843681
bs64_ep40_lr0.003_classWeightedHybrid_capMultiplier10.0_bucketThreshold65_bucketSize10_20260904_200247_softplus_with_blocklist,5,6.261047037390191,10.773172638203839
bs64_ep40_lr0.003_classWeightedHybrid_capMultiplier10.0_bucketThreshold65_bucketSize10_20260904_200247_softplus_with_blocklist,6,6.215327979928462,10.75566041587603
bs64_ep40_lr0.003_classWeightedHybrid_capMultiplier10.0_bucketThreshold65_bucketSize10_20260904_200247_softplus_with_blocklist,7,6.182981388813353,10.78789262488337
bs64_ep40_lr0.003_classWeightedHybrid_capMultiplier10.0_bucketThreshold65_bucketSize10_20260904_200247_softplus_with_blocklist,8,6.150344896630532,10.657660909218363
bs64_ep40_lr0.003_classWeightedHybrid_capMultiplier10.0_bucketThreshold65_bucketSize10_20260904_200247_softplus_with_blocklist,9,6.146240584264919,10.693161882583064
bs64_ep40_lr0.003_classWeightedHybrid_capMultiplier10.0_bucketThreshold65_bucketSize10_20260904_200247_softplus_with_blocklist,10,6.134765298884653,10.712376441892618
bs64_ep40_lr0.003_classWeightedHybrid_capMultiplier10.0_bucketThreshold65_bucketSize10_20260904_200247_softplus_with_blocklist,11,6.122686424461716,10.695728106860674
bs64_ep40_lr0.003_classWeightedHybrid_capMultiplier10.0_bucketThreshold65_bucketSize10_20260904_200247_softplus_with_blocklist,12,6.115412479734376,10.598418390003369
bs64_ep40_lr0.003_classWeightedHybrid_capMultiplier10.0_bucketThreshold65_bucketSize10_20260904_200247_softplus_with_blocklist,13,6.114134097704883,10.625160399836675
bs64_ep40_lr0.003_classWeightedHybrid_capMultiplier10.0_bucketThreshold65_bucketSize10_20260904_200247_softplus_with_blocklist,14,6.09407828870183,10.627776907615536
bs64_ep40_lr0.003_classWeightedHybrid_capMultiplier10.0_bucketThreshold65_bucketSize10_20260904_200247_softplus_with_blocklist,15,6.089606385576422,10.59156332236312
bs64_ep40_lr0.003_classWeightedHybrid_capMultiplier10.0_bucketThreshold65_bucketSize10_20260904_200247_softplus_with_blocklist,16,6.1027118708878785,10.600655950728816
bs64_ep40_lr0.003_classWeightedHybrid_capMultiplier10.0_bucketThreshold65_bucketSize10_20260904_200247_softplus_with_blocklist,17,6.088779527515257,10.667214922385641
bs64_ep40_lr0.003_classWeightedHybrid_capMultiplier10.0_bucketThreshold65_bucketSize10_20260904_200247_softplus_with_blocklist,18,6.0934638169612505,10.661740007180192
bs64_ep40_lr0.003_classWeightedHybrid_capMultiplier10.0_bucketThreshold65_bucketSize10_20260904_200247_softplus_with_blocklist,19,6.073367650398979,10.609877259030988
bs64_ep40_lr0.003_classWeightedHybrid_capMultiplier10.0_bucketThreshold65_bucketSize10_20260904_200247_softplus_with_blocklist,20,6.078110527341813,10.622984347957196
bs64_ep40_lr0.003_classWeightedHybrid_capMultiplier10.0_bucketThreshold65_bucketSize10_20260904_200247_softplus_with_blocklist,21,6.07412315693422,10.685095934978019
bs64_ep40_lr0.003_classWeightedHybrid_capMultiplier10.0_bucketThreshold65_bucketSize10_20260904_200247_softplus_with_blocklist,22,6.097487558650163,10.639042397930284
bs64_ep40_lr0.003_classWeightedHybrid_capMultiplier10.0_bucketThreshold65_bucketSize10_20260904_200247_softplus_with_blocklist,23,6.089993630280948,10.63660698912718
bs64_ep40_lr0.003_classWeightedHybrid_capMultiplier10.0_bucketThreshold65_bucketSize10_20260904_200247_softplus_with_blocklist,24,6.058852619644839,10.825631944259795
bs64_ep40_lr0.003_classWeightedHybrid_capMultiplier10.0_bucketThreshold65_bucketSize10_20260904_200247_softplus_with_blocklist,25,6.0831915195102635,10.571403783540127
bs64_ep40_lr0.003_classWeightedHybrid_capMultiplier10.0_bucketThreshold65_bucketSize10_20260904_200247_softplus_with_blocklist,26,6.10622745443938,10.685319349710698
bs64_ep40_lr0.003_classWeightedHybrid_capMultiplier10.0_bucketThreshold65_bucketSize10_20260904_200247_softplus_with_blocklist,27,6.068598834277321,10.584721319746263
bs64_ep40_lr0.003_classWeightedHybrid_capMultiplier10.0_bucketThreshold65_bucketSize10_20260904_200247_softplus_with_blocklist,28,6.058593342243672,10.563799362371464
bs64_ep40_lr0.003_classWeightedHybrid_capMultiplier10.0_bucketThreshold65_bucketSize10_20260904_200247_softplus_with_blocklist,29,6.071412595172928,10.618038051592634
bs64_ep40_lr0.003_classWeightedHybrid_capMultiplier10.0_bucketThreshold65_bucketSize10_20260904_200247_softplus_with_blocklist,30,6.069352513310602,10.644476012428209
bs64_ep40_lr0.003_classWeightedHybrid_capMultiplier10.0_bucketThreshold65_bucketSize10_20260904_200247_softplus_with_blocklist,31,6.051245663823211,10.574811013224888
bs64_ep40_lr0.003_classWeightedHybrid_capMultiplier10.0_bucketThreshold65_bucketSize10_20260904_200247_softplus_with_blocklist,32,6.051378728304959,10.622949254001329
bs64_ep40_lr0.003_classWeightedHybrid_capMultiplier10.0_bucketThreshold65_bucketSize10_20260904_200247_softplus_with_blocklist,33,6.076535135647764,10.703855612097007
bs64_ep40_lr0.003_classWeightedHybrid_capMultiplier10.0_bucketThreshold65_bucketSize10_20260904_200247_softplus_with_blocklist,34,6.06397536108209,10.589677236261148
bs64_ep40_lr0.003_classWeightedHybrid_capMultiplier10.0_bucketThreshold65_bucketSize10_20260904_200247_softplus_with_blocklist,35,6.04755797143938,10.529666818801326
bs64_ep40_lr0.003_classWeightedHybrid_capMultiplier10.0_bucketThreshold65_bucketSize10_20260904_200247_softplus_with_blocklist,36,6.04972345382676,10.87381378966983
bs64_ep40_lr0.003_classWeightedHybrid_capMultiplier10.0_bucketThreshold65_bucketSize10_20260904_200247_softplus_with_blocklist,37,6.059754269143263,10.57390283200607
bs64_ep40_lr0.003_classWeightedHybrid_capMultiplier10.0_bucketThreshold65_bucketSize10_20260904_200247_softplus_with_blocklist,38,6.0669657107467145,10.59467060416445
bs64_ep40_lr0.003_classWeightedHybrid_capMultiplier10.0_bucketThreshold65_bucketSize10_20260904_200247_softplus_with_blocklist,39,6.049609160041989,10.587578576783535
bs64_ep40_lr0.003_classWeightedHybrid_capMultiplier10.0_bucketThreshold65_bucketSize10_20260904_200247_softplus_with_blocklist,40,6.049291802260075,10.821624293185696

base_model_bulls_eye_masked_20260909_205044,1,7.566944914052538,11.865890644564487
base_model_bulls_eye_masked_20260909_205044,2,6.692633255180725,11.390620384279257
base_model_bulls_eye_masked_20260909_205044,3,6.530589131061916,11.669268519964943
base_model_bulls_eye_masked_20260909_205044,4,6.437810599972141,11.52144211747072
base_model_bulls_eye_masked_20260909_205044,5,6.411508852428462,11.079187404204516
base_model_bulls_eye_masked_20260909_205044,6,6.362260884870815,11.047789477672515
base_model_bulls_eye_masked_20260909_205044,7,6.317201253724121,10.995234818348397
base_model_bulls_eye_masked_20260909_205044,8,6.308262264291184,10.951762424443814
base_model_bulls_eye_masked_20260909_205044,9,6.2777393189445485,10.94590730478268
base_model_bulls_eye_masked_20260909_205044,10,6.272684461085839,10.939768424521972
base_model_bulls_eye_masked_20260909_205044,11,6.29424189848375,10.935588112758724
base_model_bulls_eye_masked_20260909_205044,12,6.261390100642408,10.917794735911656
base_model_bulls_eye_masked_20260909_205044,13,6.252753753428849,10.951278395385238
base_model_bulls_eye_masked_20260909_205044,14,6.2358720318281975,10.955714087281683
base_model_bulls_eye_masked_20260909_205044,15,6.25063187966118,10.920049675226998
base_model_bulls_eye_masked_20260909_205044,16,6.23472335040289,10.909467073950436
base_model_bulls_eye_masked_20260909_205044,17,6.234143673868978,10.933323773613857
base_model_bulls_eye_masked_20260909_205044,18,6.214248125663032,11.09798017665498
base_model_bulls_eye_masked_20260909_205044,19,6.227334912049804,11.005931687433728
base_model_bulls_eye_masked_20260909_205044,20,6.217756584468924,10.840164425349471
base_model_bulls_eye_masked_20260909_205044,21,6.204125609357516,10.91466498138881
base_model_bulls_eye_masked_20260909_205044,22,6.221340295624755,10.850088673456273
base_model_bulls_eye_masked_20260909_205044,23,6.202727791507179,10.932035372202153
base_model_bulls_eye_masked_20260909_205044,24,6.217600905435442,10.999969142498356
base_model_bulls_eye_masked_20260909_205044,25,6.225955262906352,10.850645911968973
base_model_bulls_eye_masked_20260909_205044,26,6.217417245525744,10.957371947788957
base_model_bulls_eye_masked_20260909_205044,27,6.1960697519476415,10.94412324294792
base_model_bulls_eye_masked_20260909_205044,28,6.203476287683898,10.856907910639697
base_model_bulls_eye_masked_20260909_205044,29,6.219100392324568,10.895822540761614
base_model_bulls_eye_masked_20260909_205044,30,6.21156855607414,10.859359978842656
base_model_bulls_eye_masked_20260909_205044,31,6.2136004318746885,10.961965606550965
base_model_bulls_eye_masked_20260909_205044,32,6.185620752461991,10.967695484853813
base_model_bulls_eye_masked_20260909_205044,33,6.1854877974329865,10.898879956097492
base_model_bulls_eye_masked_20260909_205044,34,6.205465672942455,10.920066710745933
base_model_bulls_eye_masked_20260909_205044,35,6.188784628013115,10.887659288475616
base_model_bulls_eye_masked_20260909_205044,36,6.19304234243628,10.870383571083396
base_model_bulls_eye_masked_20260909_205044,37,6.193189308762214,10.87098797555804
base_model_bulls_eye_masked_20260909_205044,38,6.201567961602198,10.836480973183912
base_model_bulls_eye_masked_20260909_205044,39,6.201096907944917,11.001252407288
base_model_bulls_eye_masked_20260909_205044,40,6.1876391063629175,10.85348674251695

base_model_eyes_masked_20260909_214026,1,7.56071365810405,11.86183784031632
base_model_eyes_masked_20260909_214026,2,6.631107708023947,11.41884196945543
base_model_eyes_masked_20260909_214026,3,6.488852699186481,11.16926116125025
base_model_eyes_masked_20260909_214026,4,6.392107071791297,11.085720444669818
base_model_eyes_masked_20260909_214026,5,6.3455314261668825,10.992382545282345
base_model_eyes_masked_20260909_214026,6,6.288340162131883,10.901727599279322
base_model_eyes_masked_20260909_214026,7,6.251329700563275,10.940597490115527
base_model_eyes_masked_20260909_214026,8,6.2458928732634265,10.844799709005324
base_model_eyes_masked_20260909_214026,9,6.239506959242296,10.845500022271285
base_model_eyes_masked_20260909_214026,10,6.204739535852973,10.818643462933329
base_model_eyes_masked_20260909_214026,11,6.207098471030579,10.818675525904489
base_model_eyes_masked_20260909_214026,12,6.19724246139024,10.985610999683342
base_model_eyes_masked_20260909_214026,13,6.1908899869766305,10.802857002409377
base_model_eyes_masked_20260909_214026,14,6.181282405009947,10.837029304441446
base_model_eyes_masked_20260909_214026,15,6.1723597152885805,10.821414939641166
base_model_eyes_masked_20260909_214026,16,6.170367577786952,10.876285633238234
base_model_eyes_masked_20260909_214026,17,6.167349274385009,10.894473656569376
base_model_eyes_masked_20260909_214026,18,6.168447576596393,10.96286693579293
base_model_eyes_masked_20260909_214026,19,6.171415918185144,10.962288799852427
base_model_eyes_masked_20260909_214026,20,6.1716570230665235,10.833891050256911
base_model_eyes_masked_20260909_214026,21,6.157793983242361,10.820367663606952
base_model_eyes_masked_20260909_214026,22,6.14465399990638,10.832495994693769
base_model_eyes_masked_20260909_214026,23,6.154669556209532,11.02894645004776
base_model_eyes_masked_20260909_214026,24,6.140800511063211,10.781026476680642
base_model_eyes_masked_20260909_214026,25,6.1543440787386245,10.770836409955923
base_model_eyes_masked_20260909_214026,26,6.154498380192696,10.774855876519736
base_model_eyes_masked_20260909_214026,27,6.147606806607036,10.781075487042418
base_model_eyes_masked_20260909_214026,28,6.141974485492437,10.841604092727007
base_model_eyes_masked_20260909_214026,29,6.152863884689891,10.885069747962573
base_model_eyes_masked_20260909_214026,30,6.147495656897185,10.759321763570552
base_model_eyes_masked_20260909_214026,31,6.151889234024292,10.77392849119583
base_model_eyes_masked_20260909_214026,32,6.130545629607207,10.77608854935901
base_model_eyes_masked_20260909_214026,33,6.140304481097246,10.834211832619342
base_model_eyes_masked_20260909_214026,34,6.143146490220853,10.807888045169339
base_model_eyes_masked_20260909_214026,35,6.154880969791287,10.891461622596967
base_model_eyes_masked_20260909_214026,36,6.139773852849837,10.764800964015546
base_model_eyes_masked_20260909_214026,37,6.134744382196177,10.775507982021118
base_model_eyes_masked_20260909_214026,38,6.143483852510282,10.769830217455873
base_model_eyes_masked_20260909_214026,39,6.136431309151852,10.838096654847904
base_model_eyes_masked_20260909_214026,40,6.1244328472822875,10.865198045673937

base_model_eyes_e_masked_20260910_085215,1,7.767730951533492,12.221607371918832
base_model_eyes_e_masked_20260910_085215,2,6.909552915973251,11.852761237141323
base_model_eyes_e_masked_20260910_085215,3,6.720937896200989,11.605018577953377
base_model_eyes_e_masked_20260910_085215,4,6.642555482636503,11.47660781998839
base_model_eyes_e_masked_20260910_085215,5,6.574726839505157,11.449978636436336
base_model_eyes_e_masked_20260910_085215,6,6.553240907046443,11.411083303268986
base_model_eyes_e_masked_20260910_085215,7,6.518790856914933,11.355817882928124
base_model_eyes_e_masked_20260910_085215,8,6.491253684179354,11.30153229212997
base_model_eyes_e_masked_20260910_085215,9,6.461799631899298,11.280712785500505
base_model_eyes_e_masked_20260910_085215,10,6.461680691755839,11.271434824852268
base_model_eyes_e_masked_20260910_085215,11,6.456403202979159,11.266529335047153
base_model_eyes_e_masked_20260910_085215,12,6.449458645293989,11.340160439116726
base_model_eyes_e_masked_20260910_085215,13,6.4463943286762975,11.228763992636905
base_model_eyes_e_masked_20260910_085215,14,6.42714131024236,11.39647106132885
base_model_eyes_e_masked_20260910_085215,15,6.439361888063705,11.202930592074253
base_model_eyes_e_masked_20260910_085215,16,6.420291949081062,11.212531417116473
base_model_eyes_e_masked_20260910_085215,17,6.417307147190241,11.207943434762482
base_model_eyes_e_masked_20260910_085215,18,6.40753310599197,11.225712678613442
base_model_eyes_e_masked_20260910_085215,19,6.405460105565844,11.254857286761696
base_model_eyes_e_masked_20260910_085215,20,6.4066514103118815,11.188003672231542
base_model_eyes_e_masked_20260910_085215,21,6.404808166895065,11.237783233718117
base_model_eyes_e_masked_20260910_085215,22,6.404781904068065,11.266202633923823
base_model_eyes_e_masked_20260910_085215,23,6.40291639509228,11.20475958204112
base_model_eyes_e_masked_20260910_085215,24,6.402868671901699,11.275328138873915
base_model_eyes_e_masked_20260910_085215,25,6.386035568402381,11.290912738334228
base_model_eyes_e_masked_20260910_085215,26,6.3932871787142105,11.205074845367532
base_model_eyes_e_masked_20260910_085215,27,6.3977530614901355,11.215727264731632
base_model_eyes_e_masked_20260910_085215,28,6.385009492441718,11.187808260272439
base_model_eyes_e_masked_20260910_085215,29,6.392384052276611,11.200894834184805
base_model_eyes_e_masked_20260910_085215,30,6.393206574842824,11.28858762684435
base_model_eyes_e_masked_20260910_085215,31,6.407808242377984,11.195051547324303
base_model_eyes_e_masked_20260910_085215,32,6.388292072184895,11.212938123016862
base_model_eyes_e_masked_20260910_085215,33,6.39678202411081,11.1933702210782
base_model_eyes_e_masked_20260910_085215,34,6.388723713434315,11.209816293747904
base_model_eyes_e_masked_20260910_085215,35,6.385679962718027,11.247992635166684
base_model_eyes_e_masked_20260910_085215,36,6.38734141095898,11.210147322601218
base_model_eyes_e_masked_20260910_085215,37,6.3916392030294285,11.207149688166753
base_model_eyes_e_masked_20260910_085215,38,6.3855918321762015,11.226808727377712
base_model_eyes_e_masked_20260910_085215,39,6.3822960073053,11.309552768669507
base_model_eyes_e_masked_20260910_085215,40,6.378637303974084,11.26268205233533

base_model_chin_masked_20260910_094311,1,7.668858714745164,11.9754690541686
base_model_chin_masked_20260910_094311,2,6.769000766642903,11.508044277480726
base_model_chin_masked_20260910_094311,3,6.581337396311289,11.271990810683851
base_model_chin_masked_20260910_094311,4,6.51269449609019,11.234823843826948
base_model_chin_masked_20260910_094311,5,6.455123387298153,11.154900909650443
base_model_chin_masked_20260910_094311,6,6.409484967799648,11.0903213425438
base_model_chin_masked_20260910_094311,7,6.377023730991252,11.049898899821166
base_model_chin_masked_20260910_094311,8,6.349355595804898,11.170148440320107
base_model_chin_masked_20260910_094311,9,6.35570656524328,11.095088769893835
base_model_chin_masked_20260910_094311,10,6.3265600491556935,11.084091636607356
base_model_chin_masked_20260910_094311,11,6.311925148806926,11.02666186027401
base_model_chin_masked_20260910_094311,12,6.312299055976903,10.974828071720136
base_model_chin_masked_20260910_094311,13,6.31184799538843,10.978659661296177
base_model_chin_masked_20260910_094311,14,6.294506606580173,10.96070134757769
base_model_chin_masked_20260910_094311,15,6.286165437492019,10.974007376743229
base_model_chin_masked_20260910_094311,16,6.307215036587792,10.97417416903052
base_model_chin_masked_20260910_094311,17,6.29118808349796,11.021590088066882
base_model_chin_masked_20260910_094311,18,6.287937944830305,11.026979695058891
base_model_chin_masked_20260910_094311,19,6.256791662968001,11.246195129042018
base_model_chin_masked_20260910_094311,20,6.26397083260939,10.956517496518176
base_model_chin_masked_20260910_094311,21,6.26495039990121,11.178019454376926
base_model_chin_masked_20260910_094311,22,6.25851324741726,10.984519011116657
base_model_chin_masked_20260910_094311,23,6.27795425093858,10.96068001108201
base_model_chin_masked_20260910_094311,24,6.26441520043173,10.971649160479554
base_model_chin_masked_20260910_094311,25,6.274615840427402,10.951086274074642
base_model_chin_masked_20260910_094311,26,6.266524317123255,11.039961783405971
base_model_chin_masked_20260910_094311,27,6.271126966485412,11.01672610670033
base_model_chin_masked_20260910_094311,28,6.257956005555778,10.949016180762364
base_model_chin_masked_20260910_094311,29,6.269028034730554,10.99372404872781
base_model_chin_masked_20260910_094311,30,6.257634150791258,11.038729582682695
base_model_chin_masked_20260910_094311,31,6.2515501877326285,11.065532080017695
base_model_chin_masked_20260910_094311,32,6.2508407298507045,10.92812747766476
base_model_chin_masked_20260910_094311,33,6.255808044130355,10.97111462445149
base_model_chin_masked_20260910_094311,34,6.244019045879116,10.975809355380118
base_model_chin_masked_20260910_094311,35,6.254676078920194,10.928175554810577
base_model_chin_masked_20260910_094311,36,6.240055468210272,10.939549244669799
base_model_chin_masked_20260910_094311,37,6.2451840712008115,11.130260426612576
base_model_chin_masked_20260910_094311,38,6.2504392778211795,10.966664613276818
base_model_chin_masked_20260910_094311,39,6.224904885072251,10.90575649399962
base_model_chin_masked_20260910_094311,40,6.256934932572373,10.930936209046015

base_model_lips_masked_20260910_105858,1,7.6975392317390625,12.061460945079036
base_model_lips_masked_20260910_105858,2,6.775196659486471,11.675121735424884
base_model_lips_masked_20260910_105858,3,6.597854128449118,11.453683042683616
base_model_lips_masked_20260910_105858,4,6.504998770056193,11.21865696482139
base_model_lips_masked_20260910_105858,5,6.462935248076187,11.159816002294962
base_model_lips_masked_20260910_105858,6,6.38575466331848,11.088398277169407
base_model_lips_masked_20260910_105858,7,6.383433863674821,11.11083744854817
base_model_lips_masked_20260910_105858,8,6.367622092436308,11.029494723077654
base_model_lips_masked_20260910_105858,9,6.331664158057628,11.079009244937708
base_model_lips_masked_20260910_105858,10,6.320539651675148,11.05444069821449
base_model_lips_masked_20260910_105858,11,6.315564016071223,10.987067537339213
base_model_lips_masked_20260910_105858,12,6.307792433902888,11.168365037874027
base_model_lips_masked_20260910_105858,13,6.287592227124764,11.00253676581304
base_model_lips_masked_20260910_105858,14,6.281325680740801,11.022414783440015
base_model_lips_masked_20260910_105858,15,6.276866133215286,11.009563272935722
base_model_lips_masked_20260910_105858,16,6.280266432075823,11.000288012790994
base_model_lips_masked_20260910_105858,17,6.2539568965657075,11.139467488027641
base_model_lips_masked_20260910_105858,18,6.272268524062263,10.939546106672129
base_model_lips_masked_20260910_105858,19,6.259939054218195,11.04853620623598
base_model_lips_masked_20260910_105858,20,6.266126067483638,11.128182889604727
base_model_lips_masked_20260910_105858,21,6.256781955765646,11.006970418168374
base_model_lips_masked_20260910_105858,22,6.273997721308711,10.943488051789036
base_model_lips_masked_20260910_105858,23,6.259542760373508,10.948329048975072
base_model_lips_masked_20260910_105858,24,6.245847524389947,11.123386310665522
base_model_lips_masked_20260910_105858,25,6.261872482658666,10.96246338834857
base_model_lips_masked_20260910_105858,26,6.242503375235528,10.95399004870122
base_model_lips_masked_20260910_105858,27,6.2498780099827504,11.05869455778166
base_model_lips_masked_20260910_105858,28,6.24532950832837,11.141526203344364
base_model_lips_masked_20260910_105858,29,6.23694229484838,11.037145532790584
base_model_lips_masked_20260910_105858,30,6.260262781790933,10.934065360834103
base_model_lips_masked_20260910_105858,31,6.231670117221233,10.96491807050044
base_model_lips_masked_20260910_105858,32,6.2410106228301805,10.927170898261243
base_model_lips_masked_20260910_105858,33,6.257858800753488,10.962778371552822
base_model_lips_masked_20260910_105858,34,6.22746123980489,10.929423694169953
base_model_lips_masked_20260910_105858,35,6.230136569894269,10.967720204847481
base_model_lips_masked_20260910_105858,36,6.233217429127877,11.008407822536556
base_model_lips_masked_20260910_105858,37,6.230905201338645,10.9374308538909
base_model_lips_masked_20260910_105858,38,6.22710866784556,10.948977887433747
base_model_lips_masked_20260910_105858,39,6.2189900229140935,10.952817857068757
base_model_lips_masked_20260910_105858,40,6.231555279312779,10.936402460922896

base_model_lower_face_masked_20260910_124234,1,8.007911809973299,12.669691967098627
base_model_lower_face_masked_20260910_124234,2,7.137688334887586,12.21336553592493
base_model_lower_face_masked_20260910_124234,3,6.935730977655018,11.887657458239262
base_model_lower_face_masked_20260910_124234,4,6.835189490080553,11.732951318470166
base_model_lower_face_masked_20260910_124234,5,6.7977948771931604,11.690249924612518
base_model_lower_face_masked_20260910_124234,6,6.746024064039803,11.64616068597674
base_model_lower_face_masked_20260910_124234,7,6.724536265052946,11.580842974949197
base_model_lower_face_masked_20260910_124234,8,6.6865952766289265,11.558263076807407
base_model_lower_face_masked_20260910_124234,9,6.675801164567863,11.56553310608313
base_model_lower_face_masked_20260910_124234,10,6.644418011267905,11.501946852152104
base_model_lower_face_masked_20260910_124234,11,6.6552240290063125,11.613048547171918
base_model_lower_face_masked_20260910_124234,12,6.651890861012413,11.648733469519284
base_model_lower_face_masked_20260910_124234,13,6.626454788003457,11.483789488033887
base_model_lower_face_masked_20260910_124234,14,6.618241687372733,11.468980685319051
base_model_lower_face_masked_20260910_124234,15,6.6256459479273655,11.460402120458017
base_model_lower_face_masked_20260910_124234,16,6.604028737668372,11.465619723002115
base_model_lower_face_masked_20260910_124234,17,6.60578243797496,11.479783693949381
base_model_lower_face_masked_20260910_124234,18,6.587778115653812,11.533630701574948
base_model_lower_face_masked_20260910_124234,19,6.6158972401049265,11.499125672645695
base_model_lower_face_masked_20260910_124234,20,6.606557552700097,11.491323807845415
base_model_lower_face_masked_20260910_124234,21,6.600192797150347,11.504328727722168
base_model_lower_face_masked_20260910_124234,22,6.581508570533817,11.51861579189993
base_model_lower_face_masked_20260910_124234,23,6.590921536999161,11.457997441685238
base_model_lower_face_masked_20260910_124234,24,6.598968789808501,11.480682747592233
base_model_lower_face_masked_20260910_124234,25,6.590792380070081,11.663538004305497
base_model_lower_face_masked_20260910_124234,26,6.585699693728256,11.442280892098305
base_model_lower_face_masked_20260910_124234,27,6.5737741762809,11.546472754022076
base_model_lower_face_masked_20260910_124234,28,6.562268801713371,11.459102020011876
base_model_lower_face_masked_20260910_124234,29,6.594131310033215,11.427860993363282
base_model_lower_face_masked_20260910_124234,30,6.583079802799315,11.57431466193876
base_model_lower_face_masked_20260910_124234,31,6.576852340464982,11.537023286221444
base_model_lower_face_masked_20260910_124234,32,6.575918541690256,11.415979992831895
base_model_lower_face_masked_20260910_124234,33,6.575554552553738,11.469986216856702
base_model_lower_face_masked_20260910_124234,34,6.59316968872989,11.497564064000699
base_model_lower_face_masked_20260910_124234,35,6.5592046990668225,11.439951062595883
base_model_lower_face_masked_20260910_124234,36,6.573216032331437,11.396384919043815
base_model_lower_face_masked_20260910_124234,37,6.57303796572609,11.462668034896598
base_model_lower_face_masked_20260910_124234,38,6.559097722018539,11.440061163194109
base_model_lower_face_masked_20260910_124234,39,6.563698451920489,11.788461968450264
base_model_lower_face_masked_20260910_124234,40,6.572832943691135,11.431504246425314

base_model_nose_masked_20260910_140105,1,7.667300819565638,12.069143594294884
base_model_nose_masked_20260910_140105,2,6.8015963773287815,11.677207248045667
base_model_nose_masked_20260910_140105,3,6.61543226017777,11.450113820557547
base_model_nose_masked_20260910_140105,4,6.535840966178916,11.479325955457027
base_model_nose_masked_20260910_140105,5,6.474994372334664,11.257734078385255
base_model_nose_masked_20260910_140105,6,6.434948380668547,11.228542718163418
base_model_nose_masked_20260910_140105,7,6.403056952601206,11.321511805254241
base_model_nose_masked_20260910_140105,8,6.379285296514588,11.181265201505655
base_model_nose_masked_20260910_140105,9,6.361232523859837,11.158711811103442
base_model_nose_masked_20260910_140105,10,6.37813689567408,11.101563607898877
base_model_nose_masked_20260910_140105,11,6.3508923683991885,11.111412249776002
base_model_nose_masked_20260910_140105,12,6.349494023919666,11.107264266942593
base_model_nose_masked_20260910_140105,13,6.3365187398241245,11.16491696386054
base_model_nose_masked_20260910_140105,14,6.335871691537823,11.06992773175633
base_model_nose_masked_20260910_140105,15,6.32096336253499,11.06752591715394
base_model_nose_masked_20260910_140105,16,6.324910744337798,11.11898645394706
base_model_nose_masked_20260910_140105,17,6.314519979094741,11.051966166732335
base_model_nose_masked_20260910_140105,18,6.31144848838799,11.091560462913892
base_model_nose_masked_20260910_140105,19,6.309430421351938,11.072606659565034
base_model_nose_masked_20260910_140105,20,6.304421417688493,11.069684850107326
base_model_nose_masked_20260910_140105,21,6.295503951419891,11.15834367550639
base_model_nose_masked_20260910_140105,22,6.308810599435643,11.052260121890027
base_model_nose_masked_20260910_140105,23,6.304839751458011,11.093485039059479
base_model_nose_masked_20260910_140105,24,6.3010382143148025,11.009305777722853
base_model_nose_masked_20260910_140105,25,6.297619685516644,11.221030902547804
base_model_nose_masked_20260910_140105,26,6.302155062261888,11.116827640596396
base_model_nose_masked_20260910_140105,27,6.279712935830777,11.08502726350287
base_model_nose_masked_20260910_140105,28,6.298840904953563,11.093670217117461
base_model_nose_masked_20260910_140105,29,6.276711178633366,11.072676863213971
base_model_nose_masked_20260910_140105,30,6.288455481811839,11.03725295176994
base_model_nose_masked_20260910_140105,31,6.279551305977219,11.134611030616382
base_model_nose_masked_20260910_140105,32,6.287172115421026,11.127299532245095
base_model_nose_masked_20260910_140105,33,6.291752900476178,11.035523955971493
base_model_nose_masked_20260910_140105,34,6.267492425520243,11.077375654340184
base_model_nose_masked_20260910_140105,35,6.2734097158247195,11.05355698047298
base_model_nose_masked_20260910_140105,36,6.276622883463848,11.094327333343305
base_model_nose_masked_20260910_140105,37,6.2719735551979445,11.193425480682071
base_model_nose_masked_20260910_140105,38,6.276705638261079,11.056944149948976
base_model_nose_masked_20260910_140105,39,6.299084670119766,11.108773492743866
base_model_nose_masked_20260910_140105,40,6.290025917404907,11.006877881859001
base_model_upper_face_masked_20260910_145207,1,8.208871587984762,13.118758919215438
base_model_upper_face_masked_20260910_145207,2,7.309382248911674,12.537899328930543
base_model_upper_face_masked_20260910_145207,3,7.122554944577581,12.422361594222167
base_model_upper_face_masked_20260910_145207,4,7.01629674064586,12.21223525560335
base_model_upper_face_masked_20260910_145207,5,6.94557383008869,12.10783572244172
base_model_upper_face_masked_20260910_145207,6,6.90148356133548,12.065119947930768
base_model_upper_face_masked_20260910_145207,7,6.8765328349869765,12.472024379390302
base_model_upper_face_masked_20260910_145207,8,6.86899785017586,12.215954786873493
base_model_upper_face_masked_20260910_145207,9,6.852948283431447,12.000480765163308
base_model_upper_face_masked_20260910_145207,10,6.828109008684993,12.181282877528629
base_model_upper_face_masked_20260910_145207,11,6.829372508729951,11.995479643541595
base_model_upper_face_masked_20260910_145207,12,6.803926871166068,12.073867225017485
base_model_upper_face_masked_20260910_145207,13,6.795758566762183,11.947180209773602
base_model_upper_face_masked_20260910_145207,14,6.796346559461735,11.970558972248543
base_model_upper_face_masked_20260910_145207,15,6.792018658018067,11.961212872672002
base_model_upper_face_masked_20260910_145207,16,6.7886898452565,12.003097933904566
base_model_upper_face_masked_20260910_145207,17,6.783947811413798,12.106824239095053
base_model_upper_face_masked_20260910_145207,18,6.770183767334874,11.954944377685145
base_model_upper_face_masked_20260910_145207,19,6.773560045803928,11.924540365489795
base_model_upper_face_masked_20260910_145207,20,6.775914950743108,11.947798467705352
base_model_upper_face_masked_20260910_145207,21,6.767499866736799,11.915549772407356
base_model_upper_face_masked_20260910_145207,22,6.759893380575099,12.013124494269343
base_model_upper_face_masked_20260910_145207,23,6.755664595319545,11.949998248134902
base_model_upper_face_masked_20260910_145207,24,6.747530659525774,11.928540764862161
base_model_upper_face_masked_20260910_145207,25,6.773194408596178,11.946666201349139
base_model_upper_face_masked_20260910_145207,26,6.749163522657536,11.907887934064707
base_model_upper_face_masked_20260910_145207,27,6.752673609348703,12.320611465882154
base_model_upper_face_masked_20260910_145207,28,6.759134314582803,11.940665978409669
base_model_upper_face_masked_20260910_145207,29,6.749645651227892,11.91982605748444
base_model_upper_face_masked_20260910_145207,30,6.762541984009047,11.977161810343022
base_model_upper_face_masked_20260910_145207,31,6.745764290512674,11.881227663247893
base_model_upper_face_masked_20260910_145207,32,6.749683846198268,11.934995758258077
base_model_upper_face_masked_20260910_145207,33,6.736268391613677,11.899722788593557
base_model_upper_face_masked_20260910_145207,34,6.741015141344474,12.038336486312815
base_model_upper_face_masked_20260910_145207,35,6.749526461675721,11.899634591030209
base_model_upper_face_masked_20260910_145207,36,6.7384062898910395,11.908602261307216
base_model_upper_face_masked_20260910_145207,37,6.73714447918638,11.92520502612929
base_model_upper_face_masked_20260910_145207,38,6.728004758804335,11.91530739434875
base_model_upper_face_masked_20260910_145207,39,6.739039447547575,11.912532220972647
base_model_upper_face_masked_20260910_145207,40,6.754865388879211,11.955742968191014
cli_bs64_ep2_lr0.001_weighted_20260918_164629,1,8.39748773189053,12.634518126056532
cli_bs64_ep2_lr0.001_weighted_20260918_164629,2,6.964112610606125,11.786974979312506
