image_name,split,variant,reason,timestamp
age74_028330.jpg,train,lips_masked,no_face_detected,2026-09-09T16:51:13
age53_045368.jpg,train,lips_masked,no_face_detected,2026-09-09T16:51:13
age58_030553.jpg,train,lips_masked,no_face_detected,2026-09-09T16:51:13
age10_000607.jpg,train,lips_masked,no_face_detected,2026-09-09T16:51:13
age38_067580.jpg,train,lips_masked,no_face_detected,2026-09-09T16:51:11
age50_045371.jpg,train,lips_masked,no_face_detected,2026-09-09T16:51:12
age54_048161.jpg,train,lips_masked,no_face_detected,2026-09-09T16:51:12
age25_058002.jpg,train,lips_masked,no_face_detected,2026-09-09T16:51:13
age55_049628.jpg,train,lips_masked,no_face_detected,2026-09-09T16:51:13
age4_054564.jpg,train,lips_masked,no_face_detected,2026-09-09T16:51:13
age54_049768.jpg,train,lips_masked,no_face_detected,2026-09-09T16:51:13
age75_028839.jpg,train,lips_masked,no_face_detected,2026-09-09T16:51:13
age62_080254.jpg,train,lips_masked,no_face_detected,2026-09-09T16:51:13
age57_061506.jpg,train,lips_masked,no_face_detected,2026-09-09T16:51:13
age53_048104.jpg,train,lips_masked,no_face_detected,2026-09-09T16:51:13
age41_061085.jpg,train,lips_masked,no_face_detected,2026-09-09T16:51:13
age53_043711.jpg,train,lips_masked,no_face_detected,2026-09-09T16:51:13
age50_048446.jpg,train,lips_masked,no_face_detected,2026-09-09T16:51:14
age41_060794.jpg,train,lips_masked,no_face_detected,2026-09-09T16:51:14
age75_082912.jpg,train,lips_masked,no_face_detected,2026-09-09T16:51:15
age11_000236.jpg,train,lips_masked,no_face_detected,2026-09-09T16:51:15
age41_062706.jpg,train,lips_masked,no_face_detected,2026-09-09T16:51:15
age6_009048.jpg,train,lips_masked,no_face_detected,2026-09-09T16:51:15
age62_081415.jpg,train,lips_masked,no_face_detected,2026-09-09T16:51:15
age4_050908.jpg,train,lips_masked,no_face_detected,2026-09-09T16:51:16
age15_074014.jpg,train,lips_masked,no_face_detected,2026-09-09T16:51:16
age36_065470.jpg,train,lips_masked,no_face_detected,2026-09-09T16:51:16
age4_052662.jpg,train,lips_masked,no_face_detected,2026-09-09T16:51:16
age8_007192.jpg,train,lips_masked,no_face_detected,2026-09-09T16:51:16
age53_044600.jpg,train,lips_masked,no_face_detected,2026-09-09T16:51:16
age74_029866.jpg,train,lips_masked,no_face_detected,2026-09-09T16:51:16
age64_081873.jpg,train,lips_masked,no_face_detected,2026-09-09T16:51:17
age47_034052.jpg,train,lips_masked,no_face_detected,2026-09-09T16:51:17
age27_024911.jpg,train,lips_masked,no_face_detected,2026-09-09T16:51:17
age27_025033.jpg,train,lips_masked,no_face_detected,2026-09-09T16:51:17
age2_052778.jpg,train,lips_masked,no_face_detected,2026-09-09T16:51:17
age27_025159.jpg,train,lips_masked,no_face_detected,2026-09-09T16:51:18
age41_007062.jpg,train,lips_masked,no_face_detected,2026-09-09T16:51:18
age36_066165.jpg,train,lips_masked,no_face_detected,2026-09-09T16:51:18
age37_067630.jpg,train,lips_masked,no_face_detected,2026-09-09T16:51:18
age60_081387.jpg,train,lips_masked,no_face_detected,2026-09-09T16:51:18
age21_056957.jpg,train,lips_masked,no_face_detected,2026-09-09T16:51:19
age40_060498.jpg,train,lips_masked,no_face_detected,2026-09-09T16:51:19
age57_075975.jpg,train,lips_masked,no_face_detected,2026-09-09T16:51:19
age42_062294.jpg,train,lips_masked,no_face_detected,2026-09-09T16:51:19
age3_052333.jpg,train,lips_masked,no_face_detected,2026-09-09T16:51:19
age66_034624.jpg,train,lips_masked,no_face_detected,2026-09-09T16:51:19
age70_029117.jpg,train,lips_masked,no_face_detected,2026-09-09T16:51:20
age48_037708.jpg,train,lips_masked,no_face_detected,2026-09-09T16:51:20
age27_025638.jpg,train,lips_masked,no_face_detected,2026-09-09T16:51:20
age60_079141.jpg,train,lips_masked,no_face_detected,2026-09-09T16:51:20
age27_024952.jpg,train,lips_masked,no_face_detected,2026-09-09T16:51:20
age68_031942.jpg,train,lips_masked,no_face_detected,2026-09-09T16:51:20
age82_084030.jpg,train,lips_masked,no_face_detected,2026-09-09T16:51:21
age54_048256.jpg,train,lips_masked,no_face_detected,2026-09-09T16:51:21
age38_069890.jpg,train,lips_masked,no_face_detected,2026-09-09T16:51:21
age42_060873.jpg,train,lips_masked,no_face_detected,2026-09-09T16:51:21
age60_080240.jpg,train,lips_masked,no_face_detected,2026-09-09T16:51:21
age39_070305.jpg,train,lips_masked,no_face_detected,2026-09-09T16:51:21
age27_022302.jpg,train,lips_masked,no_face_detected,2026-09-09T16:51:21
age50_046408.jpg,train,lips_masked,no_face_detected,2026-09-09T16:51:21
age76_083484.jpg,train,lips_masked,no_face_detected,2026-09-09T16:51:22
age6_011145.jpg,train,lips_masked,no_face_detected,2026-09-09T16:51:22
age71_030071.jpg,train,lips_masked,no_face_detected,2026-09-09T16:51:22
age83_068574.jpg,train,lips_masked,no_face_detected,2026-09-09T16:51:22
age34_016912.jpg,train,lips_masked,no_face_detected,2026-09-09T16:51:22
age13_000816.jpg,train,lips_masked,no_face_detected,2026-09-09T16:51:22
age67_034759.jpg,train,lips_masked,no_face_detected,2026-09-09T16:51:22
age53_014290.jpg,train,lips_masked,no_face_detected,2026-09-09T16:51:23
age17_071223.jpg,train,lips_masked,no_face_detected,2026-09-09T16:51:23
age61_068990.jpg,train,lips_masked,no_face_detected,2026-09-09T16:51:23
age36_068081.jpg,train,lips_masked,no_face_detected,2026-09-09T16:51:23
age68_032681.jpg,train,lips_masked,no_face_detected,2026-09-09T16:51:24
age48_042449.jpg,train,lips_masked,no_face_detected,2026-09-09T16:51:24
age41_014691.jpg,train,lips_masked,no_face_detected,2026-09-09T16:51:24
age64_034279.jpg,train,lips_masked,no_face_detected,2026-09-09T16:51:25
age34_018668.jpg,train,lips_masked,no_face_detected,2026-09-09T16:51:25
age48_039519.jpg,train,lips_masked,no_face_detected,2026-09-09T16:51:25
age27_023107.jpg,train,lips_masked,no_face_detected,2026-09-09T16:51:25
age48_042129.jpg,train,lips_masked,no_face_detected,2026-09-09T16:51:25
age61_035437.jpg,train,lips_masked,no_face_detected,2026-09-09T16:51:25
age17_070890.jpg,train,lips_masked,no_face_detected,2026-09-09T16:51:25
age42_061589.jpg,train,lips_masked,no_face_detected,2026-09-09T16:51:25
age57_077037.jpg,train,lips_masked,no_face_detected,2026-09-09T16:51:26
age6_011072.jpg,train,lips_masked,no_face_detected,2026-09-09T16:51:26
age18_072131.jpg,train,lips_masked,no_face_detected,2026-09-09T16:51:26
age54_044783.jpg,train,lips_masked,no_face_detected,2026-09-09T16:51:26
age27_021276.jpg,train,lips_masked,no_face_detected,2026-09-09T16:51:26
age41_063981.jpg,train,lips_masked,no_face_detected,2026-09-09T16:51:26
age31_016858.jpg,train,lips_masked,no_face_detected,2026-09-09T16:51:26
age41_063850.jpg,train,lips_masked,no_face_detected,2026-09-09T16:51:27
age27_024299.jpg,train,lips_masked,no_face_detected,2026-09-09T16:51:27
age20_056246.jpg,train,lips_masked,no_face_detected,2026-09-09T16:51:28
age37_068848.jpg,train,lips_masked,no_face_detected,2026-09-09T16:51:28
age31_018292.jpg,train,lips_masked,no_face_detected,2026-09-09T16:51:28
age54_047365.jpg,train,lips_masked,no_face_detected,2026-09-09T16:51:28
age47_038887.jpg,train,lips_masked,no_face_detected,2026-09-09T16:51:28
age42_062564.jpg,train,lips_masked,no_face_detected,2026-09-09T16:51:28
age21_055890.jpg,train,lips_masked,no_face_detected,2026-09-09T16:51:28
age7_006009.jpg,train,lips_masked,no_face_detected,2026-09-09T16:51:28
age36_066079.jpg,train,lips_masked,no_face_detected,2026-09-09T16:51:29
age73_029439.jpg,train,lips_masked,no_face_detected,2026-09-09T16:51:29
age58_077412.jpg,train,lips_masked,no_face_detected,2026-09-09T16:51:29
age11_004571.jpg,train,lips_masked,no_face_detected,2026-09-09T16:51:29
age6_007515.jpg,train,lips_masked,no_face_detected,2026-09-09T16:51:30
age77_077216.jpg,train,lips_masked,no_face_detected,2026-09-09T16:51:30
age8_002499.jpg,train,lips_masked,no_face_detected,2026-09-09T16:51:30
age7_009636.jpg,train,lips_masked,no_face_detected,2026-09-09T16:51:30
age34_020894.jpg,train,lips_masked,no_face_detected,2026-09-09T16:51:30
age38_065454.jpg,train,lips_masked,no_face_detected,2026-09-09T16:51:30
age6_011640.jpg,train,lips_masked,no_face_detected,2026-09-09T16:51:30
age71_030591.jpg,train,lips_masked,no_face_detected,2026-09-09T16:51:31
age37_069449.jpg,train,lips_masked,no_face_detected,2026-09-09T16:51:31
age54_047627.jpg,train,lips_masked,no_face_detected,2026-09-09T16:51:31
age77_083053.jpg,train,lips_masked,no_face_detected,2026-09-09T16:51:31
age37_068905.jpg,train,lips_masked,no_face_detected,2026-09-09T16:51:31
age31_017418.jpg,train,lips_masked,no_face_detected,2026-09-09T16:51:31
age65_069269.jpg,train,lips_masked,no_face_detected,2026-09-09T16:51:31
age27_023543.jpg,train,lips_masked,no_face_detected,2026-09-09T16:51:31
age72_029368.jpg,train,lips_masked,no_face_detected,2026-09-09T16:51:31
age54_048341.jpg,train,lips_masked,no_face_detected,2026-09-09T16:51:32
age41_062882.jpg,train,lips_masked,no_face_detected,2026-09-09T16:51:32
age61_081207.jpg,train,lips_masked,no_face_detected,2026-09-09T16:51:32
age62_079891.jpg,train,lips_masked,no_face_detected,2026-09-09T16:51:33
age15_074719.jpg,train,lips_masked,no_face_detected,2026-09-09T16:51:33
age36_039685.jpg,train,lips_masked,no_face_detected,2026-09-09T16:51:33
age68_033798.jpg,train,lips_masked,no_face_detected,2026-09-09T16:51:33
age16_075020.jpg,train,lips_masked,no_face_detected,2026-09-09T16:51:33
age21_058151.jpg,train,lips_masked,no_face_detected,2026-09-09T16:51:33
age40_061193.jpg,train,lips_masked,no_face_detected,2026-09-09T16:51:33
age67_029276.jpg,train,lips_masked,no_face_detected,2026-09-09T16:51:34
age10_005020.jpg,train,lips_masked,no_face_detected,2026-09-09T16:51:34
age18_021911.jpg,train,lips_masked,no_face_detected,2026-09-09T16:51:34
age5_006258.jpg,train,lips_masked,no_face_detected,2026-09-09T16:51:34
age17_073362.jpg,train,lips_masked,no_face_detected,2026-09-09T16:51:34
age53_044511.jpg,train,lips_masked,no_face_detected,2026-09-09T16:51:34
age50_015481.jpg,train,lips_masked,no_face_detected,2026-09-09T16:51:35
age27_026268.jpg,train,lips_masked,no_face_detected,2026-09-09T16:51:35
age4_051259.jpg,train,lips_masked,no_face_detected,2026-09-09T16:51:35
age53_046443.jpg,train,lips_masked,no_face_detected,2026-09-09T16:51:35
age6_007070.jpg,train,lips_masked,no_face_detected,2026-09-09T16:51:36
age3_007231.jpg,train,lips_masked,no_face_detected,2026-09-09T16:51:36
age38_066598.jpg,train,lips_masked,no_face_detected,2026-09-09T16:51:36
age67_032454.jpg,train,lips_masked,no_face_detected,2026-09-09T16:51:36
age27_021614.jpg,train,lips_masked,no_face_detected,2026-09-09T16:51:37
age20_060324.jpg,train,lips_masked,no_face_detected,2026-09-09T16:51:37
age27_024592.jpg,train,lips_masked,no_face_detected,2026-09-09T16:51:37
age38_068089.jpg,train,lips_masked,no_face_detected,2026-09-09T16:51:37
age4_052275.jpg,train,lips_masked,no_face_detected,2026-09-09T16:51:37
age38_067450.jpg,train,lips_masked,no_face_detected,2026-09-09T16:51:37
age63_048449.jpg,train,lips_masked,no_face_detected,2026-09-09T16:51:38
age55_046297.jpg,train,lips_masked,no_face_detected,2026-09-09T16:51:38
age64_079912.jpg,train,lips_masked,no_face_detected,2026-09-09T16:51:38
age43_062599.jpg,train,lips_masked,no_face_detected,2026-09-09T16:51:38
age41_061581.jpg,train,lips_masked,no_face_detected,2026-09-09T16:51:39
age74_029373.jpg,train,lips_masked,no_face_detected,2026-09-09T16:51:39
age4_050609.jpg,train,lips_masked,no_face_detected,2026-09-09T16:51:39
age58_075122.jpg,train,lips_masked,no_face_detected,2026-09-09T16:51:39
age40_062896.jpg,train,lips_masked,no_face_detected,2026-09-09T16:51:39
age2_051657.jpg,train,lips_masked,no_face_detected,2026-09-09T16:51:39
age17_072251.jpg,train,lips_masked,no_face_detected,2026-09-09T16:51:39
age26_025455.jpg,train,lips_masked,no_face_detected,2026-09-09T16:51:40
age20_055762.jpg,train,lips_masked,no_face_detected,2026-09-09T16:51:40
age25_023338.jpg,train,lips_masked,no_face_detected,2026-09-09T16:51:40
age38_069412.jpg,train,lips_masked,no_face_detected,2026-09-09T16:51:40
age47_038959.jpg,train,lips_masked,no_face_detected,2026-09-09T16:51:40
age67_033779.jpg,train,lips_masked,no_face_detected,2026-09-09T16:51:41
age42_063397.jpg,train,lips_masked,no_face_detected,2026-09-09T16:51:41
age18_046417.jpg,train,lips_masked,no_face_detected,2026-09-09T16:51:41
age54_045685.jpg,train,lips_masked,no_face_detected,2026-09-09T16:51:41
age6_010745.jpg,train,lips_masked,no_face_detected,2026-09-09T16:51:42
age40_068091.jpg,train,lips_masked,no_face_detected,2026-09-09T16:51:42
age69_031687.jpg,train,lips_masked,no_face_detected,2026-09-09T16:51:42
age20_058136.jpg,train,lips_masked,no_face_detected,2026-09-09T16:51:42
age18_070617.jpg,train,lips_masked,no_face_detected,2026-09-09T16:51:42
age34_016560.jpg,train,lips_masked,no_face_detected,2026-09-09T16:51:43
age47_024585.jpg,train,lips_masked,no_face_detected,2026-09-09T16:51:43
age4_054373.jpg,train,lips_masked,no_face_detected,2026-09-09T16:51:43
age20_056355.jpg,train,lips_masked,no_face_detected,2026-09-09T16:51:43
age76_083114.jpg,train,lips_masked,no_face_detected,2026-09-09T16:51:43
age10_002618.jpg,train,lips_masked,no_face_detected,2026-09-09T16:51:43
age61_080709.jpg,train,lips_masked,no_face_detected,2026-09-09T16:51:43
age6_009079.jpg,train,lips_masked,no_face_detected,2026-09-09T16:51:43
age41_061834.jpg,train,lips_masked,no_face_detected,2026-09-09T16:51:41
age2_050511.jpg,train,lips_masked,no_face_detected,2026-09-09T16:51:41
age79_083113.jpg,train,lips_masked,no_face_detected,2026-09-09T16:51:41
age36_069676.jpg,train,lips_masked,no_face_detected,2026-09-09T16:51:41
age31_019624.jpg,train,lips_masked,no_face_detected,2026-09-09T16:51:42
age64_045020.jpg,train,lips_masked,no_face_detected,2026-09-09T16:51:42
age6_011858.jpg,train,lips_masked,no_face_detected,2026-09-09T16:51:42
age34_014212.jpg,train,lips_masked,no_face_detected,2026-09-09T16:51:42
age15_002013.jpg,train,lips_masked,no_face_detected,2026-09-09T16:51:42
age54_047235.jpg,train,lips_masked,no_face_detected,2026-09-09T16:51:43
age6_008325.jpg,train,lips_masked,no_face_detected,2026-09-09T16:51:43
age75_030325.jpg,train,lips_masked,no_face_detected,2026-09-09T16:51:43
age27_025502.jpg,train,lips_masked,no_face_detected,2026-09-09T16:51:43
age81_030109.jpg,train,lips_masked,no_face_detected,2026-09-09T16:51:43
age21_056066.jpg,train,lips_masked,no_face_detected,2026-09-09T16:51:43
age15_005669.jpg,train,lips_masked,no_face_detected,2026-09-09T16:51:44
age58_078689.jpg,train,lips_masked,no_face_detected,2026-09-09T16:51:44
age31_019321.jpg,train,lips_masked,no_face_detected,2026-09-09T16:51:44
age58_078512.jpg,train,lips_masked,no_face_detected,2026-09-09T16:51:44
age27_025211.jpg,train,lips_masked,no_face_detected,2026-09-09T16:51:44
age54_044572.jpg,train,lips_masked,no_face_detected,2026-09-09T16:51:45
age61_079457.jpg,train,lips_masked,no_face_detected,2026-09-09T16:51:45
age17_071299.jpg,train,lips_masked,no_face_detected,2026-09-09T16:51:45
age58_076044.jpg,train,lips_masked,no_face_detected,2026-09-09T16:51:45
age48_042090.jpg,train,lips_masked,no_face_detected,2026-09-09T16:51:46
age4_054427.jpg,train,lips_masked,no_face_detected,2026-09-09T16:51:46
age58_076460.jpg,train,lips_masked,no_face_detected,2026-09-09T16:51:46
age58_077286.jpg,train,lips_masked,no_face_detected,2026-09-09T16:51:46
age38_067611.jpg,train,lips_masked,no_face_detected,2026-09-09T16:51:46
age34_017987.jpg,train,lips_masked,no_face_detected,2026-09-09T16:51:46
age47_041916.jpg,train,lips_masked,no_face_detected,2026-09-09T16:51:46
age22_009653.jpg,train,lips_masked,no_face_detected,2026-09-09T16:51:47
age18_073537.jpg,train,lips_masked,no_face_detected,2026-09-09T16:51:47
age79_083087.jpg,train,lips_masked,no_face_detected,2026-09-09T16:51:47
age4_054653.jpg,train,lips_masked,no_face_detected,2026-09-09T16:51:47
age17_074647.jpg,train,lips_masked,no_face_detected,2026-09-09T16:51:48
age42_062962.jpg,train,lips_masked,no_face_detected,2026-09-09T16:51:48
age37_068646.jpg,train,lips_masked,no_face_detected,2026-09-09T16:51:48
age38_035947.jpg,train,lips_masked,no_face_detected,2026-09-09T16:51:48
age47_015720.jpg,train,lips_masked,no_face_detected,2026-09-09T16:51:48
age38_069272.jpg,train,lips_masked,no_face_detected,2026-09-09T16:51:48
age47_039440.jpg,train,lips_masked,no_face_detected,2026-09-09T16:51:49
age41_062833.jpg,train,lips_masked,no_face_detected,2026-09-09T16:51:49
age68_035800.jpg,train,lips_masked,no_face_detected,2026-09-09T16:51:49
age60_079660.jpg,train,lips_masked,no_face_detected,2026-09-09T16:51:49
age77_021327.jpg,train,lips_masked,no_face_detected,2026-09-09T16:51:49
age17_074173.jpg,train,lips_masked,no_face_detected,2026-09-09T16:51:49
age50_045012.jpg,train,lips_masked,no_face_detected,2026-09-09T16:51:49
age69_029527.jpg,train,lips_masked,no_face_detected,2026-09-09T16:51:50
age25_026328.jpg,train,lips_masked,no_face_detected,2026-09-09T16:51:50
age13_003842.jpg,train,lips_masked,no_face_detected,2026-09-09T16:51:50
age61_079956.jpg,train,lips_masked,no_face_detected,2026-09-09T16:51:50
age75_029339.jpg,train,lips_masked,no_face_detected,2026-09-09T16:51:50
age49_038351.jpg,train,lips_masked,no_face_detected,2026-09-09T16:51:50
age79_083265.jpg,train,lips_masked,no_face_detected,2026-09-09T16:51:50
age40_061048.jpg,train,lips_masked,no_face_detected,2026-09-09T16:51:51
age36_069504.jpg,train,lips_masked,no_face_detected,2026-09-09T16:51:51
age64_081360.jpg,train,lips_masked,no_face_detected,2026-09-09T16:51:51
age69_032982.jpg,train,lips_masked,no_face_detected,2026-09-09T16:51:51
age62_080737.jpg,train,lips_masked,no_face_detected,2026-09-09T16:51:51
26_0_0_20170113210126964.jpg,train,lips_masked,no_face_detected,2026-09-09T16:51:51
age77_045691.jpg,train,lips_masked,no_face_detected,2026-09-09T16:51:51
age34_019978.jpg,train,lips_masked,no_face_detected,2026-09-09T16:51:51
age40_064677.jpg,train,lips_masked,no_face_detected,2026-09-09T16:51:52
age31_014686.jpg,train,lips_masked,no_face_detected,2026-09-09T16:51:52
age38_069950.jpg,train,lips_masked,no_face_detected,2026-09-09T16:51:52
age42_062009.jpg,train,lips_masked,no_face_detected,2026-09-09T16:51:52
age12_005366.jpg,train,lips_masked,no_face_detected,2026-09-09T16:51:53
age10_001110.jpg,train,lips_masked,no_face_detected,2026-09-09T16:51:53
age30_024867.jpg,train,lips_masked,no_face_detected,2026-09-09T16:51:53
age54_047170.jpg,train,lips_masked,no_face_detected,2026-09-09T16:51:53
95_1_0_20170120140026048.jpg,train,lips_masked,no_face_detected,2026-09-09T16:51:53
age54_044441.jpg,train,lips_masked,no_face_detected,2026-09-09T16:51:54
age25_058747.jpg,train,lips_masked,no_face_detected,2026-09-09T16:51:54
age69_036029.jpg,train,lips_masked,no_face_detected,2026-09-09T16:51:54
age4_054266.jpg,train,lips_masked,no_face_detected,2026-09-09T16:51:54
age53_047248.jpg,train,lips_masked,no_face_detected,2026-09-09T16:51:54
age69_031567.jpg,train,lips_masked,no_face_detected,2026-09-09T16:51:54
age48_042669.jpg,train,lips_masked,no_face_detected,2026-09-09T16:51:54
age42_034420.jpg,train,lips_masked,no_face_detected,2026-09-09T16:51:55
age46_038056.jpg,train,lips_masked,no_face_detected,2026-09-09T16:51:55
age55_078978.jpg,train,lips_masked,no_face_detected,2026-09-09T16:51:55
age27_021305.jpg,train,lips_masked,no_face_detected,2026-09-09T16:51:55
age9_011112.jpg,train,lips_masked,no_face_detected,2026-09-09T16:51:55
age24_058489.jpg,train,lips_masked,no_face_detected,2026-09-09T16:51:56
age67_035396.jpg,train,lips_masked,no_face_detected,2026-09-09T16:51:56
age37_068213.jpg,train,lips_masked,no_face_detected,2026-09-09T16:51:56
age38_043031.jpg,train,lips_masked,no_face_detected,2026-09-09T16:51:56
age52_028670.jpg,train,lips_masked,no_face_detected,2026-09-09T16:51:56
age49_040486.jpg,train,lips_masked,no_face_detected,2026-09-09T16:51:56
age17_074726.jpg,train,lips_masked,no_face_detected,2026-09-09T16:51:56
age42_062475.jpg,train,lips_masked,no_face_detected,2026-09-09T16:51:56
age38_065953.jpg,train,lips_masked,no_face_detected,2026-09-09T16:51:56
age27_023174.jpg,train,lips_masked,no_face_detected,2026-09-09T16:51:57
age82_083895.jpg,train,lips_masked,no_face_detected,2026-09-09T16:51:57
age60_076961.jpg,train,lips_masked,no_face_detected,2026-09-09T16:51:57
age57_079165.jpg,train,lips_masked,no_face_detected,2026-09-09T16:51:57
age65_081695.jpg,train,lips_masked,no_face_detected,2026-09-09T16:51:57
age64_080626.jpg,train,lips_masked,no_face_detected,2026-09-09T16:51:57
age85_076304.jpg,train,lips_masked,no_face_detected,2026-09-09T16:51:57
age18_071495.jpg,train,lips_masked,no_face_detected,2026-09-09T16:51:58
age10_000275.jpg,train,lips_masked,no_face_detected,2026-09-09T16:51:58
age54_045218.jpg,train,lips_masked,no_face_detected,2026-09-09T16:51:58
age6_010946.jpg,train,lips_masked,no_face_detected,2026-09-09T16:51:58
age60_077421.jpg,train,lips_masked,no_face_detected,2026-09-09T16:51:58
age65_082092.jpg,train,lips_masked,no_face_detected,2026-09-09T16:51:59
age47_040098.jpg,train,lips_masked,no_face_detected,2026-09-09T16:51:59
age66_034545.jpg,train,lips_masked,no_face_detected,2026-09-09T16:51:59
age34_014805.jpg,train,lips_masked,no_face_detected,2026-09-09T16:51:59
age60_080390.jpg,train,lips_masked,no_face_detected,2026-09-09T16:51:59
age17_072334.jpg,train,lips_masked,no_face_detected,2026-09-09T16:51:59
age38_066043.jpg,train,lips_masked,no_face_detected,2026-09-09T16:51:59
age32_018057.jpg,train,lips_masked,no_face_detected,2026-09-09T16:51:59
age47_038676.jpg,train,lips_masked,no_face_detected,2026-09-09T16:52:00
age40_026213.jpg,train,lips_masked,no_face_detected,2026-09-09T16:52:00
age67_033523.jpg,train,lips_masked,no_face_detected,2026-09-09T16:52:00
age69_035118.jpg,train,lips_masked,no_face_detected,2026-09-09T16:52:00
age71_029081.jpg,train,lips_masked,no_face_detected,2026-09-09T16:52:00
age65_082073.jpg,train,lips_masked,no_face_detected,2026-09-09T16:52:00
age28_021541.jpg,train,lips_masked,no_face_detected,2026-09-09T16:52:00
age67_032683.jpg,train,lips_masked,no_face_detected,2026-09-09T16:52:01
age20_056978.jpg,train,lips_masked,no_face_detected,2026-09-09T16:52:01
age54_049083.jpg,train,lips_masked,no_face_detected,2026-09-09T16:52:01
age45_043030.jpg,train,lips_masked,no_face_detected,2026-09-09T16:52:02
age18_074678.jpg,train,lips_masked,no_face_detected,2026-09-09T16:52:02
age34_020287.jpg,train,lips_masked,no_face_detected,2026-09-09T16:52:02
age67_034574.jpg,train,lips_masked,no_face_detected,2026-09-09T16:52:02
age57_001879.jpg,train,lips_masked,no_face_detected,2026-09-09T16:52:02
age38_021818.jpg,train,lips_masked,no_face_detected,2026-09-09T16:52:02
age61_081623.jpg,train,lips_masked,no_face_detected,2026-09-09T16:52:02
age50_038114.jpg,train,lips_masked,no_face_detected,2026-09-09T16:52:03
age4_025486.jpg,train,lips_masked,no_face_detected,2026-09-09T16:52:03
age20_018354.jpg,train,lips_masked,no_face_detected,2026-09-09T16:52:03
age68_034807.jpg,train,lips_masked,no_face_detected,2026-09-09T16:52:03
age68_032391.jpg,train,lips_masked,no_face_detected,2026-09-09T16:52:03
age27_023398.jpg,train,lips_masked,no_face_detected,2026-09-09T16:52:03
age4_054122.jpg,train,lips_masked,no_face_detected,2026-09-09T16:52:03
age65_035395.jpg,train,lips_masked,no_face_detected,2026-09-09T16:52:03
age41_019235.jpg,train,lips_masked,no_face_detected,2026-09-09T16:52:04
age37_069399.jpg,train,lips_masked,no_face_detected,2026-09-09T16:52:04
age33_020413.jpg,train,lips_masked,no_face_detected,2026-09-09T16:52:04
age11_006675.jpg,train,lips_masked,no_face_detected,2026-09-09T16:52:04
age54_046610.jpg,train,lips_masked,no_face_detected,2026-09-09T16:52:04
age7_012012.jpg,train,lips_masked,no_face_detected,2026-09-09T16:52:04
age65_034689.jpg,train,lips_masked,no_face_detected,2026-09-09T16:52:04
age67_031366.jpg,train,lips_masked,no_face_detected,2026-09-09T16:52:04
age47_037596.jpg,train,lips_masked,no_face_detected,2026-09-09T16:52:04
age15_001673.jpg,train,lips_masked,no_face_detected,2026-09-09T16:52:04
age19_072150.jpg,train,lips_masked,no_face_detected,2026-09-09T16:52:04
age4_054504.jpg,train,lips_masked,no_face_detected,2026-09-09T16:52:05
age30_017801.jpg,train,lips_masked,no_face_detected,2026-09-09T16:52:05
age58_077074.jpg,train,lips_masked,no_face_detected,2026-09-09T16:52:05
age54_046115.jpg,train,lips_masked,no_face_detected,2026-09-09T16:52:05
age40_065364.jpg,train,lips_masked,no_face_detected,2026-09-09T16:52:06
age20_023627.jpg,train,lips_masked,no_face_detected,2026-09-09T16:52:06
age55_044334.jpg,train,lips_masked,no_face_detected,2026-09-09T16:52:06
age23_023992.jpg,train,lips_masked,no_face_detected,2026-09-09T16:52:06
age8_007273.jpg,train,lips_masked,no_face_detected,2026-09-09T16:52:07
age71_027781.jpg,train,lips_masked,no_face_detected,2026-09-09T16:52:07
age55_046478.jpg,train,lips_masked,no_face_detected,2026-09-09T16:52:07
age32_015272.jpg,train,lips_masked,no_face_detected,2026-09-09T16:52:07
age21_056788.jpg,train,lips_masked,no_face_detected,2026-09-09T16:52:07
age71_029297.jpg,train,lips_masked,no_face_detected,2026-09-09T16:52:07
age72_028970.jpg,train,lips_masked,no_face_detected,2026-09-09T16:52:07
age4_051825.jpg,train,lips_masked,no_face_detected,2026-09-09T16:52:07
age4_009850.jpg,train,lips_masked,no_face_detected,2026-09-09T16:52:07
age28_026272.jpg,train,lips_masked,no_face_detected,2026-09-09T16:52:07
age31_018029.jpg,train,lips_masked,no_face_detected,2026-09-09T16:52:07
age46_038951.jpg,train,lips_masked,no_face_detected,2026-09-09T16:52:08
age73_027953.jpg,train,lips_masked,no_face_detected,2026-09-09T16:52:08
age25_060241.jpg,train,lips_masked,no_face_detected,2026-09-09T16:52:08
age41_061563.jpg,train,lips_masked,no_face_detected,2026-09-09T16:52:08
age34_019428.jpg,train,lips_masked,no_face_detected,2026-09-09T16:52:08
age38_065175.jpg,train,lips_masked,no_face_detected,2026-09-09T16:52:08
age50_046514.jpg,train,lips_masked,no_face_detected,2026-09-09T16:52:08
age34_014545.jpg,train,lips_masked,no_face_detected,2026-09-09T16:52:08
age33_018583.jpg,train,lips_masked,no_face_detected,2026-09-09T16:52:09
age84_083885.jpg,train,lips_masked,no_face_detected,2026-09-09T16:52:09
age21_056158.jpg,train,lips_masked,no_face_detected,2026-09-09T16:52:09
age27_026805.jpg,train,lips_masked,no_face_detected,2026-09-09T16:52:09
age4_054053.jpg,train,lips_masked,no_face_detected,2026-09-09T16:52:10
age38_068280.jpg,train,lips_masked,no_face_detected,2026-09-09T16:52:10
age47_038663.jpg,train,lips_masked,no_face_detected,2026-09-09T16:52:10
age70_029914.jpg,train,lips_masked,no_face_detected,2026-09-09T16:52:10
age54_048342.jpg,train,lips_masked,no_face_detected,2026-09-09T16:52:10
age29_023975.jpg,train,lips_masked,no_face_detected,2026-09-09T16:52:11
age40_044718.jpg,train,lips_masked,no_face_detected,2026-09-09T16:52:11
age41_063933.jpg,train,lips_masked,no_face_detected,2026-09-09T16:52:11
age13_005603.jpg,train,lips_masked,no_face_detected,2026-09-09T16:52:11
age66_036613.jpg,train,lips_masked,no_face_detected,2026-09-09T16:52:11
age31_020014.jpg,train,lips_masked,no_face_detected,2026-09-09T16:52:11
age31_017146.jpg,train,lips_masked,no_face_detected,2026-09-09T16:52:11
age50_050070.jpg,train,lips_masked,no_face_detected,2026-09-09T16:52:12
age48_038705.jpg,train,lips_masked,no_face_detected,2026-09-09T16:52:12
age27_021499.jpg,train,lips_masked,no_face_detected,2026-09-09T16:52:12
age34_020098.jpg,train,lips_masked,no_face_detected,2026-09-09T16:52:12
age27_026875.jpg,train,lips_masked,no_face_detected,2026-09-09T16:52:12
age75_027566.jpg,train,lips_masked,no_face_detected,2026-09-09T16:52:12
age61_075326.jpg,train,lips_masked,no_face_detected,2026-09-09T16:52:12
age78_083533.jpg,train,lips_masked,no_face_detected,2026-09-09T16:52:12
age16_057369.jpg,train,lips_masked,no_face_detected,2026-09-09T16:52:12
age50_037303.jpg,train,lips_masked,no_face_detected,2026-09-09T16:52:13
age58_077023.jpg,train,lips_masked,no_face_detected,2026-09-09T16:52:13
age36_064402.jpg,train,lips_masked,no_face_detected,2026-09-09T16:52:13
age38_067320.jpg,train,lips_masked,no_face_detected,2026-09-09T16:52:10
age30_024132.jpg,train,lips_masked,no_face_detected,2026-09-09T16:52:10
age40_062686.jpg,train,lips_masked,no_face_detected,2026-09-09T16:52:10
age66_032365.jpg,train,lips_masked,no_face_detected,2026-09-09T16:52:10
age45_061837.jpg,train,lips_masked,no_face_detected,2026-09-09T16:52:10
age40_056335.jpg,train,lips_masked,no_face_detected,2026-09-09T16:52:11
age40_062989.jpg,train,lips_masked,no_face_detected,2026-09-09T16:52:11
age54_046534.jpg,train,lips_masked,no_face_detected,2026-09-09T16:52:11
age10_006473.jpg,train,lips_masked,no_face_detected,2026-09-09T16:52:11
age82_079506.jpg,train,lips_masked,no_face_detected,2026-09-09T16:52:11
age18_074410.jpg,train,lips_masked,no_face_detected,2026-09-09T16:52:12
age79_083066.jpg,train,lips_masked,no_face_detected,2026-09-09T16:52:12
age21_057958.jpg,train,lips_masked,no_face_detected,2026-09-09T16:52:12
age34_016514.jpg,train,lips_masked,no_face_detected,2026-09-09T16:52:12
age27_022632.jpg,train,lips_masked,no_face_detected,2026-09-09T16:52:12
age6_009964.jpg,train,lips_masked,no_face_detected,2026-09-09T16:52:13
age4_055112.jpg,train,lips_masked,no_face_detected,2026-09-09T16:52:13
age58_040483.jpg,train,lips_masked,no_face_detected,2026-09-09T16:52:13
age76_034399.jpg,train,lips_masked,no_face_detected,2026-09-09T16:52:13
age40_023181.jpg,train,lips_masked,no_face_detected,2026-09-09T16:52:13
age27_024653.jpg,train,lips_masked,no_face_detected,2026-09-09T16:52:14
age15_000797.jpg,train,lips_masked,no_face_detected,2026-09-09T16:52:14
age22_059822.jpg,train,lips_masked,no_face_detected,2026-09-09T16:52:14
age65_081209.jpg,train,lips_masked,no_face_detected,2026-09-09T16:52:14
age33_015976.jpg,train,lips_masked,no_face_detected,2026-09-09T16:52:14
age27_025064.jpg,train,lips_masked,no_face_detected,2026-09-09T16:52:14
age20_056206.jpg,train,lips_masked,no_face_detected,2026-09-09T16:52:14
age65_056843.jpg,train,lips_masked,no_face_detected,2026-09-09T16:52:15
age65_034685.jpg,train,lips_masked,no_face_detected,2026-09-09T16:52:15
age22_056381.jpg,train,lips_masked,no_face_detected,2026-09-09T16:52:15
age50_040873.jpg,train,lips_masked,no_face_detected,2026-09-09T16:52:15
age21_060068.jpg,train,lips_masked,no_face_detected,2026-09-09T16:52:15
age54_046400.jpg,train,lips_masked,no_face_detected,2026-09-09T16:52:16
age37_068529.jpg,train,lips_masked,no_face_detected,2026-09-09T16:52:16
age38_026588.jpg,train,lips_masked,no_face_detected,2026-09-09T16:52:16
age67_032743.jpg,train,lips_masked,no_face_detected,2026-09-09T16:52:16
age65_079496.jpg,train,lips_masked,no_face_detected,2026-09-09T16:52:17
age11_000595.jpg,train,lips_masked,no_face_detected,2026-09-09T16:52:17
age6_007901.jpg,train,lips_masked,no_face_detected,2026-09-09T16:52:17
age18_074457.jpg,train,lips_masked,no_face_detected,2026-09-09T16:52:17
age18_073471.jpg,train,lips_masked,no_face_detected,2026-09-09T16:52:17
age20_055478.jpg,train,lips_masked,no_face_detected,2026-09-09T16:52:17
age16_074710.jpg,train,lips_masked,no_face_detected,2026-09-09T16:52:17
age10_001713.jpg,train,lips_masked,no_face_detected,2026-09-09T16:52:18
age55_075540.jpg,train,lips_masked,no_face_detected,2026-09-09T16:52:18
age18_072269.jpg,train,lips_masked,no_face_detected,2026-09-09T16:52:18
age55_079205.jpg,train,lips_masked,no_face_detected,2026-09-09T16:52:18
age7_007762.jpg,train,lips_masked,no_face_detected,2026-09-09T16:52:18
age11_005274.jpg,train,lips_masked,no_face_detected,2026-09-09T16:52:18
age42_061586.jpg,train,lips_masked,no_face_detected,2026-09-09T16:52:18
age10_010557.jpg,train,lips_masked,no_face_detected,2026-09-09T16:52:18
age58_079061.jpg,train,lips_masked,no_face_detected,2026-09-09T16:52:19
age37_065121.jpg,train,lips_masked,no_face_detected,2026-09-09T16:52:19
age50_039229.jpg,train,lips_masked,no_face_detected,2026-09-09T16:52:19
age53_046815.jpg,train,lips_masked,no_face_detected,2026-09-09T16:52:19
age50_042303.jpg,train,lips_masked,no_face_detected,2026-09-09T16:52:19
36_0_3_20170119191944665.jpg,train,lips_masked,no_face_detected,2026-09-09T16:52:19
age54_018572.jpg,train,lips_masked,no_face_detected,2026-09-09T16:52:20
age27_020278.jpg,train,lips_masked,no_face_detected,2026-09-09T16:52:20
age68_031664.jpg,train,lips_masked,no_face_detected,2026-09-09T16:52:20
age41_064232.jpg,train,lips_masked,no_face_detected,2026-09-09T16:52:20
age41_064679.jpg,train,lips_masked,no_face_detected,2026-09-09T16:52:21
age27_024059.jpg,train,lips_masked,no_face_detected,2026-09-09T16:52:21
age41_062662.jpg,train,lips_masked,no_face_detected,2026-09-09T16:52:21
age48_038319.jpg,train,lips_masked,no_face_detected,2026-09-09T16:52:21
age53_048999.jpg,train,lips_masked,no_face_detected,2026-09-09T16:52:21
age64_081934.jpg,train,lips_masked,no_face_detected,2026-09-09T16:52:22
age27_023108.jpg,train,lips_masked,no_face_detected,2026-09-09T16:52:22
age4_050712.jpg,train,lips_masked,no_face_detected,2026-09-09T16:52:22
age71_029644.jpg,train,lips_masked,no_face_detected,2026-09-09T16:52:22
age40_065129.jpg,train,lips_masked,no_face_detected,2026-09-09T16:52:22
age68_031873.jpg,train,lips_masked,no_face_detected,2026-09-09T16:52:23
age10_012940.jpg,train,lips_masked,no_face_detected,2026-09-09T16:52:23
age33_020519.jpg,train,lips_masked,no_face_detected,2026-09-09T16:52:23
age27_026310.jpg,train,lips_masked,no_face_detected,2026-09-09T16:52:23
age80_083052.jpg,train,lips_masked,no_face_detected,2026-09-09T16:52:23
age53_049014.jpg,train,lips_masked,no_face_detected,2026-09-09T16:52:24
age38_065405.jpg,train,lips_masked,no_face_detected,2026-09-09T16:52:24
age21_059364.jpg,train,lips_masked,no_face_detected,2026-09-09T16:52:24
age11_003426.jpg,train,lips_masked,no_face_detected,2026-09-09T16:52:24
age55_077726.jpg,train,lips_masked,no_face_detected,2026-09-09T16:52:24
age18_070828.jpg,train,lips_masked,no_face_detected,2026-09-09T16:52:25
age67_032036.jpg,train,lips_masked,no_face_detected,2026-09-09T16:52:25
age31_018140.jpg,train,lips_masked,no_face_detected,2026-09-09T16:52:25
age41_062023.jpg,train,lips_masked,no_face_detected,2026-09-09T16:52:25
age53_048700.jpg,train,lips_masked,no_face_detected,2026-09-09T16:52:25
age6_007666.jpg,train,lips_masked,no_face_detected,2026-09-09T16:52:25
age81_015601.jpg,train,lips_masked,no_face_detected,2026-09-09T16:52:26
age13_006265.jpg,train,lips_masked,no_face_detected,2026-09-09T16:52:26
age41_062049.jpg,train,lips_masked,no_face_detected,2026-09-09T16:52:26
age53_048652.jpg,train,lips_masked,no_face_detected,2026-09-09T16:52:26
age89_027333.jpg,train,lips_masked,no_face_detected,2026-09-09T16:52:26
age71_028908.jpg,train,lips_masked,no_face_detected,2026-09-09T16:52:26
age8_007307.jpg,train,lips_masked,no_face_detected,2026-09-09T16:52:26
age27_023737.jpg,train,lips_masked,no_face_detected,2026-09-09T16:52:26
age6_009891.jpg,train,lips_masked,no_face_detected,2026-09-09T16:52:27
age48_040261.jpg,train,lips_masked,no_face_detected,2026-09-09T16:52:27
age48_039448.jpg,train,lips_masked,no_face_detected,2026-09-09T16:52:27
age6_012750.jpg,train,lips_masked,no_face_detected,2026-09-09T16:52:27
age40_065926.jpg,train,lips_masked,no_face_detected,2026-09-09T16:52:27
age15_005977.jpg,train,lips_masked,no_face_detected,2026-09-09T16:52:27
age73_029896.jpg,train,lips_masked,no_face_detected,2026-09-09T16:52:28
age31_015667.jpg,train,lips_masked,no_face_detected,2026-09-09T16:52:28
age66_036075.jpg,train,lips_masked,no_face_detected,2026-09-09T16:52:28
age31_018627.jpg,train,lips_masked,no_face_detected,2026-09-09T16:52:28
age22_060339.jpg,train,lips_masked,no_face_detected,2026-09-09T16:52:29
age23_058361.jpg,train,lips_masked,no_face_detected,2026-09-09T16:52:29
age18_070702.jpg,train,lips_masked,no_face_detected,2026-09-09T16:52:29
age60_079064.jpg,train,lips_masked,no_face_detected,2026-09-09T16:52:31
age48_044174.jpg,train,lips_masked,no_face_detected,2026-09-09T16:52:31
age9_008799.jpg,train,lips_masked,no_face_detected,2026-09-09T16:52:31
age62_081199.jpg,train,lips_masked,no_face_detected,2026-09-09T16:52:31
age41_062996.jpg,train,lips_masked,no_face_detected,2026-09-09T16:52:31
age21_059167.jpg,train,lips_masked,no_face_detected,2026-09-09T16:52:31
28_1_1_20170117022158414.jpg,train,lips_masked,no_face_detected,2026-09-09T16:52:31
age11_001266.jpg,train,lips_masked,no_face_detected,2026-09-09T16:52:32
age6_013132.jpg,train,lips_masked,no_face_detected,2026-09-09T16:52:32
age31_016627.jpg,train,lips_masked,no_face_detected,2026-09-09T16:52:32
age66_032701.jpg,train,lips_masked,no_face_detected,2026-09-09T16:52:32
age31_019555.jpg,train,lips_masked,no_face_detected,2026-09-09T16:52:33
age31_014560.jpg,train,lips_masked,no_face_detected,2026-09-09T16:52:33
age67_032521.jpg,train,lips_masked,no_face_detected,2026-09-09T16:52:33
age50_048669.jpg,train,lips_masked,no_face_detected,2026-09-09T16:52:33
age53_044954.jpg,train,lips_masked,no_face_detected,2026-09-09T16:52:33
age62_080095.jpg,train,lips_masked,no_face_detected,2026-09-09T16:52:33
age54_027947.jpg,train,lips_masked,no_face_detected,2026-09-09T16:52:33
age58_078209.jpg,train,lips_masked,no_face_detected,2026-09-09T16:52:33
age41_061771.jpg,train,lips_masked,no_face_detected,2026-09-09T16:52:33
age68_031215.jpg,train,lips_masked,no_face_detected,2026-09-09T16:52:33
age28_025531.jpg,train,lips_masked,no_face_detected,2026-09-09T16:52:34
age57_075932.jpg,train,lips_masked,no_face_detected,2026-09-09T16:52:34
age70_030605.jpg,train,lips_masked,no_face_detected,2026-09-09T16:52:34
age64_082064.jpg,train,lips_masked,no_face_detected,2026-09-09T16:52:34
age25_057457.jpg,train,lips_masked,no_face_detected,2026-09-09T16:52:34
age34_013758.jpg,train,lips_masked,no_face_detected,2026-09-09T16:52:34
age18_073591.jpg,train,lips_masked,no_face_detected,2026-09-09T16:52:34
age4_054935.jpg,train,lips_masked,no_face_detected,2026-09-09T16:52:35
age50_036929.jpg,train,lips_masked,no_face_detected,2026-09-09T16:52:35
age37_069378.jpg,train,lips_masked,no_face_detected,2026-09-09T16:52:35
age60_081412.jpg,train,lips_masked,no_face_detected,2026-09-09T16:52:35
age4_010154.jpg,train,lips_masked,no_face_detected,2026-09-09T16:52:35
age66_033323.jpg,train,lips_masked,no_face_detected,2026-09-09T16:52:35
age58_075747.jpg,train,lips_masked,no_face_detected,2026-09-09T16:52:36
age31_017249.jpg,train,lips_masked,no_face_detected,2026-09-09T16:52:36
age50_048245.jpg,train,lips_masked,no_face_detected,2026-09-09T16:52:36
age61_082657.jpg,train,lips_masked,no_face_detected,2026-09-09T16:52:36
age20_059785.jpg,train,lips_masked,no_face_detected,2026-09-09T16:52:36
age49_029947.jpg,train,lips_masked,no_face_detected,2026-09-09T16:52:36
age58_046805.jpg,train,lips_masked,no_face_detected,2026-09-09T16:52:37
age40_062753.jpg,train,lips_masked,no_face_detected,2026-09-09T16:52:37
age58_043992.jpg,train,lips_masked,no_face_detected,2026-09-09T16:52:37
age64_029384.jpg,train,lips_masked,no_face_detected,2026-09-09T16:52:37
age52_038505.jpg,train,lips_masked,no_face_detected,2026-09-09T16:52:37
age83_027310.jpg,train,lips_masked,no_face_detected,2026-09-09T16:52:37
age49_039151.jpg,train,lips_masked,no_face_detected,2026-09-09T16:52:37
age69_031859.jpg,train,lips_masked,no_face_detected,2026-09-09T16:52:38
age14_005116.jpg,train,lips_masked,no_face_detected,2026-09-09T16:52:38
age6_008522.jpg,train,lips_masked,no_face_detected,2026-09-09T16:52:38
age67_032712.jpg,train,lips_masked,no_face_detected,2026-09-09T16:52:38
age42_060893.jpg,train,lips_masked,no_face_detected,2026-09-09T16:52:38
age40_026131.jpg,train,lips_masked,no_face_detected,2026-09-09T16:52:38
age27_023757.jpg,train,lips_masked,no_face_detected,2026-09-09T16:52:39
age30_026600.jpg,train,lips_masked,no_face_detected,2026-09-09T16:52:39
age19_072544.jpg,train,lips_masked,no_face_detected,2026-09-09T16:52:39
age48_040236.jpg,train,lips_masked,no_face_detected,2026-09-09T16:52:39
age41_062281.jpg,train,lips_masked,no_face_detected,2026-09-09T16:52:39
age58_049405.jpg,train,lips_masked,no_face_detected,2026-09-09T16:52:39
age55_078267.jpg,train,lips_masked,no_face_detected,2026-09-09T16:52:40
age75_062649.jpg,train,lips_masked,no_face_detected,2026-09-09T16:52:40
age27_025433.jpg,train,lips_masked,no_face_detected,2026-09-09T16:52:40
age10_008152.jpg,train,lips_masked,no_face_detected,2026-09-09T16:52:40
age52_039489.jpg,train,lips_masked,no_face_detected,2026-09-09T16:52:40
age67_036729.jpg,train,lips_masked,no_face_detected,2026-09-09T16:52:41
age18_023590.jpg,train,lips_masked,no_face_detected,2026-09-09T16:52:41
age45_020110.jpg,train,lips_masked,no_face_detected,2026-09-09T16:52:41
age71_028373.jpg,train,lips_masked,no_face_detected,2026-09-09T16:52:41
age47_041847.jpg,train,lips_masked,no_face_detected,2026-09-09T16:52:42
age27_021348.jpg,train,lips_masked,no_face_detected,2026-09-09T16:52:42
age44_064313.jpg,train,lips_masked,no_face_detected,2026-09-09T16:52:42
age21_060373.jpg,train,lips_masked,no_face_detected,2026-09-09T16:52:42
age36_065075.jpg,train,lips_masked,no_face_detected,2026-09-09T16:52:42
age9_011614.jpg,train,lips_masked,no_face_detected,2026-09-09T16:52:42
age50_036956.jpg,train,lips_masked,no_face_detected,2026-09-09T16:52:42
age31_020815.jpg,train,lips_masked,no_face_detected,2026-09-09T16:52:39
age48_041242.jpg,train,lips_masked,no_face_detected,2026-09-09T16:52:39
age20_059836.jpg,train,lips_masked,no_face_detected,2026-09-09T16:52:39
age50_043481.jpg,train,lips_masked,no_face_detected,2026-09-09T16:52:40
age6_011775.jpg,train,lips_masked,no_face_detected,2026-09-09T16:52:40
age11_000281.jpg,train,lips_masked,no_face_detected,2026-09-09T16:52:40
age52_029521.jpg,train,lips_masked,no_face_detected,2026-09-09T16:52:40
age57_076445.jpg,train,lips_masked,no_face_detected,2026-09-09T16:52:41
age27_022833.jpg,train,lips_masked,no_face_detected,2026-09-09T16:52:41
age54_049940.jpg,train,lips_masked,no_face_detected,2026-09-09T16:52:41
age69_031222.jpg,train,lips_masked,no_face_detected,2026-09-09T16:52:41
age33_018684.jpg,train,lips_masked,no_face_detected,2026-09-09T16:52:41
age27_021547.jpg,train,lips_masked,no_face_detected,2026-09-09T16:52:41
age20_070832.jpg,train,lips_masked,no_face_detected,2026-09-09T16:52:41
age28_022495.jpg,train,lips_masked,no_face_detected,2026-09-09T16:52:41
age52_047352.jpg,train,lips_masked,no_face_detected,2026-09-09T16:52:42
age61_081951.jpg,train,lips_masked,no_face_detected,2026-09-09T16:52:42
age34_017450.jpg,train,lips_masked,no_face_detected,2026-09-09T16:52:42
age20_057464.jpg,train,lips_masked,no_face_detected,2026-09-09T16:52:42
age27_023655.jpg,train,lips_masked,no_face_detected,2026-09-09T16:52:42
age13_003439.jpg,train,lips_masked,no_face_detected,2026-09-09T16:52:42
age34_015661.jpg,train,lips_masked,no_face_detected,2026-09-09T16:52:42
age15_002254.jpg,train,lips_masked,no_face_detected,2026-09-09T16:52:43
age4_052525.jpg,train,lips_masked,no_face_detected,2026-09-09T16:52:43
age27_023182.jpg,train,lips_masked,no_face_detected,2026-09-09T16:52:43
age31_014076.jpg,train,lips_masked,no_face_detected,2026-09-09T16:52:43
age54_048044.jpg,train,lips_masked,no_face_detected,2026-09-09T16:52:43
age15_006689.jpg,train,lips_masked,no_face_detected,2026-09-09T16:52:43
age6_007045.jpg,train,lips_masked,no_face_detected,2026-09-09T16:52:43
age37_067530.jpg,train,lips_masked,no_face_detected,2026-09-09T16:52:43
age79_083368.jpg,train,lips_masked,no_face_detected,2026-09-09T16:52:44
age38_068873.jpg,train,lips_masked,no_face_detected,2026-09-09T16:52:44
age53_041247.jpg,train,lips_masked,no_face_detected,2026-09-09T16:52:44
age38_066173.jpg,train,lips_masked,no_face_detected,2026-09-09T16:52:44
age36_070047.jpg,train,lips_masked,no_face_detected,2026-09-09T16:52:45
age62_080493.jpg,train,lips_masked,no_face_detected,2026-09-09T16:52:45
age47_042338.jpg,train,lips_masked,no_face_detected,2026-09-09T16:52:45
age6_007159.jpg,train,lips_masked,no_face_detected,2026-09-09T16:52:45
age41_061780.jpg,train,lips_masked,no_face_detected,2026-09-09T16:52:46
age31_018881.jpg,train,lips_masked,no_face_detected,2026-09-09T16:52:46
age25_021169.jpg,train,lips_masked,no_face_detected,2026-09-09T16:52:46
age37_065557.jpg,train,lips_masked,no_face_detected,2026-09-09T16:52:46
age48_042743.jpg,train,lips_masked,no_face_detected,2026-09-09T16:52:47
age4_052476.jpg,train,lips_masked,no_face_detected,2026-09-09T16:52:47
age41_060835.jpg,train,lips_masked,no_face_detected,2026-09-09T16:52:47
age53_048499.jpg,train,lips_masked,no_face_detected,2026-09-09T16:52:47
age29_000821.jpg,train,lips_masked,no_face_detected,2026-09-09T16:52:47
age41_049347.jpg,train,lips_masked,no_face_detected,2026-09-09T16:52:47
age40_063727.jpg,train,lips_masked,no_face_detected,2026-09-09T16:52:47
age25_022930.jpg,train,lips_masked,no_face_detected,2026-09-09T16:52:47
age19_022474.jpg,train,lips_masked,no_face_detected,2026-09-09T16:52:48
age37_068578.jpg,train,lips_masked,no_face_detected,2026-09-09T16:52:48
age10_005455.jpg,train,lips_masked,no_face_detected,2026-09-09T16:52:48
age50_040204.jpg,train,lips_masked,no_face_detected,2026-09-09T16:52:48
age13_001445.jpg,train,lips_masked,no_face_detected,2026-09-09T16:52:48
age54_049125.jpg,train,lips_masked,no_face_detected,2026-09-09T16:52:48
age70_036283.jpg,train,lips_masked,no_face_detected,2026-09-09T16:52:49
age4_051047.jpg,train,lips_masked,no_face_detected,2026-09-09T16:52:49
age25_057149.jpg,train,lips_masked,no_face_detected,2026-09-09T16:52:49
age41_061477.jpg,train,lips_masked,no_face_detected,2026-09-09T16:52:49
age32_017287.jpg,train,lips_masked,no_face_detected,2026-09-09T16:52:49
age67_033368.jpg,train,lips_masked,no_face_detected,2026-09-09T16:52:49
age41_064056.jpg,train,lips_masked,no_face_detected,2026-09-09T16:52:49
age50_039005.jpg,train,lips_masked,no_face_detected,2026-09-09T16:52:49
age47_041341.jpg,train,lips_masked,no_face_detected,2026-09-09T16:52:50
age60_081863.jpg,train,lips_masked,no_face_detected,2026-09-09T16:52:50
age4_051198.jpg,train,lips_masked,no_face_detected,2026-09-09T16:52:50
age34_016298.jpg,train,lips_masked,no_face_detected,2026-09-09T16:52:50
age37_067241.jpg,train,lips_masked,no_face_detected,2026-09-09T16:52:50
age37_068668.jpg,train,lips_masked,no_face_detected,2026-09-09T16:52:50
age25_027087.jpg,train,lips_masked,no_face_detected,2026-09-09T16:52:50
age48_040763.jpg,train,lips_masked,no_face_detected,2026-09-09T16:52:51
age58_078543.jpg,train,lips_masked,no_face_detected,2026-09-09T16:52:51
age6_013029.jpg,train,lips_masked,no_face_detected,2026-09-09T16:52:51
age31_020886.jpg,train,lips_masked,no_face_detected,2026-09-09T16:52:51
age53_047033.jpg,train,lips_masked,no_face_detected,2026-09-09T16:52:51
age47_037090.jpg,train,lips_masked,no_face_detected,2026-09-09T16:52:51
age37_065325.jpg,train,lips_masked,no_face_detected,2026-09-09T16:52:52
age69_036046.jpg,train,lips_masked,no_face_detected,2026-09-09T16:52:52
age39_047117.jpg,train,lips_masked,no_face_detected,2026-09-09T16:52:52
age54_047789.jpg,train,lips_masked,no_face_detected,2026-09-09T16:52:52
age47_038588.jpg,train,lips_masked,no_face_detected,2026-09-09T16:52:52
age37_068579.jpg,train,lips_masked,no_face_detected,2026-09-09T16:52:52
age50_040275.jpg,train,lips_masked,no_face_detected,2026-09-09T16:52:53
age56_076852.jpg,train,lips_masked,no_face_detected,2026-09-09T16:52:53
age18_074955.jpg,train,lips_masked,no_face_detected,2026-09-09T16:52:53
age20_074949.jpg,train,lips_masked,no_face_detected,2026-09-09T16:52:53
age6_012341.jpg,train,lips_masked,no_face_detected,2026-09-09T16:52:53
age50_038786.jpg,train,lips_masked,no_face_detected,2026-09-09T16:52:53
age4_054998.jpg,train,lips_masked,no_face_detected,2026-09-09T16:52:54
age64_080126.jpg,train,lips_masked,no_face_detected,2026-09-09T16:52:54
age34_020147.jpg,train,lips_masked,no_face_detected,2026-09-09T16:52:54
age48_041047.jpg,train,lips_masked,no_face_detected,2026-09-09T16:52:54
age69_031689.jpg,train,lips_masked,no_face_detected,2026-09-09T16:52:54
age53_045630.jpg,train,lips_masked,no_face_detected,2026-09-09T16:52:54
age13_001924.jpg,train,lips_masked,no_face_detected,2026-09-09T16:52:55
age65_082590.jpg,train,lips_masked,no_face_detected,2026-09-09T16:52:55
age6_009840.jpg,train,lips_masked,no_face_detected,2026-09-09T16:52:55
age37_069133.jpg,train,lips_masked,no_face_detected,2026-09-09T16:52:55
age13_002535.jpg,train,lips_masked,no_face_detected,2026-09-09T16:52:55
age34_018408.jpg,train,lips_masked,no_face_detected,2026-09-09T16:52:55
age72_030157.jpg,train,lips_masked,no_face_detected,2026-09-09T16:52:55
age13_002004.jpg,train,lips_masked,no_face_detected,2026-09-09T16:52:55
age62_081382.jpg,train,lips_masked,no_face_detected,2026-09-09T16:52:56
age36_065859.jpg,train,lips_masked,no_face_detected,2026-09-09T16:52:56
age70_030035.jpg,train,lips_masked,no_face_detected,2026-09-09T16:52:56
age22_058309.jpg,train,lips_masked,no_face_detected,2026-09-09T16:52:56
age57_076327.jpg,train,lips_masked,no_face_detected,2026-09-09T16:52:56
age56_056067.jpg,train,lips_masked,no_face_detected,2026-09-09T16:52:56
age25_023194.jpg,train,lips_masked,no_face_detected,2026-09-09T16:52:56
age30_014208.jpg,train,lips_masked,no_face_detected,2026-09-09T16:52:56
age11_004457.jpg,train,lips_masked,no_face_detected,2026-09-09T16:52:57
age49_044050.jpg,train,lips_masked,no_face_detected,2026-09-09T16:52:57
age17_071295.jpg,train,lips_masked,no_face_detected,2026-09-09T16:52:57
age4_051924.jpg,train,lips_masked,no_face_detected,2026-09-09T16:52:57
age72_029082.jpg,train,lips_masked,no_face_detected,2026-09-09T16:52:57
age72_028350.jpg,train,lips_masked,no_face_detected,2026-09-09T16:52:57
age38_068364.jpg,train,lips_masked,no_face_detected,2026-09-09T16:52:57
age27_025080.jpg,train,lips_masked,no_face_detected,2026-09-09T16:52:57
age60_077426.jpg,train,lips_masked,no_face_detected,2026-09-09T16:52:57
age10_013019.jpg,train,lips_masked,no_face_detected,2026-09-09T16:52:58
age27_023069.jpg,train,lips_masked,no_face_detected,2026-09-09T16:52:58
age66_033385.jpg,train,lips_masked,no_face_detected,2026-09-09T16:52:58
age65_032643.jpg,train,lips_masked,no_face_detected,2026-09-09T16:52:58
age58_078346.jpg,train,lips_masked,no_face_detected,2026-09-09T16:52:58
age58_075472.jpg,train,lips_masked,no_face_detected,2026-09-09T16:52:59
age20_073654.jpg,train,lips_masked,no_face_detected,2026-09-09T16:52:59
age57_075228.jpg,train,lips_masked,no_face_detected,2026-09-09T16:52:59
age57_077489.jpg,train,lips_masked,no_face_detected,2026-09-09T16:52:59
age41_062654.jpg,train,lips_masked,no_face_detected,2026-09-09T16:52:59
age72_014799.jpg,train,lips_masked,no_face_detected,2026-09-09T16:52:59
age48_042489.jpg,train,lips_masked,no_face_detected,2026-09-09T16:53:00
age13_005072.jpg,train,lips_masked,no_face_detected,2026-09-09T16:53:00
age45_043935.jpg,train,lips_masked,no_face_detected,2026-09-09T16:53:00
age10_002317.jpg,train,lips_masked,no_face_detected,2026-09-09T16:53:00
age31_019267.jpg,train,lips_masked,no_face_detected,2026-09-09T16:53:00
age21_057210.jpg,train,lips_masked,no_face_detected,2026-09-09T16:53:01
age41_064223.jpg,train,lips_masked,no_face_detected,2026-09-09T16:53:01
age31_019319.jpg,train,lips_masked,no_face_detected,2026-09-09T16:53:01
age62_080540.jpg,train,lips_masked,no_face_detected,2026-09-09T16:53:01
age12_004895.jpg,train,lips_masked,no_face_detected,2026-09-09T16:53:01
age69_036333.jpg,train,lips_masked,no_face_detected,2026-09-09T16:53:01
age40_061194.jpg,train,lips_masked,no_face_detected,2026-09-09T16:53:02
age21_056547.jpg,train,lips_masked,no_face_detected,2026-09-09T16:53:02
age67_032648.jpg,train,lips_masked,no_face_detected,2026-09-09T16:53:02
age31_016058.jpg,train,lips_masked,no_face_detected,2026-09-09T16:53:02
age69_035744.jpg,train,lips_masked,no_face_detected,2026-09-09T16:53:02
age39_066614.jpg,train,lips_masked,no_face_detected,2026-09-09T16:53:02
age57_079216.jpg,train,lips_masked,no_face_detected,2026-09-09T16:53:03
age21_056835.jpg,train,lips_masked,no_face_detected,2026-09-09T16:53:03
age54_047179.jpg,train,lips_masked,no_face_detected,2026-09-09T16:53:03
age55_075384.jpg,train,lips_masked,no_face_detected,2026-09-09T16:53:03
age38_067755.jpg,train,lips_masked,no_face_detected,2026-09-09T16:53:03
age27_026181.jpg,train,lips_masked,no_face_detected,2026-09-09T16:53:03
age55_066611.jpg,train,lips_masked,no_face_detected,2026-09-09T16:53:04
age37_069309.jpg,train,lips_masked,no_face_detected,2026-09-09T16:53:04
age18_073705.jpg,train,lips_masked,no_face_detected,2026-09-09T16:53:04
age37_065672.jpg,train,lips_masked,no_face_detected,2026-09-09T16:53:04
age28_021324.jpg,train,lips_masked,no_face_detected,2026-09-09T16:53:04
age4_051491.jpg,train,lips_masked,no_face_detected,2026-09-09T16:53:04
age57_048165.jpg,train,lips_masked,no_face_detected,2026-09-09T16:53:04
age57_076026.jpg,train,lips_masked,no_face_detected,2026-09-09T16:53:05
age45_037529.jpg,train,lips_masked,no_face_detected,2026-09-09T16:53:05
age4_054835.jpg,train,lips_masked,no_face_detected,2026-09-09T16:53:05
age22_012094.jpg,train,lips_masked,no_face_detected,2026-09-09T16:53:05
age34_020911.jpg,train,lips_masked,no_face_detected,2026-09-09T16:53:05
age58_061747.jpg,train,lips_masked,no_face_detected,2026-09-09T16:53:05
age55_047087.jpg,train,lips_masked,no_face_detected,2026-09-09T16:53:05
age50_050240.jpg,train,lips_masked,no_face_detected,2026-09-09T16:53:05
age46_037354.jpg,train,lips_masked,no_face_detected,2026-09-09T16:53:05
age38_061331.jpg,train,lips_masked,no_face_detected,2026-09-09T16:53:06
age45_017723.jpg,train,lips_masked,no_face_detected,2026-09-09T16:53:06
age64_081187.jpg,train,lips_masked,no_face_detected,2026-09-09T16:53:06
age72_030203.jpg,train,lips_masked,no_face_detected,2026-09-09T16:53:06
age52_048640.jpg,train,lips_masked,no_face_detected,2026-09-09T16:53:06
age34_016450.jpg,train,lips_masked,no_face_detected,2026-09-09T16:53:07
age48_037860.jpg,train,lips_masked,no_face_detected,2026-09-09T16:53:07
age38_066347.jpg,train,lips_masked,no_face_detected,2026-09-09T16:53:07
age58_076222.jpg,train,lips_masked,no_face_detected,2026-09-09T16:53:07
age17_072438.jpg,train,lips_masked,no_face_detected,2026-09-09T16:53:07
age47_039113.jpg,train,lips_masked,no_face_detected,2026-09-09T16:53:07
age68_032905.jpg,train,lips_masked,no_face_detected,2026-09-09T16:53:07
age54_044391.jpg,train,lips_masked,no_face_detected,2026-09-09T16:53:08
age21_056479.jpg,train,lips_masked,no_face_detected,2026-09-09T16:53:08
age47_044135.jpg,train,lips_masked,no_face_detected,2026-09-09T16:53:08
age37_065526.jpg,train,lips_masked,no_face_detected,2026-09-09T16:53:08
age31_020552.jpg,train,lips_masked,no_face_detected,2026-09-09T16:53:08
age67_033692.jpg,train,lips_masked,no_face_detected,2026-09-09T16:53:08
age15_056961.jpg,train,lips_masked,no_face_detected,2026-09-09T16:53:08
age35_014517.jpg,train,lips_masked,no_face_detected,2026-09-09T16:53:08
age34_020636.jpg,train,lips_masked,no_face_detected,2026-09-09T16:53:08
age5_006530.jpg,train,lips_masked,no_face_detected,2026-09-09T16:53:08
age72_027886.jpg,train,lips_masked,no_face_detected,2026-09-09T16:53:09
age71_028536.jpg,train,lips_masked,no_face_detected,2026-09-09T16:53:09
age40_069470.jpg,train,lips_masked,no_face_detected,2026-09-09T16:53:10
age37_065765.jpg,train,lips_masked,no_face_detected,2026-09-09T16:53:10
age37_047507.jpg,train,lips_masked,no_face_detected,2026-09-09T16:53:11
age40_061026.jpg,train,lips_masked,no_face_detected,2026-09-09T16:53:11
age80_083041.jpg,train,lips_masked,no_face_detected,2026-09-09T16:53:11
age62_079602.jpg,train,lips_masked,no_face_detected,2026-09-09T16:53:11
age29_026544.jpg,train,lips_masked,no_face_detected,2026-09-09T16:53:11
age27_021015.jpg,train,lips_masked,no_face_detected,2026-09-09T16:53:12
age36_069134.jpg,train,lips_masked,no_face_detected,2026-09-09T16:53:09
age54_050123.jpg,train,lips_masked,no_face_detected,2026-09-09T16:53:09
age40_039487.jpg,train,lips_masked,no_face_detected,2026-09-09T16:53:09
age8_009462.jpg,train,lips_masked,no_face_detected,2026-09-09T16:53:10
age33_019014.jpg,train,lips_masked,no_face_detected,2026-09-09T16:53:10
age42_062908.jpg,train,lips_masked,no_face_detected,2026-09-09T16:53:10
age13_003048.jpg,train,lips_masked,no_face_detected,2026-09-09T16:53:10
age27_022051.jpg,train,lips_masked,no_face_detected,2026-09-09T16:53:11
age48_037385.jpg,train,lips_masked,no_face_detected,2026-09-09T16:53:11
age40_047893.jpg,train,lips_masked,no_face_detected,2026-09-09T16:53:11
age35_020239.jpg,train,lips_masked,no_face_detected,2026-09-09T16:53:11
age10_010794.jpg,train,lips_masked,no_face_detected,2026-09-09T16:53:11
age41_063325.jpg,train,lips_masked,no_face_detected,2026-09-09T16:53:12
age14_004181.jpg,train,lips_masked,no_face_detected,2026-09-09T16:53:12
age38_068188.jpg,train,lips_masked,no_face_detected,2026-09-09T16:53:12
age28_016985.jpg,train,lips_masked,no_face_detected,2026-09-09T16:53:12
age20_055800.jpg,train,lips_masked,no_face_detected,2026-09-09T16:53:12
age27_022712.jpg,train,lips_masked,no_face_detected,2026-09-09T16:53:13
age38_066300.jpg,train,lips_masked,no_face_detected,2026-09-09T16:53:13
age6_009286.jpg,train,lips_masked,no_face_detected,2026-09-09T16:53:13
age39_028505.jpg,train,lips_masked,no_face_detected,2026-09-09T16:53:13
age10_012606.jpg,train,lips_masked,no_face_detected,2026-09-09T16:53:13
age57_078164.jpg,train,lips_masked,no_face_detected,2026-09-09T16:53:13
age50_045660.jpg,train,lips_masked,no_face_detected,2026-09-09T16:53:14
age21_059996.jpg,train,lips_masked,no_face_detected,2026-09-09T16:53:14
age61_081949.jpg,train,lips_masked,no_face_detected,2026-09-09T16:53:14
age50_014010.jpg,train,lips_masked,no_face_detected,2026-09-09T16:53:14
age65_035057.jpg,train,lips_masked,no_face_detected,2026-09-09T16:53:14
age7_006739.jpg,train,lips_masked,no_face_detected,2026-09-09T16:53:15
age15_070789.jpg,train,lips_masked,no_face_detected,2026-09-09T16:53:15
age34_018073.jpg,train,lips_masked,no_face_detected,2026-09-09T16:53:15
age58_078481.jpg,train,lips_masked,no_face_detected,2026-09-09T16:53:15
age53_050008.jpg,train,lips_masked,no_face_detected,2026-09-09T16:53:15
age61_081404.jpg,train,lips_masked,no_face_detected,2026-09-09T16:53:15
age27_026472.jpg,train,lips_masked,no_face_detected,2026-09-09T16:53:15
age40_063905.jpg,train,lips_masked,no_face_detected,2026-09-09T16:53:15
age25_023119.jpg,train,lips_masked,no_face_detected,2026-09-09T16:53:16
age54_049554.jpg,train,lips_masked,no_face_detected,2026-09-09T16:53:16
age42_025055.jpg,train,lips_masked,no_face_detected,2026-09-09T16:53:16
age2_052456.jpg,train,lips_masked,no_face_detected,2026-09-09T16:53:16
age54_040906.jpg,train,lips_masked,no_face_detected,2026-09-09T16:53:16
age50_041539.jpg,train,lips_masked,no_face_detected,2026-09-09T16:53:16
age34_020175.jpg,train,lips_masked,no_face_detected,2026-09-09T16:53:16
age67_035169.jpg,train,lips_masked,no_face_detected,2026-09-09T16:53:17
age34_020153.jpg,train,lips_masked,no_face_detected,2026-09-09T16:53:17
age52_047107.jpg,train,lips_masked,no_face_detected,2026-09-09T16:53:17
age69_036207.jpg,train,lips_masked,no_face_detected,2026-09-09T16:53:17
age60_081406.jpg,train,lips_masked,no_face_detected,2026-09-09T16:53:17
age11_005827.jpg,train,lips_masked,no_face_detected,2026-09-09T16:53:18
age33_011086.jpg,train,lips_masked,no_face_detected,2026-09-09T16:53:18
age69_032758.jpg,train,lips_masked,no_face_detected,2026-09-09T16:53:18
age18_058625.jpg,train,lips_masked,no_face_detected,2026-09-09T16:53:18
age62_081761.jpg,train,lips_masked,no_face_detected,2026-09-09T16:53:18
age45_041206.jpg,train,lips_masked,no_face_detected,2026-09-09T16:53:18
age25_026278.jpg,train,lips_masked,no_face_detected,2026-09-09T16:53:19
age66_031743.jpg,train,lips_masked,no_face_detected,2026-09-09T16:53:19
age47_038175.jpg,train,lips_masked,no_face_detected,2026-09-09T16:53:19
age38_069150.jpg,train,lips_masked,no_face_detected,2026-09-09T16:53:19
age50_049860.jpg,train,lips_masked,no_face_detected,2026-09-09T16:53:19
age4_053906.jpg,train,lips_masked,no_face_detected,2026-09-09T16:53:19
age13_002681.jpg,train,lips_masked,no_face_detected,2026-09-09T16:53:19
age12_000959.jpg,train,lips_masked,no_face_detected,2026-09-09T16:53:19
age74_030374.jpg,train,lips_masked,no_face_detected,2026-09-09T16:53:19
age25_055571.jpg,train,lips_masked,no_face_detected,2026-09-09T16:53:20
age27_025283.jpg,train,lips_masked,no_face_detected,2026-09-09T16:53:20
age61_080013.jpg,train,lips_masked,no_face_detected,2026-09-09T16:53:20
age16_006386.jpg,train,lips_masked,no_face_detected,2026-09-09T16:53:20
age78_041367.jpg,train,lips_masked,no_face_detected,2026-09-09T16:53:20
age73_029763.jpg,train,lips_masked,no_face_detected,2026-09-09T16:53:20
age40_067451.jpg,train,lips_masked,no_face_detected,2026-09-09T16:53:20
age70_031888.jpg,train,lips_masked,no_face_detected,2026-09-09T16:53:20
age55_078263.jpg,train,lips_masked,no_face_detected,2026-09-09T16:53:20
age60_058745.jpg,train,lips_masked,no_face_detected,2026-09-09T16:53:20
age49_040389.jpg,train,lips_masked,no_face_detected,2026-09-09T16:53:20
age27_021893.jpg,train,lips_masked,no_face_detected,2026-09-09T16:53:21
age20_057170.jpg,train,lips_masked,no_face_detected,2026-09-09T16:53:21
age31_018191.jpg,train,lips_masked,no_face_detected,2026-09-09T16:53:21
age2_054914.jpg,train,lips_masked,no_face_detected,2026-09-09T16:53:22
age31_015257.jpg,train,lips_masked,no_face_detected,2026-09-09T16:53:22
age48_043895.jpg,train,lips_masked,no_face_detected,2026-09-09T16:53:22
age19_070658.jpg,train,lips_masked,no_face_detected,2026-09-09T16:53:23
age55_046451.jpg,train,lips_masked,no_face_detected,2026-09-09T16:53:23
age72_028450.jpg,train,lips_masked,no_face_detected,2026-09-09T16:53:23
age9_000134.jpg,train,lips_masked,no_face_detected,2026-09-09T16:53:23
age37_069283.jpg,train,lips_masked,no_face_detected,2026-09-09T16:53:23
age47_041514.jpg,train,lips_masked,no_face_detected,2026-09-09T16:53:23
age29_025413.jpg,train,lips_masked,no_face_detected,2026-09-09T16:53:23
age73_028087.jpg,train,lips_masked,no_face_detected,2026-09-09T16:53:24
75_0_1_20170111205805911.jpg,train,lips_masked,no_face_detected,2026-09-09T16:53:24
age11_001534.jpg,train,lips_masked,no_face_detected,2026-09-09T16:53:24
age22_017451.jpg,train,lips_masked,no_face_detected,2026-09-09T16:53:24
age7_007368.jpg,train,lips_masked,no_face_detected,2026-09-09T16:53:24
age17_072452.jpg,train,lips_masked,no_face_detected,2026-09-09T16:53:24
age31_018309.jpg,train,lips_masked,no_face_detected,2026-09-09T16:53:25
age18_073588.jpg,train,lips_masked,no_face_detected,2026-09-09T16:53:25
age67_032942.jpg,train,lips_masked,no_face_detected,2026-09-09T16:53:25
age75_030803.jpg,train,lips_masked,no_face_detected,2026-09-09T16:53:25
age21_058784.jpg,train,lips_masked,no_face_detected,2026-09-09T16:53:25
age53_044443.jpg,train,lips_masked,no_face_detected,2026-09-09T16:53:25
age70_030838.jpg,train,lips_masked,no_face_detected,2026-09-09T16:53:25
age32_014380.jpg,train,lips_masked,no_face_detected,2026-09-09T16:53:26
age30_024584.jpg,train,lips_masked,no_face_detected,2026-09-09T16:53:26
age11_006436.jpg,train,lips_masked,no_face_detected,2026-09-09T16:53:26
age54_046754.jpg,train,lips_masked,no_face_detected,2026-09-09T16:53:26
age34_014090.jpg,train,lips_masked,no_face_detected,2026-09-09T16:53:27
age20_070643.jpg,train,lips_masked,no_face_detected,2026-09-09T16:53:27
age53_049608.jpg,train,lips_masked,no_face_detected,2026-09-09T16:53:27
age47_043214.jpg,train,lips_masked,no_face_detected,2026-09-09T16:53:27
age6_008414.jpg,train,lips_masked,no_face_detected,2026-09-09T16:53:27
age24_023509.jpg,train,lips_masked,no_face_detected,2026-09-09T16:53:28
age20_059362.jpg,train,lips_masked,no_face_detected,2026-09-09T16:53:28
age21_059195.jpg,train,lips_masked,no_face_detected,2026-09-09T16:53:28
age55_046340.jpg,train,lips_masked,no_face_detected,2026-09-09T16:53:28
age19_074266.jpg,train,lips_masked,no_face_detected,2026-09-09T16:53:29
age31_017557.jpg,train,lips_masked,no_face_detected,2026-09-09T16:53:29
age67_031313.jpg,train,lips_masked,no_face_detected,2026-09-09T16:53:29
age67_032784.jpg,train,lips_masked,no_face_detected,2026-09-09T16:53:29
age20_058636.jpg,train,lips_masked,no_face_detected,2026-09-09T16:53:29
age47_042541.jpg,train,lips_masked,no_face_detected,2026-09-09T16:53:30
age6_011843.jpg,train,lips_masked,no_face_detected,2026-09-09T16:53:30
age55_033874.jpg,train,lips_masked,no_face_detected,2026-09-09T16:53:30
age27_024643.jpg,train,lips_masked,no_face_detected,2026-09-09T16:53:30
age66_036525.jpg,train,lips_masked,no_face_detected,2026-09-09T16:53:30
age6_009586.jpg,train,lips_masked,no_face_detected,2026-09-09T16:53:30
age72_026545.jpg,train,lips_masked,no_face_detected,2026-09-09T16:53:31
age15_006575.jpg,train,lips_masked,no_face_detected,2026-09-09T16:53:31
age13_001869.jpg,train,lips_masked,no_face_detected,2026-09-09T16:53:31
age70_029238.jpg,train,lips_masked,no_face_detected,2026-09-09T16:53:31
age27_025022.jpg,train,lips_masked,no_face_detected,2026-09-09T16:53:31
age26_021657.jpg,train,lips_masked,no_face_detected,2026-09-09T16:53:31
age58_078138.jpg,train,lips_masked,no_face_detected,2026-09-09T16:53:31
age74_028191.jpg,train,lips_masked,no_face_detected,2026-09-09T16:53:31
age20_073125.jpg,train,lips_masked,no_face_detected,2026-09-09T16:53:32
age11_002838.jpg,train,lips_masked,no_face_detected,2026-09-09T16:53:32
age37_016876.jpg,train,lips_masked,no_face_detected,2026-09-09T16:53:32
age41_060398.jpg,train,lips_masked,no_face_detected,2026-09-09T16:53:32
age57_078272.jpg,train,lips_masked,no_face_detected,2026-09-09T16:53:33
age15_039305.jpg,train,lips_masked,no_face_detected,2026-09-09T16:53:33
age21_056318.jpg,train,lips_masked,no_face_detected,2026-09-09T16:53:33
age4_052404.jpg,train,lips_masked,no_face_detected,2026-09-09T16:53:33
age25_018095.jpg,train,lips_masked,no_face_detected,2026-09-09T16:53:33
age67_033492.jpg,train,lips_masked,no_face_detected,2026-09-09T16:53:33
age20_058080.jpg,train,lips_masked,no_face_detected,2026-09-09T16:53:33
age40_043537.jpg,train,lips_masked,no_face_detected,2026-09-09T16:53:33
age6_010004.jpg,train,lips_masked,no_face_detected,2026-09-09T16:53:33
age55_047596.jpg,train,lips_masked,no_face_detected,2026-09-09T16:53:34
age20_072556.jpg,train,lips_masked,no_face_detected,2026-09-09T16:53:34
age72_029303.jpg,train,lips_masked,no_face_detected,2026-09-09T16:53:34
age36_067322.jpg,train,lips_masked,no_face_detected,2026-09-09T16:53:34
age61_079763.jpg,train,lips_masked,no_face_detected,2026-09-09T16:53:34
age47_038049.jpg,train,lips_masked,no_face_detected,2026-09-09T16:53:34
age41_063221.jpg,train,lips_masked,no_face_detected,2026-09-09T16:53:34
age34_017260.jpg,train,lips_masked,no_face_detected,2026-09-09T16:53:34
age21_058475.jpg,train,lips_masked,no_face_detected,2026-09-09T16:53:35
age55_049025.jpg,train,lips_masked,no_face_detected,2026-09-09T16:53:35
age2_050941.jpg,train,lips_masked,no_face_detected,2026-09-09T16:53:35
age25_056183.jpg,train,lips_masked,no_face_detected,2026-09-09T16:53:35
age13_003740.jpg,train,lips_masked,no_face_detected,2026-09-09T16:53:35
age17_074584.jpg,train,lips_masked,no_face_detected,2026-09-09T16:53:36
age61_080435.jpg,train,lips_masked,no_face_detected,2026-09-09T16:53:36
age38_069093.jpg,train,lips_masked,no_face_detected,2026-09-09T16:53:36
age31_014207.jpg,train,lips_masked,no_face_detected,2026-09-09T16:53:36
age81_084080.jpg,train,lips_masked,no_face_detected,2026-09-09T16:53:37
age26_006768.jpg,train,lips_masked,no_face_detected,2026-09-09T16:53:37
age41_062278.jpg,train,lips_masked,no_face_detected,2026-09-09T16:53:37
age27_022757.jpg,train,lips_masked,no_face_detected,2026-09-09T16:53:37
age61_082207.jpg,train,lips_masked,no_face_detected,2026-09-09T16:53:38
age4_050581.jpg,train,lips_masked,no_face_detected,2026-09-09T16:53:38
age4_054678.jpg,train,lips_masked,no_face_detected,2026-09-09T16:53:38
age55_044852.jpg,train,lips_masked,no_face_detected,2026-09-09T16:53:38
age6_013494.jpg,train,lips_masked,no_face_detected,2026-09-09T16:53:38
78_0_0_20170111222249342.jpg,train,lips_masked,no_face_detected,2026-09-09T16:53:38
age77_083239.jpg,train,lips_masked,no_face_detected,2026-09-09T16:53:38
age76_083494.jpg,train,lips_masked,no_face_detected,2026-09-09T16:53:38
age19_070623.jpg,train,lips_masked,no_face_detected,2026-09-09T16:53:39
age4_051611.jpg,train,lips_masked,no_face_detected,2026-09-09T16:53:39
age60_036419.jpg,train,lips_masked,no_face_detected,2026-09-09T16:53:39
age28_024447.jpg,train,lips_masked,no_face_detected,2026-09-09T16:53:39
age55_078985.jpg,train,lips_masked,no_face_detected,2026-09-09T16:53:39
age19_074229.jpg,train,lips_masked,no_face_detected,2026-09-09T16:53:40
age20_059025.jpg,train,lips_masked,no_face_detected,2026-09-09T16:53:40
age54_049952.jpg,train,lips_masked,no_face_detected,2026-09-09T16:53:40
age20_055408.jpg,train,lips_masked,no_face_detected,2026-09-09T16:53:40
age62_082418.jpg,train,lips_masked,no_face_detected,2026-09-09T16:53:40
age4_052482.jpg,train,lips_masked,no_face_detected,2026-09-09T16:53:40
age70_030609.jpg,train,lips_masked,no_face_detected,2026-09-09T16:53:41
age31_019090.jpg,train,lips_masked,no_face_detected,2026-09-09T16:53:41
age34_016513.jpg,train,lips_masked,no_face_detected,2026-09-09T16:53:38
age50_039400.jpg,train,lips_masked,no_face_detected,2026-09-09T16:53:38
age31_020910.jpg,train,lips_masked,no_face_detected,2026-09-09T16:53:38
age64_081123.jpg,train,lips_masked,no_face_detected,2026-09-09T16:53:38
age48_038404.jpg,train,lips_masked,no_face_detected,2026-09-09T16:53:38
age38_066719.jpg,train,lips_masked,no_face_detected,2026-09-09T16:53:38
age40_061189.jpg,train,lips_masked,no_face_detected,2026-09-09T16:53:39
age53_044362.jpg,train,lips_masked,no_face_detected,2026-09-09T16:53:39
age25_022064.jpg,train,lips_masked,no_face_detected,2026-09-09T16:53:39
age43_021401.jpg,train,lips_masked,no_face_detected,2026-09-09T16:53:39
age71_031041.jpg,train,lips_masked,no_face_detected,2026-09-09T16:53:39
age50_019001.jpg,train,lips_masked,no_face_detected,2026-09-09T16:53:39
age75_036094.jpg,train,lips_masked,no_face_detected,2026-09-09T16:53:39
age40_064627.jpg,train,lips_masked,no_face_detected,2026-09-09T16:53:40
age48_040564.jpg,train,lips_masked,no_face_detected,2026-09-09T16:53:40
age67_031962.jpg,train,lips_masked,no_face_detected,2026-09-09T16:53:40
age60_078684.jpg,train,lips_masked,no_face_detected,2026-09-09T16:53:40
age20_071700.jpg,train,lips_masked,no_face_detected,2026-09-09T16:53:40
age55_046046.jpg,train,lips_masked,no_face_detected,2026-09-09T16:53:41
age54_046583.jpg,train,lips_masked,no_face_detected,2026-09-09T16:53:41
age60_047180.jpg,train,lips_masked,no_face_detected,2026-09-09T16:53:41
age41_019009.jpg,train,lips_masked,no_face_detected,2026-09-09T16:53:42
85_0_0_20170111210013098.jpg,train,lips_masked,no_face_detected,2026-09-09T16:53:42
age57_077160.jpg,train,lips_masked,no_face_detected,2026-09-09T16:53:42
age72_027854.jpg,train,lips_masked,no_face_detected,2026-09-09T16:53:42
age4_009427.jpg,train,lips_masked,no_face_detected,2026-09-09T16:53:42
age42_062044.jpg,train,lips_masked,no_face_detected,2026-09-09T16:53:42
age34_018579.jpg,train,lips_masked,no_face_detected,2026-09-09T16:53:43
age36_065147.jpg,train,lips_masked,no_face_detected,2026-09-09T16:53:43
age34_019850.jpg,train,lips_masked,no_face_detected,2026-09-09T16:53:43
age44_062983.jpg,train,lips_masked,no_face_detected,2026-09-09T16:53:44
age15_001703.jpg,train,lips_masked,no_face_detected,2026-09-09T16:53:44
age37_068301.jpg,train,lips_masked,no_face_detected,2026-09-09T16:53:44
age41_063530.jpg,train,lips_masked,no_face_detected,2026-09-09T16:53:44
age61_080768.jpg,train,lips_masked,no_face_detected,2026-09-09T16:53:44
age12_003581.jpg,train,lips_masked,no_face_detected,2026-09-09T16:53:44
age61_082598.jpg,train,lips_masked,no_face_detected,2026-09-09T16:53:44
age6_008038.jpg,train,lips_masked,no_face_detected,2026-09-09T16:53:44
age31_020276.jpg,train,lips_masked,no_face_detected,2026-09-09T16:53:45
age37_067865.jpg,train,lips_masked,no_face_detected,2026-09-09T16:53:45
age10_012119.jpg,train,lips_masked,no_face_detected,2026-09-09T16:53:45
age60_080444.jpg,train,lips_masked,no_face_detected,2026-09-09T16:53:45
age69_034194.jpg,train,lips_masked,no_face_detected,2026-09-09T16:53:45
age7_010438.jpg,train,lips_masked,no_face_detected,2026-09-09T16:53:45
age41_061995.jpg,train,lips_masked,no_face_detected,2026-09-09T16:53:46
age50_009952.jpg,train,lips_masked,no_face_detected,2026-09-09T16:53:46
age48_040487.jpg,train,lips_masked,no_face_detected,2026-09-09T16:53:46
age50_040705.jpg,train,lips_masked,no_face_detected,2026-09-09T16:53:46
age37_065992.jpg,train,lips_masked,no_face_detected,2026-09-09T16:53:46
age6_012819.jpg,train,lips_masked,no_face_detected,2026-09-09T16:53:46
age65_079819.jpg,train,lips_masked,no_face_detected,2026-09-09T16:53:47
age6_007941.jpg,train,lips_masked,no_face_detected,2026-09-09T16:53:47
age11_002906.jpg,train,lips_masked,no_face_detected,2026-09-09T16:53:47
age4_054927.jpg,train,lips_masked,no_face_detected,2026-09-09T16:53:47
age20_057569.jpg,train,lips_masked,no_face_detected,2026-09-09T16:53:47
age37_065770.jpg,train,lips_masked,no_face_detected,2026-09-09T16:53:47
age6_008758.jpg,train,lips_masked,no_face_detected,2026-09-09T16:53:47
age77_083092.jpg,train,lips_masked,no_face_detected,2026-09-09T16:53:47
age73_029943.jpg,train,lips_masked,no_face_detected,2026-09-09T16:53:48
age11_006211.jpg,train,lips_masked,no_face_detected,2026-09-09T16:53:48
age38_065664.jpg,train,lips_masked,no_face_detected,2026-09-09T16:53:48
age41_063362.jpg,train,lips_masked,no_face_detected,2026-09-09T16:53:48
age41_064493.jpg,train,lips_masked,no_face_detected,2026-09-09T16:53:48
age38_065212.jpg,train,lips_masked,no_face_detected,2026-09-09T16:53:48
age58_079110.jpg,train,lips_masked,no_face_detected,2026-09-09T16:53:49
age10_011621.jpg,train,lips_masked,no_face_detected,2026-09-09T16:53:49
age74_029431.jpg,train,lips_masked,no_face_detected,2026-09-09T16:53:49
age80_083863.jpg,train,lips_masked,no_face_detected,2026-09-09T16:53:49
age54_049040.jpg,train,lips_masked,no_face_detected,2026-09-09T16:53:50
age53_035915.jpg,train,lips_masked,no_face_detected,2026-09-09T16:53:50
age22_059306.jpg,train,lips_masked,no_face_detected,2026-09-09T16:53:50
age68_035996.jpg,train,lips_masked,no_face_detected,2026-09-09T16:53:50
age4_052519.jpg,train,lips_masked,no_face_detected,2026-09-09T16:53:50
age16_001911.jpg,train,lips_masked,no_face_detected,2026-09-09T16:53:50
age90_027377.jpg,train,lips_masked,no_face_detected,2026-09-09T16:53:50
age40_065153.jpg,train,lips_masked,no_face_detected,2026-09-09T16:53:51
age34_019240.jpg,train,lips_masked,no_face_detected,2026-09-09T16:53:51
age57_076727.jpg,train,lips_masked,no_face_detected,2026-09-09T16:53:51
age47_042889.jpg,train,lips_masked,no_face_detected,2026-09-09T16:53:51
age55_049907.jpg,train,lips_masked,no_face_detected,2026-09-09T16:53:51
age60_075413.jpg,train,lips_masked,no_face_detected,2026-09-09T16:53:51
age38_066674.jpg,train,lips_masked,no_face_detected,2026-09-09T16:53:51
age31_019756.jpg,train,lips_masked,no_face_detected,2026-09-09T16:53:51
age72_029774.jpg,train,lips_masked,no_face_detected,2026-09-09T16:53:52
age41_062841.jpg,train,lips_masked,no_face_detected,2026-09-09T16:53:52
age4_051547.jpg,train,lips_masked,no_face_detected,2026-09-09T16:53:52
age68_033508.jpg,train,lips_masked,no_face_detected,2026-09-09T16:53:53
age10_006111.jpg,train,lips_masked,no_face_detected,2026-09-09T16:53:53
age38_066682.jpg,train,lips_masked,no_face_detected,2026-09-09T16:53:53
age33_018782.jpg,train,lips_masked,no_face_detected,2026-09-09T16:53:53
age41_060616.jpg,train,lips_masked,no_face_detected,2026-09-09T16:53:53
age27_025479.jpg,train,lips_masked,no_face_detected,2026-09-09T16:53:53
age6_011686.jpg,train,lips_masked,no_face_detected,2026-09-09T16:53:53
age45_063960.jpg,train,lips_masked,no_face_detected,2026-09-09T16:53:53
age61_082618.jpg,train,lips_masked,no_face_detected,2026-09-09T16:53:53
age54_048349.jpg,train,lips_masked,no_face_detected,2026-09-09T16:53:54
age34_017100.jpg,train,lips_masked,no_face_detected,2026-09-09T16:53:54
age68_031296.jpg,train,lips_masked,no_face_detected,2026-09-09T16:53:54
age47_040969.jpg,train,lips_masked,no_face_detected,2026-09-09T16:53:54
age50_048501.jpg,train,lips_masked,no_face_detected,2026-09-09T16:53:54
age31_019445.jpg,train,lips_masked,no_face_detected,2026-09-09T16:53:54
age52_033921.jpg,train,lips_masked,no_face_detected,2026-09-09T16:53:54
age28_021152.jpg,train,lips_masked,no_face_detected,2026-09-09T16:54:04
age61_030089.jpg,train,lips_masked,no_face_detected,2026-09-09T16:54:04
age86_027392.jpg,train,lips_masked,no_face_detected,2026-09-09T16:54:04
age27_023508.jpg,train,lips_masked,no_face_detected,2026-09-09T16:54:04
age58_077488.jpg,train,lips_masked,no_face_detected,2026-09-09T16:54:04
age40_060986.jpg,train,lips_masked,no_face_detected,2026-09-09T16:54:05
age20_072805.jpg,train,lips_masked,no_face_detected,2026-09-09T16:54:05
age67_036569.jpg,train,lips_masked,no_face_detected,2026-09-09T16:54:05
age54_044710.jpg,train,lips_masked,no_face_detected,2026-09-09T16:54:05
age27_024500.jpg,train,lips_masked,no_face_detected,2026-09-09T16:54:05
age37_070370.jpg,train,lips_masked,no_face_detected,2026-09-09T16:54:05
age2_054844.jpg,train,lips_masked,no_face_detected,2026-09-09T16:54:06
age34_015778.jpg,train,lips_masked,no_face_detected,2026-09-09T16:54:06
age48_039336.jpg,train,lips_masked,no_face_detected,2026-09-09T16:54:06
age64_077532.jpg,train,lips_masked,no_face_detected,2026-09-09T16:54:06
age3_053817.jpg,train,lips_masked,no_face_detected,2026-09-09T16:54:07
age16_074722.jpg,train,lips_masked,no_face_detected,2026-09-09T16:54:07
age13_003822.jpg,train,lips_masked,no_face_detected,2026-09-09T16:54:07
age20_058066.jpg,train,lips_masked,no_face_detected,2026-09-09T16:54:07
age27_026968.jpg,train,lips_masked,no_face_detected,2026-09-09T16:54:07
age20_057578.jpg,train,lips_masked,no_face_detected,2026-09-09T16:54:08
age25_026064.jpg,train,lips_masked,no_face_detected,2026-09-09T16:54:08
age50_045042.jpg,train,lips_masked,no_face_detected,2026-09-09T16:54:08
age17_070599.jpg,train,lips_masked,no_face_detected,2026-09-09T16:54:08
age19_072248.jpg,train,lips_masked,no_face_detected,2026-09-09T16:54:08
age37_070380.jpg,train,lips_masked,no_face_detected,2026-09-09T16:54:08
age76_082772.jpg,train,lips_masked,no_face_detected,2026-09-09T16:54:08
age53_048677.jpg,train,lips_masked,no_face_detected,2026-09-09T16:54:08
age54_045397.jpg,train,lips_masked,no_face_detected,2026-09-09T16:54:08
age31_018436.jpg,train,lips_masked,no_face_detected,2026-09-09T16:54:09
age73_030758.jpg,train,lips_masked,no_face_detected,2026-09-09T16:54:09
age31_018745.jpg,train,lips_masked,no_face_detected,2026-09-09T16:54:09
age27_023476.jpg,train,lips_masked,no_face_detected,2026-09-09T16:54:09
age63_040474.jpg,train,lips_masked,no_face_detected,2026-09-09T16:54:09
age47_038671.jpg,train,lips_masked,no_face_detected,2026-09-09T16:54:09
age60_078261.jpg,train,lips_masked,no_face_detected,2026-09-09T16:54:09
age27_025116.jpg,train,lips_masked,no_face_detected,2026-09-09T16:54:09
age41_064045.jpg,train,lips_masked,no_face_detected,2026-09-09T16:54:10
age38_066622.jpg,train,lips_masked,no_face_detected,2026-09-09T16:54:10
age18_073840.jpg,train,lips_masked,no_face_detected,2026-09-09T16:54:10
age25_058938.jpg,train,lips_masked,no_face_detected,2026-09-09T16:54:10
age75_029781.jpg,train,lips_masked,no_face_detected,2026-09-09T16:54:10
age66_034482.jpg,train,lips_masked,no_face_detected,2026-09-09T16:54:07
age17_071151.jpg,train,lips_masked,no_face_detected,2026-09-09T16:54:08
age41_061489.jpg,train,lips_masked,no_face_detected,2026-09-09T16:54:08
age56_070538.jpg,train,lips_masked,no_face_detected,2026-09-09T16:54:08
age47_016081.jpg,train,lips_masked,no_face_detected,2026-09-09T16:54:08
age68_035502.jpg,train,lips_masked,no_face_detected,2026-09-09T16:54:08
age30_026289.jpg,train,lips_masked,no_face_detected,2026-09-09T16:54:08
age62_073023.jpg,train,lips_masked,no_face_detected,2026-09-09T16:54:08
age41_060653.jpg,train,lips_masked,no_face_detected,2026-09-09T16:54:09
age38_070245.jpg,train,lips_masked,no_face_detected,2026-09-09T16:54:09
age31_013817.jpg,train,lips_masked,no_face_detected,2026-09-09T16:54:09
age70_034927.jpg,train,lips_masked,no_face_detected,2026-09-09T16:54:09
age53_003986.jpg,train,lips_masked,no_face_detected,2026-09-09T16:54:09
age21_056199.jpg,train,lips_masked,no_face_detected,2026-09-09T16:54:10
age62_081339.jpg,train,lips_masked,no_face_detected,2026-09-09T16:54:10
age21_056037.jpg,train,lips_masked,no_face_detected,2026-09-09T16:54:10
age27_023329.jpg,train,lips_masked,no_face_detected,2026-09-09T16:54:10
age60_076144.jpg,train,lips_masked,no_face_detected,2026-09-09T16:54:10
age41_064249.jpg,train,lips_masked,no_face_detected,2026-09-09T16:54:10
age20_074643.jpg,train,lips_masked,no_face_detected,2026-09-09T16:54:10
age61_081296.jpg,train,lips_masked,no_face_detected,2026-09-09T16:54:11
age10_011097.jpg,train,lips_masked,no_face_detected,2026-09-09T16:54:11
age19_073562.jpg,train,lips_masked,no_face_detected,2026-09-09T16:54:11
age6_008715.jpg,train,lips_masked,no_face_detected,2026-09-09T16:54:11
age34_019875.jpg,train,lips_masked,no_face_detected,2026-09-09T16:54:11
age70_034947.jpg,train,lips_masked,no_face_detected,2026-09-09T16:54:12
age45_038811.jpg,train,lips_masked,no_face_detected,2026-09-09T16:54:12
age60_078332.jpg,train,lips_masked,no_face_detected,2026-09-09T16:54:12
age31_020119.jpg,train,lips_masked,no_face_detected,2026-09-09T16:54:12
age74_029988.jpg,train,lips_masked,no_face_detected,2026-09-09T16:54:12
age27_022509.jpg,train,lips_masked,no_face_detected,2026-09-09T16:54:13
age2_004473.jpg,train,lips_masked,no_face_detected,2026-09-09T16:54:13
age58_075433.jpg,train,lips_masked,no_face_detected,2026-09-09T16:54:13
age6_011876.jpg,train,lips_masked,no_face_detected,2026-09-09T16:54:13
age79_083593.jpg,train,lips_masked,no_face_detected,2026-09-09T16:54:13
age18_072164.jpg,train,lips_masked,no_face_detected,2026-09-09T16:54:13
age22_057101.jpg,train,lips_masked,no_face_detected,2026-09-09T16:54:13
age38_066851.jpg,train,lips_masked,no_face_detected,2026-09-09T16:54:14
age54_047355.jpg,train,lips_masked,no_face_detected,2026-09-09T16:54:14
age66_033280.jpg,train,lips_masked,no_face_detected,2026-09-09T16:54:14
age39_049276.jpg,train,lips_masked,no_face_detected,2026-09-09T16:54:14
age58_075108.jpg,train,lips_masked,no_face_detected,2026-09-09T16:54:15
age48_041736.jpg,train,lips_masked,no_face_detected,2026-09-09T16:54:15
age36_068451.jpg,train,lips_masked,no_face_detected,2026-09-09T16:54:15
age68_032437.jpg,train,lips_masked,no_face_detected,2026-09-09T16:54:15
age18_074004.jpg,train,lips_masked,no_face_detected,2026-09-09T16:54:15
age65_035936.jpg,train,lips_masked,no_face_detected,2026-09-09T16:54:15
age25_058238.jpg,train,lips_masked,no_face_detected,2026-09-09T16:54:15
age57_075438.jpg,train,lips_masked,no_face_detected,2026-09-09T16:54:15
age13_005172.jpg,train,lips_masked,no_face_detected,2026-09-09T16:54:15
age34_019796.jpg,train,lips_masked,no_face_detected,2026-09-09T16:54:15
age57_078591.jpg,train,lips_masked,no_face_detected,2026-09-09T16:54:16
age20_059097.jpg,train,lips_masked,no_face_detected,2026-09-09T16:54:16
age48_044226.jpg,train,lips_masked,no_face_detected,2026-09-09T16:54:16
age47_038446.jpg,train,lips_masked,no_face_detected,2026-09-09T16:54:16
age65_034095.jpg,train,lips_masked,no_face_detected,2026-09-09T16:54:16
age37_069805.jpg,train,lips_masked,no_face_detected,2026-09-09T16:54:17
age68_033204.jpg,train,lips_masked,no_face_detected,2026-09-09T16:54:17
age74_028092.jpg,train,lips_masked,no_face_detected,2026-09-09T16:54:17
age12_001458.jpg,train,lips_masked,no_face_detected,2026-09-09T16:54:17
age57_020387.jpg,train,lips_masked,no_face_detected,2026-09-09T16:54:17
age54_046567.jpg,train,lips_masked,no_face_detected,2026-09-09T16:54:17
age19_074802.jpg,train,lips_masked,no_face_detected,2026-09-09T16:54:17
age77_082953.jpg,train,lips_masked,no_face_detected,2026-09-09T16:54:17
age58_077404.jpg,train,lips_masked,no_face_detected,2026-09-09T16:54:18
age10_005247.jpg,train,lips_masked,no_face_detected,2026-09-09T16:54:18
age54_031163.jpg,train,lips_masked,no_face_detected,2026-09-09T16:54:18
age36_069796.jpg,train,lips_masked,no_face_detected,2026-09-09T16:54:18
age15_074320.jpg,train,lips_masked,no_face_detected,2026-09-09T16:54:18
age24_022971.jpg,train,lips_masked,no_face_detected,2026-09-09T16:54:18
age12_000562.jpg,train,lips_masked,no_face_detected,2026-09-09T16:54:18
age49_040467.jpg,train,lips_masked,no_face_detected,2026-09-09T16:54:18
age54_050113.jpg,train,lips_masked,no_face_detected,2026-09-09T16:54:19
age68_031350.jpg,train,lips_masked,no_face_detected,2026-09-09T16:54:19
age47_038536.jpg,train,lips_masked,no_face_detected,2026-09-09T16:54:19
age68_033104.jpg,train,lips_masked,no_face_detected,2026-09-09T16:54:19
age58_022527.jpg,train,lips_masked,no_face_detected,2026-09-09T16:54:19
age41_061042.jpg,train,lips_masked,no_face_detected,2026-09-09T16:54:19
age20_072309.jpg,train,lips_masked,no_face_detected,2026-09-09T16:54:20
age31_017807.jpg,train,lips_masked,no_face_detected,2026-09-09T16:54:20
age75_081987.jpg,train,lips_masked,no_face_detected,2026-09-09T16:54:20
age27_021546.jpg,train,lips_masked,no_face_detected,2026-09-09T16:54:20
age6_007806.jpg,train,lips_masked,no_face_detected,2026-09-09T16:54:20
age60_076651.jpg,train,lips_masked,no_face_detected,2026-09-09T16:54:20
age72_030201.jpg,train,lips_masked,no_face_detected,2026-09-09T16:54:20
age34_016109.jpg,train,lips_masked,no_face_detected,2026-09-09T16:54:20
age37_046233.jpg,train,lips_masked,no_face_detected,2026-09-09T16:54:20
age41_064449.jpg,train,lips_masked,no_face_detected,2026-09-09T16:54:20
age34_017948.jpg,train,lips_masked,no_face_detected,2026-09-09T16:54:21
age65_031440.jpg,train,lips_masked,no_face_detected,2026-09-09T16:54:21
age77_083645.jpg,train,lips_masked,no_face_detected,2026-09-09T16:54:21
age17_073140.jpg,train,lips_masked,no_face_detected,2026-09-09T16:54:21
age55_076742.jpg,train,lips_masked,no_face_detected,2026-09-09T16:54:21
age60_046611.jpg,train,lips_masked,no_face_detected,2026-09-09T16:54:21
age22_057999.jpg,train,lips_masked,no_face_detected,2026-09-09T16:54:21
age60_076377.jpg,train,lips_masked,no_face_detected,2026-09-09T16:54:21
age27_021257.jpg,train,lips_masked,no_face_detected,2026-09-09T16:54:21
age37_066334.jpg,train,lips_masked,no_face_detected,2026-09-09T16:54:22
age62_080242.jpg,train,lips_masked,no_face_detected,2026-09-09T16:54:22
age4_052157.jpg,train,lips_masked,no_face_detected,2026-09-09T16:54:22
age31_016698.jpg,train,lips_masked,no_face_detected,2026-09-09T16:54:22
age62_081156.jpg,train,lips_masked,no_face_detected,2026-09-09T16:54:22
age72_027671.jpg,train,lips_masked,no_face_detected,2026-09-09T16:54:22
age56_076976.jpg,train,lips_masked,no_face_detected,2026-09-09T16:54:22
age53_047315.jpg,train,lips_masked,no_face_detected,2026-09-09T16:54:22
age10_001753.jpg,train,lips_masked,no_face_detected,2026-09-09T16:54:22
age57_047759.jpg,train,lips_masked,no_face_detected,2026-09-09T16:54:23
age15_006215.jpg,train,lips_masked,no_face_detected,2026-09-09T16:54:23
age41_017858.jpg,train,lips_masked,no_face_detected,2026-09-09T16:54:23
age18_074030.jpg,train,lips_masked,no_face_detected,2026-09-09T16:54:23
age18_070930.jpg,train,lips_masked,no_face_detected,2026-09-09T16:54:23
age42_063539.jpg,train,lips_masked,no_face_detected,2026-09-09T16:54:23
age27_021157.jpg,train,lips_masked,no_face_detected,2026-09-09T16:54:23
age64_080582.jpg,train,lips_masked,no_face_detected,2026-09-09T16:54:24
age48_037481.jpg,train,lips_masked,no_face_detected,2026-09-09T16:54:24
age55_038928.jpg,train,lips_masked,no_face_detected,2026-09-09T16:54:24
age13_003779.jpg,train,lips_masked,no_face_detected,2026-09-09T16:54:24
age37_069839.jpg,train,lips_masked,no_face_detected,2026-09-09T16:54:24
58_0_0_20170111222133830.jpg,train,lips_masked,no_face_detected,2026-09-09T16:54:25
age16_024207.jpg,train,lips_masked,no_face_detected,2026-09-09T16:54:25
age31_020677.jpg,train,lips_masked,no_face_detected,2026-09-09T16:54:25
age6_013184.jpg,train,lips_masked,no_face_detected,2026-09-09T16:54:25
age47_037220.jpg,train,lips_masked,no_face_detected,2026-09-09T16:54:25
age67_034246.jpg,train,lips_masked,no_face_detected,2026-09-09T16:54:25
age80_083273.jpg,train,lips_masked,no_face_detected,2026-09-09T16:54:25
age56_078171.jpg,train,lips_masked,no_face_detected,2026-09-09T16:54:25
age37_069944.jpg,train,lips_masked,no_face_detected,2026-09-09T16:54:25
age41_063390.jpg,train,lips_masked,no_face_detected,2026-09-09T16:54:26
age7_000395.jpg,train,lips_masked,no_face_detected,2026-09-09T16:54:26
age41_062030.jpg,train,lips_masked,no_face_detected,2026-09-09T16:54:26
age27_024009.jpg,train,lips_masked,no_face_detected,2026-09-09T16:54:26
age4_052426.jpg,train,lips_masked,no_face_detected,2026-09-09T16:54:26
age6_010222.jpg,train,lips_masked,no_face_detected,2026-09-09T16:54:26
age73_030620.jpg,train,lips_masked,no_face_detected,2026-09-09T16:54:27
age33_016618.jpg,train,lips_masked,no_face_detected,2026-09-09T16:54:27
age60_040702.jpg,train,lips_masked,no_face_detected,2026-09-09T16:54:27
age31_016272.jpg,train,lips_masked,no_face_detected,2026-09-09T16:54:27
age64_079517.jpg,train,lips_masked,no_face_detected,2026-09-09T16:54:27
age49_040034.jpg,train,lips_masked,no_face_detected,2026-09-09T16:54:28
age27_025919.jpg,train,lips_masked,no_face_detected,2026-09-09T16:54:28
age34_014740.jpg,train,lips_masked,no_face_detected,2026-09-09T16:54:28
age18_024087.jpg,train,lips_masked,no_face_detected,2026-09-09T16:54:28
age60_076265.jpg,train,lips_masked,no_face_detected,2026-09-09T16:54:28
age70_028472.jpg,train,lips_masked,no_face_detected,2026-09-09T16:54:28
age57_077876.jpg,train,lips_masked,no_face_detected,2026-09-09T16:54:28
age22_056423.jpg,train,lips_masked,no_face_detected,2026-09-09T16:54:29
age27_026644.jpg,train,lips_masked,no_face_detected,2026-09-09T16:54:29
age10_006987.jpg,train,lips_masked,no_face_detected,2026-09-09T16:54:29
age6_009421.jpg,train,lips_masked,no_face_detected,2026-09-09T16:54:29
age6_007086.jpg,train,lips_masked,no_face_detected,2026-09-09T16:54:29
age27_025422.jpg,train,lips_masked,no_face_detected,2026-09-09T16:54:29
age37_065587.jpg,train,lips_masked,no_face_detected,2026-09-09T16:54:29
age47_039192.jpg,train,lips_masked,no_face_detected,2026-09-09T16:54:29
age65_082133.jpg,train,lips_masked,no_face_detected,2026-09-09T16:54:30
age6_009944.jpg,train,lips_masked,no_face_detected,2026-09-09T16:54:30
age8_001516.jpg,train,lips_masked,no_face_detected,2026-09-09T16:54:30
age50_040113.jpg,train,lips_masked,no_face_detected,2026-09-09T16:54:30
age40_067803.jpg,train,lips_masked,no_face_detected,2026-09-09T16:54:30
age78_047538.jpg,train,lips_masked,no_face_detected,2026-09-09T16:54:31
age62_081253.jpg,train,lips_masked,no_face_detected,2026-09-09T16:54:31
age73_027943.jpg,train,lips_masked,no_face_detected,2026-09-09T16:54:31
age6_007477.jpg,train,lips_masked,no_face_detected,2026-09-09T16:54:31
age11_001976.jpg,train,lips_masked,no_face_detected,2026-09-09T16:54:31
age28_025155.jpg,train,lips_masked,no_face_detected,2026-09-09T16:54:31
age47_042739.jpg,train,lips_masked,no_face_detected,2026-09-09T16:54:31
age18_071499.jpg,train,lips_masked,no_face_detected,2026-09-09T16:54:31
age55_077744.jpg,train,lips_masked,no_face_detected,2026-09-09T16:54:32
age6_007956.jpg,train,lips_masked,no_face_detected,2026-09-09T16:54:32
age13_003780.jpg,train,lips_masked,no_face_detected,2026-09-09T16:54:32
age2_051903.jpg,train,lips_masked,no_face_detected,2026-09-09T16:54:32
age19_074768.jpg,train,lips_masked,no_face_detected,2026-09-09T16:54:32
age4_053901.jpg,train,lips_masked,no_face_detected,2026-09-09T16:54:33
age43_062646.jpg,train,lips_masked,no_face_detected,2026-09-09T16:54:33
age15_074668.jpg,train,lips_masked,no_face_detected,2026-09-09T16:54:33
age38_066460.jpg,train,lips_masked,no_face_detected,2026-09-09T16:54:33
age40_065332.jpg,train,lips_masked,no_face_detected,2026-09-09T16:54:33
age36_070306.jpg,train,lips_masked,no_face_detected,2026-09-09T16:54:34
age6_010749.jpg,train,lips_masked,no_face_detected,2026-09-09T16:54:34
age10_006822.jpg,train,lips_masked,no_face_detected,2026-09-09T16:54:34
age4_052455.jpg,train,lips_masked,no_face_detected,2026-09-09T16:54:34
age27_026082.jpg,train,lips_masked,no_face_detected,2026-09-09T16:54:34
age18_025241.jpg,train,lips_masked,no_face_detected,2026-09-09T16:54:34
33_0_0_20170113210319548.jpg,train,lips_masked,no_face_detected,2026-09-09T16:54:34
age20_057784.jpg,train,lips_masked,no_face_detected,2026-09-09T16:54:34
age12_005596.jpg,train,lips_masked,no_face_detected,2026-09-09T16:54:34
age34_019921.jpg,train,lips_masked,no_face_detected,2026-09-09T16:54:35
age27_023137.jpg,train,lips_masked,no_face_detected,2026-09-09T16:54:35
age20_070956.jpg,train,lips_masked,no_face_detected,2026-09-09T16:54:35
age50_043142.jpg,train,lips_masked,no_face_detected,2026-09-09T16:54:35
age27_021980.jpg,train,lips_masked,no_face_detected,2026-09-09T16:54:35
age42_064482.jpg,train,lips_masked,no_face_detected,2026-09-09T16:54:35
age65_035960.jpg,train,lips_masked,no_face_detected,2026-09-09T16:54:35
age11_006038.jpg,train,lips_masked,no_face_detected,2026-09-09T16:54:35
age25_059788.jpg,train,lips_masked,no_face_detected,2026-09-09T16:54:36
age83_083817.jpg,train,lips_masked,no_face_detected,2026-09-09T16:54:36
age50_037996.jpg,train,lips_masked,no_face_detected,2026-09-09T16:54:36
age4_051891.jpg,train,lips_masked,no_face_detected,2026-09-09T16:54:36
age75_027882.jpg,train,lips_masked,no_face_detected,2026-09-09T16:54:37
age65_079759.jpg,train,lips_masked,no_face_detected,2026-09-09T16:54:37
age17_056364.jpg,train,lips_masked,no_face_detected,2026-09-09T16:54:37
age4_053401.jpg,train,lips_masked,no_face_detected,2026-09-09T16:54:37
age38_065803.jpg,train,lips_masked,no_face_detected,2026-09-09T16:54:37
age50_045187.jpg,train,lips_masked,no_face_detected,2026-09-09T16:54:37
age72_029105.jpg,train,lips_masked,no_face_detected,2026-09-09T16:54:38
age77_082944.jpg,train,lips_masked,no_face_detected,2026-09-09T16:54:38
age40_067968.jpg,train,lips_masked,no_face_detected,2026-09-09T16:54:38
age4_055133.jpg,train,lips_masked,no_face_detected,2026-09-09T16:54:38
age62_080999.jpg,train,lips_masked,no_face_detected,2026-09-09T16:54:38
age11_005225.jpg,train,lips_masked,no_face_detected,2026-09-09T16:54:38
age60_080689.jpg,train,lips_masked,no_face_detected,2026-09-09T16:54:38
age58_062622.jpg,train,lips_masked,no_face_detected,2026-09-09T16:54:39
age61_041688.jpg,train,lips_masked,no_face_detected,2026-09-09T16:54:39
age62_056110.jpg,train,lips_masked,no_face_detected,2026-09-09T16:54:39
age19_071349.jpg,train,lips_masked,no_face_detected,2026-09-09T16:54:39
age45_060936.jpg,train,lips_masked,no_face_detected,2026-09-09T16:54:39
age27_023865.jpg,train,lips_masked,no_face_detected,2026-09-09T16:54:39
age48_043218.jpg,train,lips_masked,no_face_detected,2026-09-09T16:54:37
age61_082721.jpg,train,lips_masked,no_face_detected,2026-09-09T16:54:37
age22_057466.jpg,train,lips_masked,no_face_detected,2026-09-09T16:54:37
age46_040760.jpg,train,lips_masked,no_face_detected,2026-09-09T16:54:37
age37_068571.jpg,train,lips_masked,no_face_detected,2026-09-09T16:54:37
age47_037127.jpg,train,lips_masked,no_face_detected,2026-09-09T16:54:38
age63_076437.jpg,train,lips_masked,no_face_detected,2026-09-09T16:54:38
age31_016200.jpg,train,lips_masked,no_face_detected,2026-09-09T16:54:38
age50_049928.jpg,train,lips_masked,no_face_detected,2026-09-09T16:54:38
age31_018072.jpg,train,lips_masked,no_face_detected,2026-09-09T16:54:38
age34_015188.jpg,train,lips_masked,no_face_detected,2026-09-09T16:54:38
age41_061665.jpg,train,lips_masked,no_face_detected,2026-09-09T16:54:39
age45_064716.jpg,train,lips_masked,no_face_detected,2026-09-09T16:54:39
age60_076634.jpg,train,lips_masked,no_face_detected,2026-09-09T16:54:39
age4_052533.jpg,train,lips_masked,no_face_detected,2026-09-09T16:54:39
age60_077919.jpg,train,lips_masked,no_face_detected,2026-09-09T16:54:39
age66_031801.jpg,train,lips_masked,no_face_detected,2026-09-09T16:54:39
age48_041761.jpg,train,lips_masked,no_face_detected,2026-09-09T16:54:39
age41_064669.jpg,train,lips_masked,no_face_detected,2026-09-09T16:54:39
age38_069582.jpg,train,lips_masked,no_face_detected,2026-09-09T16:54:39
age41_062759.jpg,train,lips_masked,no_face_detected,2026-09-09T16:54:40
age44_037145.jpg,train,lips_masked,no_face_detected,2026-09-09T16:54:40
age51_049404.jpg,train,lips_masked,no_face_detected,2026-09-09T16:54:40
age42_032246.jpg,train,lips_masked,no_face_detected,2026-09-09T16:54:40
age15_003029.jpg,train,lips_masked,no_face_detected,2026-09-09T16:54:40
age74_028053.jpg,train,lips_masked,no_face_detected,2026-09-09T16:54:40
age57_076907.jpg,train,lips_masked,no_face_detected,2026-09-09T16:54:41
age62_080655.jpg,train,lips_masked,no_face_detected,2026-09-09T16:54:41
age65_028811.jpg,train,lips_masked,no_face_detected,2026-09-09T16:54:41
age25_036801.jpg,train,lips_masked,no_face_detected,2026-09-09T16:54:41
age17_072118.jpg,train,lips_masked,no_face_detected,2026-09-09T16:54:41
age37_068725.jpg,train,lips_masked,no_face_detected,2026-09-09T16:54:41
age40_070151.jpg,train,lips_masked,no_face_detected,2026-09-09T16:54:42
age27_023511.jpg,train,lips_masked,no_face_detected,2026-09-09T16:54:42
age31_020374.jpg,train,lips_masked,no_face_detected,2026-09-09T16:54:42
age60_082651.jpg,train,lips_masked,no_face_detected,2026-09-09T16:54:42
age9_000644.jpg,train,lips_masked,no_face_detected,2026-09-09T16:54:42
age38_068049.jpg,train,lips_masked,no_face_detected,2026-09-09T16:54:42
age40_067710.jpg,train,lips_masked,no_face_detected,2026-09-09T16:54:43
age73_027914.jpg,train,lips_masked,no_face_detected,2026-09-09T16:54:43
age1_053526.jpg,train,lips_masked,no_face_detected,2026-09-09T16:54:43
age47_042103.jpg,train,lips_masked,no_face_detected,2026-09-09T16:54:43
age38_065680.jpg,train,lips_masked,no_face_detected,2026-09-09T16:54:43
age16_059874.jpg,train,lips_masked,no_face_detected,2026-09-09T16:54:43
age10_001644.jpg,train,lips_masked,no_face_detected,2026-09-09T16:54:43
age76_082961.jpg,train,lips_masked,no_face_detected,2026-09-09T16:54:44
age31_014039.jpg,train,lips_masked,no_face_detected,2026-09-09T16:54:44
age61_082535.jpg,train,lips_masked,no_face_detected,2026-09-09T16:54:44
age15_000399.jpg,train,lips_masked,no_face_detected,2026-09-09T16:54:44
age68_031883.jpg,train,lips_masked,no_face_detected,2026-09-09T16:54:44
age37_066514.jpg,train,lips_masked,no_face_detected,2026-09-09T16:54:44
age47_043796.jpg,train,lips_masked,no_face_detected,2026-09-09T16:54:44
age62_082381.jpg,train,lips_masked,no_face_detected,2026-09-09T16:54:44
age41_062847.jpg,train,lips_masked,no_face_detected,2026-09-09T16:54:45
age27_024617.jpg,train,lips_masked,no_face_detected,2026-09-09T16:54:45
age48_041856.jpg,train,lips_masked,no_face_detected,2026-09-09T16:54:45
26_0_1_20170117195923557.jpg,train,lips_masked,no_face_detected,2026-09-09T16:54:45
age22_057391.jpg,train,lips_masked,no_face_detected,2026-09-09T16:54:45
age41_064583.jpg,train,lips_masked,no_face_detected,2026-09-09T16:54:45
age11_005083.jpg,train,lips_masked,no_face_detected,2026-09-09T16:54:45
age60_080775.jpg,train,lips_masked,no_face_detected,2026-09-09T16:54:46
age70_033967.jpg,train,lips_masked,no_face_detected,2026-09-09T16:54:46
age59_036567.jpg,train,lips_masked,no_face_detected,2026-09-09T16:54:46
age67_031053.jpg,train,lips_masked,no_face_detected,2026-09-09T16:54:46
age4_053140.jpg,train,lips_masked,no_face_detected,2026-09-09T16:54:46
age76_083012.jpg,train,lips_masked,no_face_detected,2026-09-09T16:54:46
age69_033593.jpg,train,lips_masked,no_face_detected,2026-09-09T16:54:46
age9_008784.jpg,train,lips_masked,no_face_detected,2026-09-09T16:54:46
age62_081677.jpg,train,lips_masked,no_face_detected,2026-09-09T16:54:46
age25_060211.jpg,train,lips_masked,no_face_detected,2026-09-09T16:54:46
age27_022936.jpg,train,lips_masked,no_face_detected,2026-09-09T16:54:46
age40_068109.jpg,train,lips_masked,no_face_detected,2026-09-09T16:54:47
age6_010243.jpg,train,lips_masked,no_face_detected,2026-09-09T16:54:47
age65_033945.jpg,train,lips_masked,no_face_detected,2026-09-09T16:54:47
age20_070797.jpg,train,lips_masked,no_face_detected,2026-09-09T16:54:47
age60_077225.jpg,train,lips_masked,no_face_detected,2026-09-09T16:54:47
age41_064487.jpg,train,lips_masked,no_face_detected,2026-09-09T16:54:47
age35_058396.jpg,train,lips_masked,no_face_detected,2026-09-09T16:54:47
age73_030935.jpg,train,lips_masked,no_face_detected,2026-09-09T16:54:47
age68_033375.jpg,train,lips_masked,no_face_detected,2026-09-09T16:54:47
age27_025194.jpg,train,lips_masked,no_face_detected,2026-09-09T16:54:47
age41_064871.jpg,train,lips_masked,no_face_detected,2026-09-09T16:54:47
age19_074039.jpg,train,lips_masked,no_face_detected,2026-09-09T16:54:47
age24_027088.jpg,train,lips_masked,no_face_detected,2026-09-09T16:54:48
age19_070968.jpg,train,lips_masked,no_face_detected,2026-09-09T16:54:48
age48_043615.jpg,train,lips_masked,no_face_detected,2026-09-09T16:54:48
age20_055364.jpg,train,lips_masked,no_face_detected,2026-09-09T16:54:48
age71_027867.jpg,train,lips_masked,no_face_detected,2026-09-09T16:54:48
age10_012674.jpg,train,lips_masked,no_face_detected,2026-09-09T16:54:48
age47_040024.jpg,train,lips_masked,no_face_detected,2026-09-09T16:54:49
age31_014875.jpg,train,lips_masked,no_face_detected,2026-09-09T16:54:49
age7_011013.jpg,train,lips_masked,no_face_detected,2026-09-09T16:54:49
age37_068426.jpg,train,lips_masked,no_face_detected,2026-09-09T16:54:49
age38_067615.jpg,train,lips_masked,no_face_detected,2026-09-09T16:54:50
age15_003461.jpg,train,lips_masked,no_face_detected,2026-09-09T16:54:50
age45_064848.jpg,train,lips_masked,no_face_detected,2026-09-09T16:54:50
age4_055201.jpg,train,lips_masked,no_face_detected,2026-09-09T16:54:50
age55_040227.jpg,train,lips_masked,no_face_detected,2026-09-09T16:54:50
age54_046107.jpg,train,lips_masked,no_face_detected,2026-09-09T16:54:51
age62_079520.jpg,train,lips_masked,no_face_detected,2026-09-09T16:54:51
age67_029535.jpg,train,lips_masked,no_face_detected,2026-09-09T16:54:51
age34_015164.jpg,train,lips_masked,no_face_detected,2026-09-09T16:54:51
age58_075240.jpg,train,lips_masked,no_face_detected,2026-09-09T16:54:52
age69_033412.jpg,train,lips_masked,no_face_detected,2026-09-09T16:54:52
age71_029581.jpg,train,lips_masked,no_face_detected,2026-09-09T16:54:52
age58_078604.jpg,train,lips_masked,no_face_detected,2026-09-09T16:54:52
age49_022119.jpg,train,lips_masked,no_face_detected,2026-09-09T16:54:52
age20_056925.jpg,train,lips_masked,no_face_detected,2026-09-09T16:54:52
age80_028680.jpg,train,lips_masked,no_face_detected,2026-09-09T16:54:53
age40_066909.jpg,train,lips_masked,no_face_detected,2026-09-09T16:54:53
age48_039143.jpg,train,lips_masked,no_face_detected,2026-09-09T16:54:53
age67_031354.jpg,train,lips_masked,no_face_detected,2026-09-09T16:54:53
age6_013382.jpg,train,lips_masked,no_face_detected,2026-09-09T16:54:53
age40_063107.jpg,train,lips_masked,no_face_detected,2026-09-09T16:54:53
age67_033834.jpg,train,lips_masked,no_face_detected,2026-09-09T16:54:53
age18_073186.jpg,train,lips_masked,no_face_detected,2026-09-09T16:54:54
age47_040719.jpg,train,lips_masked,no_face_detected,2026-09-09T16:54:54
age55_018010.jpg,train,lips_masked,no_face_detected,2026-09-09T16:54:54
age38_065305.jpg,train,lips_masked,no_face_detected,2026-09-09T16:54:54
age6_009015.jpg,train,lips_masked,no_face_detected,2026-09-09T16:54:55
age6_009791.jpg,train,lips_masked,no_face_detected,2026-09-09T16:54:55
age65_079765.jpg,train,lips_masked,no_face_detected,2026-09-09T16:54:55
age38_070321.jpg,train,lips_masked,no_face_detected,2026-09-09T16:54:55
age17_072258.jpg,train,lips_masked,no_face_detected,2026-09-09T16:54:55
age10_003586.jpg,train,lips_masked,no_face_detected,2026-09-09T16:54:55
age10_004565.jpg,train,lips_masked,no_face_detected,2026-09-09T16:54:56
age61_080545.jpg,train,lips_masked,no_face_detected,2026-09-09T16:54:56
age27_026895.jpg,train,lips_masked,no_face_detected,2026-09-09T16:54:56
age57_075877.jpg,train,lips_masked,no_face_detected,2026-09-09T16:54:56
age25_023314.jpg,train,lips_masked,no_face_detected,2026-09-09T16:54:56
age48_043710.jpg,train,lips_masked,no_face_detected,2026-09-09T16:54:56
age10_010093.jpg,train,lips_masked,no_face_detected,2026-09-09T16:54:56
age54_049639.jpg,train,lips_masked,no_face_detected,2026-09-09T16:54:57
age56_021680.jpg,train,lips_masked,no_face_detected,2026-09-09T16:54:57
age76_018125.jpg,train,lips_masked,no_face_detected,2026-09-09T16:54:57
age58_078104.jpg,train,lips_masked,no_face_detected,2026-09-09T16:54:57
age38_068546.jpg,train,lips_masked,no_face_detected,2026-09-09T16:54:57
age2_009621.jpg,train,lips_masked,no_face_detected,2026-09-09T16:54:57
age37_068329.jpg,train,lips_masked,no_face_detected,2026-09-09T16:54:57
age27_022453.jpg,train,lips_masked,no_face_detected,2026-09-09T16:54:57
age50_042592.jpg,train,lips_masked,no_face_detected,2026-09-09T16:54:57
age54_046693.jpg,train,lips_masked,no_face_detected,2026-09-09T16:54:58
age70_029354.jpg,train,lips_masked,no_face_detected,2026-09-09T16:54:59
age72_029486.jpg,train,lips_masked,no_face_detected,2026-09-09T16:54:59
age13_001948.jpg,train,lips_masked,no_face_detected,2026-09-09T16:54:59
age19_071482.jpg,train,lips_masked,no_face_detected,2026-09-09T16:55:00
age72_022116.jpg,train,lips_masked,no_face_detected,2026-09-09T16:55:00
age31_018553.jpg,train,lips_masked,no_face_detected,2026-09-09T16:55:00
age52_044588.jpg,train,lips_masked,no_face_detected,2026-09-09T16:55:00
age11_005566.jpg,train,lips_masked,no_face_detected,2026-09-09T16:55:00
age60_075557.jpg,train,lips_masked,no_face_detected,2026-09-09T16:55:00
age75_030040.jpg,train,lips_masked,no_face_detected,2026-09-09T16:55:01
age31_014677.jpg,train,lips_masked,no_face_detected,2026-09-09T16:55:01
age41_016667.jpg,train,lips_masked,no_face_detected,2026-09-09T16:55:01
age50_037526.jpg,train,lips_masked,no_face_detected,2026-09-09T16:55:01
age45_038127.jpg,train,lips_masked,no_face_detected,2026-09-09T16:55:01
age34_006614.jpg,train,lips_masked,no_face_detected,2026-09-09T16:55:01
age34_017112.jpg,train,lips_masked,no_face_detected,2026-09-09T16:55:02
age4_052490.jpg,train,lips_masked,no_face_detected,2026-09-09T16:55:02
age67_036460.jpg,train,lips_masked,no_face_detected,2026-09-09T16:55:02
age27_023868.jpg,train,lips_masked,no_face_detected,2026-09-09T16:55:02
age41_063572.jpg,train,lips_masked,no_face_detected,2026-09-09T16:55:02
age6_010329.jpg,train,lips_masked,no_face_detected,2026-09-09T16:55:02
age45_043541.jpg,train,lips_masked,no_face_detected,2026-09-09T16:55:02
age36_017893.jpg,train,lips_masked,no_face_detected,2026-09-09T16:55:02
age36_067109.jpg,train,lips_masked,no_face_detected,2026-09-09T16:55:02
age20_070912.jpg,train,lips_masked,no_face_detected,2026-09-09T16:55:02
age55_037620.jpg,train,lips_masked,no_face_detected,2026-09-09T16:55:03
age61_070406.jpg,train,lips_masked,no_face_detected,2026-09-09T16:55:03
age31_016387.jpg,train,lips_masked,no_face_detected,2026-09-09T16:55:03
age83_021450.jpg,train,lips_masked,no_face_detected,2026-09-09T16:55:03
age11_002331.jpg,train,lips_masked,no_face_detected,2026-09-09T16:55:03
age18_063829.jpg,train,lips_masked,no_face_detected,2026-09-09T16:55:03
age57_075086.jpg,train,lips_masked,no_face_detected,2026-09-09T16:55:03
age40_064971.jpg,train,lips_masked,no_face_detected,2026-09-09T16:55:03
age34_019026.jpg,train,lips_masked,no_face_detected,2026-09-09T16:55:03
age25_025496.jpg,train,lips_masked,no_face_detected,2026-09-09T16:55:04
age65_031416.jpg,train,lips_masked,no_face_detected,2026-09-09T16:55:04
age6_006904.jpg,train,lips_masked,no_face_detected,2026-09-09T16:55:04
age4_054206.jpg,train,lips_masked,no_face_detected,2026-09-09T16:55:04
age60_079024.jpg,train,lips_masked,no_face_detected,2026-09-09T16:55:04
age20_072226.jpg,train,lips_masked,no_face_detected,2026-09-09T16:55:04
age6_013651.jpg,train,lips_masked,no_face_detected,2026-09-09T16:55:04
age65_033445.jpg,train,lips_masked,no_face_detected,2026-09-09T16:55:04
age58_078447.jpg,train,lips_masked,no_face_detected,2026-09-09T16:55:04
age27_022769.jpg,train,lips_masked,no_face_detected,2026-09-09T16:55:05
age13_003270.jpg,train,lips_masked,no_face_detected,2026-09-09T16:55:05
age48_043395.jpg,train,lips_masked,no_face_detected,2026-09-09T16:55:05
age66_035878.jpg,train,lips_masked,no_face_detected,2026-09-09T16:55:05
age58_078505.jpg,train,lips_masked,no_face_detected,2026-09-09T16:55:05
age61_082342.jpg,train,lips_masked,no_face_detected,2026-09-09T16:55:06
age61_081289.jpg,train,lips_masked,no_face_detected,2026-09-09T16:55:06
age27_025453.jpg,train,lips_masked,no_face_detected,2026-09-09T16:55:06
age61_080981.jpg,train,lips_masked,no_face_detected,2026-09-09T16:55:06
age41_064879.jpg,train,lips_masked,no_face_detected,2026-09-09T16:55:06
age40_064661.jpg,train,lips_masked,no_face_detected,2026-09-09T16:55:07
age31_020354.jpg,train,lips_masked,no_face_detected,2026-09-09T16:55:07
age5_053830.jpg,train,lips_masked,no_face_detected,2026-09-09T16:55:07
age37_070349.jpg,train,lips_masked,no_face_detected,2026-09-09T16:55:08
age65_081120.jpg,train,lips_masked,no_face_detected,2026-09-09T16:55:08
age20_071455.jpg,train,lips_masked,no_face_detected,2026-09-09T16:55:08
age38_065115.jpg,train,lips_masked,no_face_detected,2026-09-09T16:55:08
age37_066294.jpg,train,lips_masked,no_face_detected,2026-09-09T16:55:08
age66_035849.jpg,train,lips_masked,no_face_detected,2026-09-09T16:55:08
age55_048292.jpg,train,lips_masked,no_face_detected,2026-09-09T16:55:08
age34_013805.jpg,train,lips_masked,no_face_detected,2026-09-09T16:55:08
age34_018460.jpg,train,lips_masked,no_face_detected,2026-09-09T16:55:09
age10_003417.jpg,train,lips_masked,no_face_detected,2026-09-09T16:55:09
age49_024381.jpg,train,lips_masked,no_face_detected,2026-09-09T16:55:09
age79_083652.jpg,train,lips_masked,no_face_detected,2026-09-09T16:55:06
age71_029597.jpg,train,lips_masked,no_face_detected,2026-09-09T16:55:06
age21_059027.jpg,train,lips_masked,no_face_detected,2026-09-09T16:55:06
age40_069409.jpg,train,lips_masked,no_face_detected,2026-09-09T16:55:06
age37_067861.jpg,train,lips_masked,no_face_detected,2026-09-09T16:55:06
age2_053086.jpg,train,lips_masked,no_face_detected,2026-09-09T16:55:07
age38_065805.jpg,train,lips_masked,no_face_detected,2026-09-09T16:55:07
age63_034299.jpg,train,lips_masked,no_face_detected,2026-09-09T16:55:07
age36_066461.jpg,train,lips_masked,no_face_detected,2026-09-09T16:55:07
age81_078446.jpg,train,lips_masked,no_face_detected,2026-09-09T16:55:07
age5_012975.jpg,train,lips_masked,no_face_detected,2026-09-09T16:55:08
age31_015022.jpg,train,lips_masked,no_face_detected,2026-09-09T16:55:08
age38_023894.jpg,train,lips_masked,no_face_detected,2026-09-09T16:55:08
age31_014321.jpg,train,lips_masked,no_face_detected,2026-09-09T16:55:08
age17_072543.jpg,train,lips_masked,no_face_detected,2026-09-09T16:55:08
age4_054350.jpg,train,lips_masked,no_face_detected,2026-09-09T16:55:08
age18_070852.jpg,train,lips_masked,no_face_detected,2026-09-09T16:55:08
age48_039941.jpg,train,lips_masked,no_face_detected,2026-09-09T16:55:08
age34_019558.jpg,train,lips_masked,no_face_detected,2026-09-09T16:55:09
age11_001754.jpg,train,lips_masked,no_face_detected,2026-09-09T16:55:09
age62_081103.jpg,train,lips_masked,no_face_detected,2026-09-09T16:55:09
age50_037016.jpg,train,lips_masked,no_face_detected,2026-09-09T16:55:09
age4_053855.jpg,train,lips_masked,no_face_detected,2026-09-09T16:55:09
age60_082195.jpg,train,lips_masked,no_face_detected,2026-09-09T16:55:09
age31_020075.jpg,train,lips_masked,no_face_detected,2026-09-09T16:55:10
age2_051215.jpg,train,lips_masked,no_face_detected,2026-09-09T16:55:10
age71_030523.jpg,train,lips_masked,no_face_detected,2026-09-09T16:55:10
age40_021009.jpg,train,lips_masked,no_face_detected,2026-09-09T16:55:10
age25_023760.jpg,train,lips_masked,no_face_detected,2026-09-09T16:55:10
age76_079352.jpg,train,lips_masked,no_face_detected,2026-09-09T16:55:10
age36_065798.jpg,train,lips_masked,no_face_detected,2026-09-09T16:55:11
age3_008128.jpg,train,lips_masked,no_face_detected,2026-09-09T16:55:11
age48_040601.jpg,train,lips_masked,no_face_detected,2026-09-09T16:55:11
age68_032266.jpg,train,lips_masked,no_face_detected,2026-09-09T16:55:11
age68_036609.jpg,train,lips_masked,no_face_detected,2026-09-09T16:55:11
age37_066752.jpg,train,lips_masked,no_face_detected,2026-09-09T16:55:11
age54_050148.jpg,train,lips_masked,no_face_detected,2026-09-09T16:55:11
age54_048548.jpg,train,lips_masked,no_face_detected,2026-09-09T16:55:11
age25_025492.jpg,train,lips_masked,no_face_detected,2026-09-09T16:55:12
age38_069547.jpg,train,lips_masked,no_face_detected,2026-09-09T16:55:12
age58_042277.jpg,train,lips_masked,no_face_detected,2026-09-09T16:55:12
age18_072350.jpg,train,lips_masked,no_face_detected,2026-09-09T16:55:12
age44_011622.jpg,train,lips_masked,no_face_detected,2026-09-09T16:55:12
age58_076130.jpg,train,lips_masked,no_face_detected,2026-09-09T16:55:12
age24_018669.jpg,train,lips_masked,no_face_detected,2026-09-09T16:55:12
age61_081321.jpg,train,lips_masked,no_face_detected,2026-09-09T16:55:12
age44_044523.jpg,train,lips_masked,no_face_detected,2026-09-09T16:55:12
age50_044972.jpg,train,lips_masked,no_face_detected,2026-09-09T16:55:13
age75_083143.jpg,train,lips_masked,no_face_detected,2026-09-09T16:55:13
age54_044387.jpg,train,lips_masked,no_face_detected,2026-09-09T16:55:13
age74_029944.jpg,train,lips_masked,no_face_detected,2026-09-09T16:55:13
age15_065404.jpg,train,lips_masked,no_face_detected,2026-09-09T16:55:13
age17_073970.jpg,train,lips_masked,no_face_detected,2026-09-09T16:55:13
age87_027200.jpg,train,lips_masked,no_face_detected,2026-09-09T16:55:14
age10_003196.jpg,train,lips_masked,no_face_detected,2026-09-09T16:55:14
age18_073405.jpg,train,lips_masked,no_face_detected,2026-09-09T16:55:14
age13_005609.jpg,train,lips_masked,no_face_detected,2026-09-09T16:55:14
age27_021336.jpg,train,lips_masked,no_face_detected,2026-09-09T16:55:14
age65_081234.jpg,train,lips_masked,no_face_detected,2026-09-09T16:55:14
age10_008692.jpg,train,lips_masked,no_face_detected,2026-09-09T16:55:14
age27_023642.jpg,train,lips_masked,no_face_detected,2026-09-09T16:55:14
age40_069889.jpg,train,lips_masked,no_face_detected,2026-09-09T16:55:15
age11_004991.jpg,train,lips_masked,no_face_detected,2026-09-09T16:55:15
age22_057863.jpg,train,lips_masked,no_face_detected,2026-09-09T16:55:15
age51_046724.jpg,train,lips_masked,no_face_detected,2026-09-09T16:55:15
age78_083118.jpg,train,lips_masked,no_face_detected,2026-09-09T16:55:15
age16_073864.jpg,train,lips_masked,no_face_detected,2026-09-09T16:55:15
age4_050342.jpg,train,lips_masked,no_face_detected,2026-09-09T16:55:16
age10_007366.jpg,train,lips_masked,no_face_detected,2026-09-09T16:55:16
age50_039684.jpg,train,lips_masked,no_face_detected,2026-09-09T16:55:16
age66_032035.jpg,train,lips_masked,no_face_detected,2026-09-09T16:55:16
age67_036356.jpg,train,lips_masked,no_face_detected,2026-09-09T16:55:17
age67_034727.jpg,train,lips_masked,no_face_detected,2026-09-09T16:55:17
age72_027477.jpg,train,lips_masked,no_face_detected,2026-09-09T16:55:17
age9_002793.jpg,train,lips_masked,no_face_detected,2026-09-09T16:55:17
age25_021210.jpg,train,lips_masked,no_face_detected,2026-09-09T16:55:17
age34_016753.jpg,train,lips_masked,no_face_detected,2026-09-09T16:55:17
age44_064336.jpg,train,lips_masked,no_face_detected,2026-09-09T16:55:18
age60_018376.jpg,train,lips_masked,no_face_detected,2026-09-09T16:55:18
age29_021292.jpg,train,lips_masked,no_face_detected,2026-09-09T16:55:18
age77_041771.jpg,train,lips_masked,no_face_detected,2026-09-09T16:55:18
age36_067413.jpg,train,lips_masked,no_face_detected,2026-09-09T16:55:18
age66_033535.jpg,train,lips_masked,no_face_detected,2026-09-09T16:55:18
age6_012441.jpg,train,lips_masked,no_face_detected,2026-09-09T16:55:19
age36_067218.jpg,train,lips_masked,no_face_detected,2026-09-09T16:55:19
age18_073274.jpg,train,lips_masked,no_face_detected,2026-09-09T16:55:19
age27_023253.jpg,train,lips_masked,no_face_detected,2026-09-09T16:55:19
age42_063651.jpg,train,lips_masked,no_face_detected,2026-09-09T16:55:19
age57_078568.jpg,train,lips_masked,no_face_detected,2026-09-09T16:55:19
age41_061160.jpg,train,lips_masked,no_face_detected,2026-09-09T16:55:19
age48_041571.jpg,train,lips_masked,no_face_detected,2026-09-09T16:55:20
age23_056333.jpg,train,lips_masked,no_face_detected,2026-09-09T16:55:20
age21_058196.jpg,train,lips_masked,no_face_detected,2026-09-09T16:55:20
age58_049832.jpg,train,lips_masked,no_face_detected,2026-09-09T16:55:21
age54_047300.jpg,train,lips_masked,no_face_detected,2026-09-09T16:55:21
age54_048224.jpg,train,lips_masked,no_face_detected,2026-09-09T16:55:22
age18_071464.jpg,train,lips_masked,no_face_detected,2026-09-09T16:55:22
age47_040006.jpg,train,lips_masked,no_face_detected,2026-09-09T16:55:22
age55_047935.jpg,train,lips_masked,no_face_detected,2026-09-09T16:55:22
age41_062339.jpg,train,lips_masked,no_face_detected,2026-09-09T16:55:22
age55_045571.jpg,train,lips_masked,no_face_detected,2026-09-09T16:55:23
age40_060446.jpg,train,lips_masked,no_face_detected,2026-09-09T16:55:23
age4_051970.jpg,train,lips_masked,no_face_detected,2026-09-09T16:55:23
age21_055901.jpg,train,lips_masked,no_face_detected,2026-09-09T16:55:23
age65_031080.jpg,train,lips_masked,no_face_detected,2026-09-09T16:55:23
age68_033848.jpg,train,lips_masked,no_face_detected,2026-09-09T16:55:23
age55_044782.jpg,train,lips_masked,no_face_detected,2026-09-09T16:55:23
age41_062692.jpg,train,lips_masked,no_face_detected,2026-09-09T16:55:23
age31_019298.jpg,train,lips_masked,no_face_detected,2026-09-09T16:55:23
age31_018784.jpg,train,lips_masked,no_face_detected,2026-09-09T16:55:24
age40_065172.jpg,train,lips_masked,no_face_detected,2026-09-09T16:55:24
age25_059776.jpg,train,lips_masked,no_face_detected,2026-09-09T16:55:24
age31_014571.jpg,train,lips_masked,no_face_detected,2026-09-09T16:55:24
age18_072636.jpg,train,lips_masked,no_face_detected,2026-09-09T16:55:24
age69_029189.jpg,train,lips_masked,no_face_detected,2026-09-09T16:55:24
age4_050487.jpg,train,lips_masked,no_face_detected,2026-09-09T16:55:24
age4_051106.jpg,train,lips_masked,no_face_detected,2026-09-09T16:55:24
age10_008875.jpg,train,lips_masked,no_face_detected,2026-09-09T16:55:24
age13_005586.jpg,train,lips_masked,no_face_detected,2026-09-09T16:55:24
age50_041700.jpg,train,lips_masked,no_face_detected,2026-09-09T16:55:25
age34_014094.jpg,train,lips_masked,no_face_detected,2026-09-09T16:55:25
age83_075757.jpg,train,lips_masked,no_face_detected,2026-09-09T16:55:25
age60_082360.jpg,train,lips_masked,no_face_detected,2026-09-09T16:55:26
age17_072790.jpg,train,lips_masked,no_face_detected,2026-09-09T16:55:26
age56_028566.jpg,train,lips_masked,no_face_detected,2026-09-09T16:55:26
age6_012079.jpg,train,lips_masked,no_face_detected,2026-09-09T16:55:26
age52_049153.jpg,train,lips_masked,no_face_detected,2026-09-09T16:55:26
age69_031997.jpg,train,lips_masked,no_face_detected,2026-09-09T16:55:26
age71_029413.jpg,train,lips_masked,no_face_detected,2026-09-09T16:55:26
age65_036192.jpg,train,lips_masked,no_face_detected,2026-09-09T16:55:26
age73_029391.jpg,train,lips_masked,no_face_detected,2026-09-09T16:55:26
age34_014925.jpg,train,lips_masked,no_face_detected,2026-09-09T16:55:26
age3_010973.jpg,train,lips_masked,no_face_detected,2026-09-09T16:55:27
age50_038011.jpg,train,lips_masked,no_face_detected,2026-09-09T16:55:27
1_1_4_20161221192615380.jpg,train,lips_masked,no_face_detected,2026-09-09T16:55:27
age10_009704.jpg,train,lips_masked,no_face_detected,2026-09-09T16:55:27
age37_067465.jpg,train,lips_masked,no_face_detected,2026-09-09T16:55:27
age34_014264.jpg,train,lips_masked,no_face_detected,2026-09-09T16:55:27
age67_032214.jpg,train,lips_masked,no_face_detected,2026-09-09T16:55:27
age80_083045.jpg,train,lips_masked,no_face_detected,2026-09-09T16:55:27
age11_002194.jpg,train,lips_masked,no_face_detected,2026-09-09T16:55:27
age8_004773.jpg,train,lips_masked,no_face_detected,2026-09-09T16:55:28
age20_073232.jpg,train,lips_masked,no_face_detected,2026-09-09T16:55:28
age60_077357.jpg,train,lips_masked,no_face_detected,2026-09-09T16:55:28
age20_059254.jpg,train,lips_masked,no_face_detected,2026-09-09T16:55:28
age48_039449.jpg,train,lips_masked,no_face_detected,2026-09-09T16:55:28
age34_017867.jpg,train,lips_masked,no_face_detected,2026-09-09T16:55:28
age41_064057.jpg,train,lips_masked,no_face_detected,2026-09-09T16:55:28
age34_019199.jpg,train,lips_masked,no_face_detected,2026-09-09T16:55:29
age54_047527.jpg,train,lips_masked,no_face_detected,2026-09-09T16:55:29
age73_027524.jpg,train,lips_masked,no_face_detected,2026-09-09T16:55:29
age65_033638.jpg,train,lips_masked,no_face_detected,2026-09-09T16:55:29
age58_076204.jpg,train,lips_masked,no_face_detected,2026-09-09T16:55:29
age48_037897.jpg,train,lips_masked,no_face_detected,2026-09-09T16:55:29
age48_043712.jpg,train,lips_masked,no_face_detected,2026-09-09T16:55:29
age45_038955.jpg,train,lips_masked,no_face_detected,2026-09-09T16:55:30
age15_004686.jpg,train,lips_masked,no_face_detected,2026-09-09T16:55:30
age40_067086.jpg,train,lips_masked,no_face_detected,2026-09-09T16:55:30
age37_068430.jpg,train,lips_masked,no_face_detected,2026-09-09T16:55:30
age74_030141.jpg,train,lips_masked,no_face_detected,2026-09-09T16:55:30
age58_078038.jpg,train,lips_masked,no_face_detected,2026-09-09T16:55:30
age37_067619.jpg,train,lips_masked,no_face_detected,2026-09-09T16:55:30
age27_021298.jpg,train,lips_masked,no_face_detected,2026-09-09T16:55:30
age24_019559.jpg,train,lips_masked,no_face_detected,2026-09-09T16:55:31
63_0_4_20170117175627092.jpg,train,lips_masked,no_face_detected,2026-09-09T16:55:31
age21_027108.jpg,train,lips_masked,no_face_detected,2026-09-09T16:55:31
age52_045725.jpg,train,lips_masked,no_face_detected,2026-09-09T16:55:31
age66_034795.jpg,train,lips_masked,no_face_detected,2026-09-09T16:55:31
age33_016319.jpg,train,lips_masked,no_face_detected,2026-09-09T16:55:32
age53_047504.jpg,train,lips_masked,no_face_detected,2026-09-09T16:55:32
age53_038214.jpg,train,lips_masked,no_face_detected,2026-09-09T16:55:32
age2_050422.jpg,train,lips_masked,no_face_detected,2026-09-09T16:55:32
age58_035185.jpg,train,lips_masked,no_face_detected,2026-09-09T16:55:32
age50_047292.jpg,train,lips_masked,no_face_detected,2026-09-09T16:55:32
age58_076994.jpg,train,lips_masked,no_face_detected,2026-09-09T16:55:32
age64_081878.jpg,train,lips_masked,no_face_detected,2026-09-09T16:55:32
age60_076027.jpg,train,lips_masked,no_face_detected,2026-09-09T16:55:32
age50_042791.jpg,train,lips_masked,no_face_detected,2026-09-09T16:55:33
age55_047684.jpg,train,lips_masked,no_face_detected,2026-09-09T16:55:33
age7_011595.jpg,train,lips_masked,no_face_detected,2026-09-09T16:55:33
age18_074048.jpg,train,lips_masked,no_face_detected,2026-09-09T16:55:33
age44_037477.jpg,train,lips_masked,no_face_detected,2026-09-09T16:55:33
age53_029498.jpg,train,lips_masked,no_face_detected,2026-09-09T16:55:33
age48_014381.jpg,train,lips_masked,no_face_detected,2026-09-09T16:55:33
age48_042005.jpg,train,lips_masked,no_face_detected,2026-09-09T16:55:33
age18_073393.jpg,train,lips_masked,no_face_detected,2026-09-09T16:55:34
age78_029759.jpg,train,lips_masked,no_face_detected,2026-09-09T16:55:34
age34_014034.jpg,train,lips_masked,no_face_detected,2026-09-09T16:55:34
age38_066343.jpg,train,lips_masked,no_face_detected,2026-09-09T16:55:34
age69_034380.jpg,train,lips_masked,no_face_detected,2026-09-09T16:55:34
age6_008385.jpg,train,lips_masked,no_face_detected,2026-09-09T16:55:34
age27_022578.jpg,train,lips_masked,no_face_detected,2026-09-09T16:55:34
age42_061046.jpg,train,lips_masked,no_face_detected,2026-09-09T16:55:35
age2_054410.jpg,train,lips_masked,no_face_detected,2026-09-09T16:55:35
age69_032649.jpg,train,lips_masked,no_face_detected,2026-09-09T16:55:35
age42_063654.jpg,train,lips_masked,no_face_detected,2026-09-09T16:55:35
age40_069213.jpg,train,lips_masked,no_face_detected,2026-09-09T16:55:35
age48_044079.jpg,train,lips_masked,no_face_detected,2026-09-09T16:55:35
age40_065563.jpg,train,lips_masked,no_face_detected,2026-09-09T16:55:36
age6_010003.jpg,train,lips_masked,no_face_detected,2026-09-09T16:55:36
age79_028531.jpg,train,lips_masked,no_face_detected,2026-09-09T16:55:37
age40_065993.jpg,train,lips_masked,no_face_detected,2026-09-09T16:55:37
age48_037781.jpg,train,lips_masked,no_face_detected,2026-09-09T16:55:37
age50_037038.jpg,train,lips_masked,no_face_detected,2026-09-09T16:55:37
age4_051433.jpg,train,lips_masked,no_face_detected,2026-09-09T16:55:37
age77_019890.jpg,train,lips_masked,no_face_detected,2026-09-09T16:55:37
age15_006413.jpg,train,lips_masked,no_face_detected,2026-09-09T16:55:37
age68_033995.jpg,train,lips_masked,no_face_detected,2026-09-09T16:55:37
age39_069050.jpg,train,lips_masked,no_face_detected,2026-09-09T16:55:37
age20_058243.jpg,train,lips_masked,no_face_detected,2026-09-09T16:55:38
age78_039607.jpg,train,lips_masked,no_face_detected,2026-09-09T16:55:38
age6_010529.jpg,train,lips_masked,no_face_detected,2026-09-09T16:55:38
age20_056080.jpg,train,lips_masked,no_face_detected,2026-09-09T16:55:35
age6_010976.jpg,train,lips_masked,no_face_detected,2026-09-09T16:55:36
age17_074365.jpg,train,lips_masked,no_face_detected,2026-09-09T16:55:36
age4_051036.jpg,train,lips_masked,no_face_detected,2026-09-09T16:55:36
age27_025692.jpg,train,lips_masked,no_face_detected,2026-09-09T16:55:36
age53_047926.jpg,train,lips_masked,no_face_detected,2026-09-09T16:55:36
age20_057895.jpg,train,lips_masked,no_face_detected,2026-09-09T16:55:36
age62_082406.jpg,train,lips_masked,no_face_detected,2026-09-09T16:55:37
age67_032159.jpg,train,lips_masked,no_face_detected,2026-09-09T16:55:37
age2_007506.jpg,train,lips_masked,no_face_detected,2026-09-09T16:55:37
age68_032885.jpg,train,lips_masked,no_face_detected,2026-09-09T16:55:37
age60_076267.jpg,train,lips_masked,no_face_detected,2026-09-09T16:55:38
age47_039430.jpg,train,lips_masked,no_face_detected,2026-09-09T16:55:38
age71_027752.jpg,train,lips_masked,no_face_detected,2026-09-09T16:55:38
age48_015356.jpg,train,lips_masked,no_face_detected,2026-09-09T16:55:39
age48_040398.jpg,train,lips_masked,no_face_detected,2026-09-09T16:55:39
age27_025621.jpg,train,lips_masked,no_face_detected,2026-09-09T16:55:39
age41_060944.jpg,train,lips_masked,no_face_detected,2026-09-09T16:55:40
age42_064988.jpg,train,lips_masked,no_face_detected,2026-09-09T16:55:40
age41_063317.jpg,train,lips_masked,no_face_detected,2026-09-09T16:55:40
age25_057971.jpg,train,lips_masked,no_face_detected,2026-09-09T16:55:40
age69_032120.jpg,train,lips_masked,no_face_detected,2026-09-09T16:55:40
age47_038686.jpg,train,lips_masked,no_face_detected,2026-09-09T16:55:40
age19_074177.jpg,train,lips_masked,no_face_detected,2026-09-09T16:55:40
age11_006210.jpg,train,lips_masked,no_face_detected,2026-09-09T16:55:40
age42_063589.jpg,train,lips_masked,no_face_detected,2026-09-09T16:55:40
age55_075167.jpg,train,lips_masked,no_face_detected,2026-09-09T16:55:41
age17_075055.jpg,train,lips_masked,no_face_detected,2026-09-09T16:55:41
age6_011922.jpg,train,lips_masked,no_face_detected,2026-09-09T16:55:41
age61_081426.jpg,train,lips_masked,no_face_detected,2026-09-09T16:55:41
age58_076692.jpg,train,lips_masked,no_face_detected,2026-09-09T16:55:42
age2_052409.jpg,train,lips_masked,no_face_detected,2026-09-09T16:55:42
age22_058226.jpg,train,lips_masked,no_face_detected,2026-09-09T16:55:42
age9_011182.jpg,train,lips_masked,no_face_detected,2026-09-09T16:55:42
age53_048280.jpg,train,lips_masked,no_face_detected,2026-09-09T16:55:42
age28_026584.jpg,train,lips_masked,no_face_detected,2026-09-09T16:55:42
age6_013607.jpg,train,lips_masked,no_face_detected,2026-09-09T16:55:42
age27_022244.jpg,train,lips_masked,no_face_detected,2026-09-09T16:55:43
age54_048381.jpg,train,lips_masked,no_face_detected,2026-09-09T16:55:43
age62_028133.jpg,train,lips_masked,no_face_detected,2026-09-09T16:55:43
age6_010599.jpg,train,lips_masked,no_face_detected,2026-09-09T16:55:43
age57_076223.jpg,train,lips_masked,no_face_detected,2026-09-09T16:55:43
age72_029924.jpg,train,lips_masked,no_face_detected,2026-09-09T16:55:44
age4_051864.jpg,train,lips_masked,no_face_detected,2026-09-09T16:55:44
age55_044446.jpg,train,lips_masked,no_face_detected,2026-09-09T16:55:44
age11_006736.jpg,train,lips_masked,no_face_detected,2026-09-09T16:55:44
age18_042391.jpg,train,lips_masked,no_face_detected,2026-09-09T16:55:44
age22_015761.jpg,train,lips_masked,no_face_detected,2026-09-09T16:55:44
age4_051894.jpg,train,lips_masked,no_face_detected,2026-09-09T16:55:44
age30_021676.jpg,train,lips_masked,no_face_detected,2026-09-09T16:55:44
age41_063875.jpg,train,lips_masked,no_face_detected,2026-09-09T16:55:45
age63_064416.jpg,train,lips_masked,no_face_detected,2026-09-09T16:55:45
age7_007764.jpg,train,lips_masked,no_face_detected,2026-09-09T16:55:45
age41_060594.jpg,train,lips_masked,no_face_detected,2026-09-09T16:55:45
age36_065949.jpg,train,lips_masked,no_face_detected,2026-09-09T16:55:45
age25_055400.jpg,train,lips_masked,no_face_detected,2026-09-09T16:55:45
age34_016122.jpg,train,lips_masked,no_face_detected,2026-09-09T16:55:45
age55_075922.jpg,train,lips_masked,no_face_detected,2026-09-09T16:55:46
age40_062887.jpg,train,lips_masked,no_face_detected,2026-09-09T16:55:46
age60_077304.jpg,train,lips_masked,no_face_detected,2026-09-09T16:55:46
age17_005448.jpg,train,lips_masked,no_face_detected,2026-09-09T16:55:46
age31_019553.jpg,train,lips_masked,no_face_detected,2026-09-09T16:55:46
age68_032329.jpg,train,lips_masked,no_face_detected,2026-09-09T16:55:47
age65_035642.jpg,train,lips_masked,no_face_detected,2026-09-09T16:55:47
age38_066974.jpg,train,lips_masked,no_face_detected,2026-09-09T16:55:47
age60_081879.jpg,train,lips_masked,no_face_detected,2026-09-09T16:55:47
age54_047659.jpg,train,lips_masked,no_face_detected,2026-09-09T16:55:48
age54_049678.jpg,train,lips_masked,no_face_detected,2026-09-09T16:55:48
age53_045011.jpg,train,lips_masked,no_face_detected,2026-09-09T16:55:48
age31_017845.jpg,train,lips_masked,no_face_detected,2026-09-09T16:55:48
age40_068070.jpg,train,lips_masked,no_face_detected,2026-09-09T16:55:48
age25_056838.jpg,train,lips_masked,no_face_detected,2026-09-09T16:55:48
age48_043618.jpg,train,lips_masked,no_face_detected,2026-09-09T16:55:48
age41_052585.jpg,train,lips_masked,no_face_detected,2026-09-09T16:55:48
age13_000704.jpg,train,lips_masked,no_face_detected,2026-09-09T16:55:48
age42_062749.jpg,train,lips_masked,no_face_detected,2026-09-09T16:55:49
age60_079438.jpg,train,lips_masked,no_face_detected,2026-09-09T16:55:49
age70_028175.jpg,train,lips_masked,no_face_detected,2026-09-09T16:55:49
age38_065028.jpg,train,lips_masked,no_face_detected,2026-09-09T16:55:49
age27_025170.jpg,train,lips_masked,no_face_detected,2026-09-09T16:55:49
age54_048208.jpg,train,lips_masked,no_face_detected,2026-09-09T16:55:50
age2_050701.jpg,train,lips_masked,no_face_detected,2026-09-09T16:55:50
age48_040096.jpg,train,lips_masked,no_face_detected,2026-09-09T16:55:50
age37_065940.jpg,train,lips_masked,no_face_detected,2026-09-09T16:55:50
age66_036485.jpg,train,lips_masked,no_face_detected,2026-09-09T16:55:51
age74_029740.jpg,train,lips_masked,no_face_detected,2026-09-09T16:55:51
age47_043943.jpg,train,lips_masked,no_face_detected,2026-09-09T16:55:51
age4_007967.jpg,train,lips_masked,no_face_detected,2026-09-09T16:55:51
age18_071595.jpg,train,lips_masked,no_face_detected,2026-09-09T16:55:51
age42_064157.jpg,train,lips_masked,no_face_detected,2026-09-09T16:55:51
age20_058393.jpg,train,lips_masked,no_face_detected,2026-09-09T16:55:51
age50_049823.jpg,train,lips_masked,no_face_detected,2026-09-09T16:55:52
age70_036577.jpg,train,lips_masked,no_face_detected,2026-09-09T16:55:52
age22_055560.jpg,train,lips_masked,no_face_detected,2026-09-09T16:55:52
age15_003109.jpg,train,lips_masked,no_face_detected,2026-09-09T16:55:52
age37_065243.jpg,train,lips_masked,no_face_detected,2026-09-09T16:55:52
age31_020254.jpg,train,lips_masked,no_face_detected,2026-09-09T16:55:52
age58_076830.jpg,train,lips_masked,no_face_detected,2026-09-09T16:55:53
age6_010630.jpg,train,lips_masked,no_face_detected,2026-09-09T16:55:53
age60_077722.jpg,train,lips_masked,no_face_detected,2026-09-09T16:55:53
age55_075412.jpg,train,lips_masked,no_face_detected,2026-09-09T16:55:53
age47_038622.jpg,train,lips_masked,no_face_detected,2026-09-09T16:55:53
age23_022949.jpg,train,lips_masked,no_face_detected,2026-09-09T16:55:53
age56_079016.jpg,train,lips_masked,no_face_detected,2026-09-09T16:55:53
age55_033640.jpg,train,lips_masked,no_face_detected,2026-09-09T16:55:54
age5_010997.jpg,train,lips_masked,no_face_detected,2026-09-09T16:55:54
age62_080803.jpg,train,lips_masked,no_face_detected,2026-09-09T16:55:54
age18_024655.jpg,train,lips_masked,no_face_detected,2026-09-09T16:55:54
age50_049809.jpg,train,lips_masked,no_face_detected,2026-09-09T16:55:54
age41_037900.jpg,train,lips_masked,no_face_detected,2026-09-09T16:55:55
age15_004721.jpg,train,lips_masked,no_face_detected,2026-09-09T16:55:55
age35_049775.jpg,train,lips_masked,no_face_detected,2026-09-09T16:55:55
age18_045912.jpg,train,lips_masked,no_face_detected,2026-09-09T16:55:55
age31_018639.jpg,train,lips_masked,no_face_detected,2026-09-09T16:55:55
age27_024094.jpg,train,lips_masked,no_face_detected,2026-09-09T16:55:55
age56_077745.jpg,train,lips_masked,no_face_detected,2026-09-09T16:55:55
age17_074211.jpg,train,lips_masked,no_face_detected,2026-09-09T16:55:55
age47_042924.jpg,train,lips_masked,no_face_detected,2026-09-09T16:55:56
age69_035103.jpg,train,lips_masked,no_face_detected,2026-09-09T16:55:56
age72_030576.jpg,train,lips_masked,no_face_detected,2026-09-09T16:55:56
age25_026292.jpg,train,lips_masked,no_face_detected,2026-09-09T16:55:56
age18_073953.jpg,train,lips_masked,no_face_detected,2026-09-09T16:55:56
age31_019030.jpg,train,lips_masked,no_face_detected,2026-09-09T16:55:56
age65_078905.jpg,train,lips_masked,no_face_detected,2026-09-09T16:55:57
age48_037998.jpg,train,lips_masked,no_face_detected,2026-09-09T16:55:57
age27_026695.jpg,train,lips_masked,no_face_detected,2026-09-09T16:55:57
age13_002412.jpg,train,lips_masked,no_face_detected,2026-09-09T16:55:57
age66_035130.jpg,train,lips_masked,no_face_detected,2026-09-09T16:55:57
age38_070166.jpg,train,lips_masked,no_face_detected,2026-09-09T16:55:57
age41_061579.jpg,train,lips_masked,no_face_detected,2026-09-09T16:55:57
age47_042547.jpg,train,lips_masked,no_face_detected,2026-09-09T16:55:57
age4_050579.jpg,train,lips_masked,no_face_detected,2026-09-09T16:55:58
age47_037372.jpg,train,lips_masked,no_face_detected,2026-09-09T16:55:58
age60_035799.jpg,train,lips_masked,no_face_detected,2026-09-09T16:55:58
age48_038938.jpg,train,lips_masked,no_face_detected,2026-09-09T16:55:58
age64_067661.jpg,train,lips_masked,no_face_detected,2026-09-09T16:55:58
age79_083408.jpg,train,lips_masked,no_face_detected,2026-09-09T16:55:58
age11_004407.jpg,train,lips_masked,no_face_detected,2026-09-09T16:55:59
age13_005129.jpg,train,lips_masked,no_face_detected,2026-09-09T16:55:59
age20_059509.jpg,train,lips_masked,no_face_detected,2026-09-09T16:55:59
age27_025894.jpg,train,lips_masked,no_face_detected,2026-09-09T16:55:59
age45_030309.jpg,train,lips_masked,no_face_detected,2026-09-09T16:55:59
age47_039634.jpg,train,lips_masked,no_face_detected,2026-09-09T16:55:59
age68_033898.jpg,train,lips_masked,no_face_detected,2026-09-09T16:55:59
age31_020049.jpg,train,lips_masked,no_face_detected,2026-09-09T16:55:59
age62_079687.jpg,train,lips_masked,no_face_detected,2026-09-09T16:55:59
age6_007640.jpg,train,lips_masked,no_face_detected,2026-09-09T16:55:59
age68_034742.jpg,train,lips_masked,no_face_detected,2026-09-09T16:56:00
age61_079613.jpg,train,lips_masked,no_face_detected,2026-09-09T16:56:00
age44_012593.jpg,train,lips_masked,no_face_detected,2026-09-09T16:56:00
age48_037762.jpg,train,lips_masked,no_face_detected,2026-09-09T16:56:00
age40_062144.jpg,train,lips_masked,no_face_detected,2026-09-09T16:56:01
age6_013761.jpg,train,lips_masked,no_face_detected,2026-09-09T16:56:01
age62_080746.jpg,train,lips_masked,no_face_detected,2026-09-09T16:56:01
age45_061934.jpg,train,lips_masked,no_face_detected,2026-09-09T16:56:01
age22_060030.jpg,train,lips_masked,no_face_detected,2026-09-09T16:56:01
age4_052208.jpg,train,lips_masked,no_face_detected,2026-09-09T16:56:01
age76_037549.jpg,train,lips_masked,no_face_detected,2026-09-09T16:56:01
age48_040971.jpg,train,lips_masked,no_face_detected,2026-09-09T16:56:01
age11_006688.jpg,train,lips_masked,no_face_detected,2026-09-09T16:56:02
age13_005022.jpg,train,lips_masked,no_face_detected,2026-09-09T16:56:02
age37_067818.jpg,train,lips_masked,no_face_detected,2026-09-09T16:56:02
age25_022594.jpg,train,lips_masked,no_face_detected,2026-09-09T16:56:02
age67_032460.jpg,train,lips_masked,no_face_detected,2026-09-09T16:56:02
age50_038653.jpg,train,lips_masked,no_face_detected,2026-09-09T16:56:02
age27_023824.jpg,train,lips_masked,no_face_detected,2026-09-09T16:56:03
age47_026349.jpg,train,lips_masked,no_face_detected,2026-09-09T16:56:03
age58_078889.jpg,train,lips_masked,no_face_detected,2026-09-09T16:56:03
age20_055519.jpg,train,lips_masked,no_face_detected,2026-09-09T16:56:03
age84_084049.jpg,train,lips_masked,no_face_detected,2026-09-09T16:56:03
age21_057919.jpg,train,lips_masked,no_face_detected,2026-09-09T16:56:03
age31_018695.jpg,train,lips_masked,no_face_detected,2026-09-09T16:56:03
age10_009444.jpg,train,lips_masked,no_face_detected,2026-09-09T16:56:03
age55_032240.jpg,train,lips_masked,no_face_detected,2026-09-09T16:56:03
age38_066728.jpg,train,lips_masked,no_face_detected,2026-09-09T16:56:04
age4_053318.jpg,train,lips_masked,no_face_detected,2026-09-09T16:56:04
age74_027969.jpg,train,lips_masked,no_face_detected,2026-09-09T16:56:04
age40_061267.jpg,train,lips_masked,no_face_detected,2026-09-09T16:56:04
age22_056587.jpg,train,lips_masked,no_face_detected,2026-09-09T16:56:04
age40_043522.jpg,train,lips_masked,no_face_detected,2026-09-09T16:56:04
age31_019437.jpg,train,lips_masked,no_face_detected,2026-09-09T16:56:04
age4_054616.jpg,train,lips_masked,no_face_detected,2026-09-09T16:56:05
age50_040338.jpg,train,lips_masked,no_face_detected,2026-09-09T16:56:05
age60_079348.jpg,train,lips_masked,no_face_detected,2026-09-09T16:56:05
age18_070951.jpg,train,lips_masked,no_face_detected,2026-09-09T16:56:05
54_0_0_20170111222142109.jpg,train,lips_masked,no_face_detected,2026-09-09T16:56:05
age58_077672.jpg,train,lips_masked,no_face_detected,2026-09-09T16:56:05
age25_059186.jpg,train,lips_masked,no_face_detected,2026-09-09T16:56:05
age38_068401.jpg,train,lips_masked,no_face_detected,2026-09-09T16:56:05
age83_084128.jpg,train,lips_masked,no_face_detected,2026-09-09T16:56:06
age76_083274.jpg,train,lips_masked,no_face_detected,2026-09-09T16:56:06
age13_006370.jpg,train,lips_masked,no_face_detected,2026-09-09T16:56:06
age34_019989.jpg,train,lips_masked,no_face_detected,2026-09-09T16:56:06
age55_044953.jpg,train,lips_masked,no_face_detected,2026-09-09T16:56:06
age6_008670.jpg,train,lips_masked,no_face_detected,2026-09-09T16:56:06
age4_006873.jpg,train,lips_masked,no_face_detected,2026-09-09T16:56:06
age34_018485.jpg,train,lips_masked,no_face_detected,2026-09-09T16:56:07
age27_025596.jpg,train,lips_masked,no_face_detected,2026-09-09T16:56:07
age70_029876.jpg,train,lips_masked,no_face_detected,2026-09-09T16:56:07
age21_035298.jpg,train,lips_masked,no_face_detected,2026-09-09T16:56:07
age13_003620.jpg,train,lips_masked,no_face_detected,2026-09-09T16:56:07
age62_079428.jpg,train,lips_masked,no_face_detected,2026-09-09T16:56:05
age82_084157.jpg,train,lips_masked,no_face_detected,2026-09-09T16:56:05
age61_081318.jpg,train,lips_masked,no_face_detected,2026-09-09T16:56:05
age21_060060.jpg,train,lips_masked,no_face_detected,2026-09-09T16:56:05
age60_081899.jpg,train,lips_masked,no_face_detected,2026-09-09T16:56:05
age20_056430.jpg,train,lips_masked,no_face_detected,2026-09-09T16:56:05
age73_029445.jpg,train,lips_masked,no_face_detected,2026-09-09T16:56:06
age49_037476.jpg,train,lips_masked,no_face_detected,2026-09-09T16:56:06
age47_042359.jpg,train,lips_masked,no_face_detected,2026-09-09T16:56:06
age48_043281.jpg,train,lips_masked,no_face_detected,2026-09-09T16:56:06
age37_067493.jpg,train,lips_masked,no_face_detected,2026-09-09T16:56:06
age4_050335.jpg,train,lips_masked,no_face_detected,2026-09-09T16:56:06
age34_019541.jpg,train,lips_masked,no_face_detected,2026-09-09T16:56:07
age40_061402.jpg,train,lips_masked,no_face_detected,2026-09-09T16:56:07
age71_027944.jpg,train,lips_masked,no_face_detected,2026-09-09T16:56:07
age74_029076.jpg,train,lips_masked,no_face_detected,2026-09-09T16:56:07
age54_049479.jpg,train,lips_masked,no_face_detected,2026-09-09T16:56:07
age76_083244.jpg,train,lips_masked,no_face_detected,2026-09-09T16:56:08
age6_012610.jpg,train,lips_masked,no_face_detected,2026-09-09T16:56:08
age62_078976.jpg,train,lips_masked,no_face_detected,2026-09-09T16:56:08
age27_025100.jpg,train,lips_masked,no_face_detected,2026-09-09T16:56:08
age45_041623.jpg,train,lips_masked,no_face_detected,2026-09-09T16:56:08
age66_036614.jpg,train,lips_masked,no_face_detected,2026-09-09T16:56:08
age20_055862.jpg,train,lips_masked,no_face_detected,2026-09-09T16:56:09
age47_039635.jpg,train,lips_masked,no_face_detected,2026-09-09T16:56:09
age31_020223.jpg,train,lips_masked,no_face_detected,2026-09-09T16:56:09
age70_030715.jpg,train,lips_masked,no_face_detected,2026-09-09T16:56:09
age5_007677.jpg,train,lips_masked,no_face_detected,2026-09-09T16:56:09
age47_043509.jpg,train,lips_masked,no_face_detected,2026-09-09T16:56:10
age80_084144.jpg,train,lips_masked,no_face_detected,2026-09-09T16:56:10
age4_050957.jpg,train,lips_masked,no_face_detected,2026-09-09T16:56:10
age54_046198.jpg,train,lips_masked,no_face_detected,2026-09-09T16:56:10
age11_001826.jpg,train,lips_masked,no_face_detected,2026-09-09T16:56:10
age15_071231.jpg,train,lips_masked,no_face_detected,2026-09-09T16:56:10
age20_074234.jpg,train,lips_masked,no_face_detected,2026-09-09T16:56:10
age72_028410.jpg,train,lips_masked,no_face_detected,2026-09-09T16:56:10
age25_058172.jpg,train,lips_masked,no_face_detected,2026-09-09T16:56:11
age60_079111.jpg,train,lips_masked,no_face_detected,2026-09-09T16:56:11
age11_005290.jpg,train,lips_masked,no_face_detected,2026-09-09T16:56:11
age3_009984.jpg,train,lips_masked,no_face_detected,2026-09-09T16:56:11
age13_003453.jpg,train,lips_masked,no_face_detected,2026-09-09T16:56:11
age68_032576.jpg,train,lips_masked,no_face_detected,2026-09-09T16:56:11
age17_073954.jpg,train,lips_masked,no_face_detected,2026-09-09T16:56:11
age2_054395.jpg,train,lips_masked,no_face_detected,2026-09-09T16:56:11
age38_024267.jpg,train,lips_masked,no_face_detected,2026-09-09T16:56:12
age62_079365.jpg,train,lips_masked,no_face_detected,2026-09-09T16:56:12
age34_019246.jpg,train,lips_masked,no_face_detected,2026-09-09T16:56:12
age48_042367.jpg,train,lips_masked,no_face_detected,2026-09-09T16:56:12
age25_021250.jpg,train,lips_masked,no_face_detected,2026-09-09T16:56:12
age31_020994.jpg,train,lips_masked,no_face_detected,2026-09-09T16:56:12
age20_016964.jpg,train,lips_masked,no_face_detected,2026-09-09T16:56:13
age69_031646.jpg,train,lips_masked,no_face_detected,2026-09-09T16:56:13
age27_026501.jpg,train,lips_masked,no_face_detected,2026-09-09T16:56:13
age60_076586.jpg,train,lips_masked,no_face_detected,2026-09-09T16:56:13
age15_074109.jpg,train,lips_masked,no_face_detected,2026-09-09T16:56:14
age40_064027.jpg,train,lips_masked,no_face_detected,2026-09-09T16:56:14
age41_060489.jpg,train,lips_masked,no_face_detected,2026-09-09T16:56:14
age64_033875.jpg,train,lips_masked,no_face_detected,2026-09-09T16:56:14
age65_080313.jpg,train,lips_masked,no_face_detected,2026-09-09T16:56:14
age40_067946.jpg,train,lips_masked,no_face_detected,2026-09-09T16:56:14
age15_000596.jpg,train,lips_masked,no_face_detected,2026-09-09T16:56:14
age67_036645.jpg,train,lips_masked,no_face_detected,2026-09-09T16:56:14
age50_046490.jpg,train,lips_masked,no_face_detected,2026-09-09T16:56:15
age13_004595.jpg,train,lips_masked,no_face_detected,2026-09-09T16:56:15
age76_083419.jpg,train,lips_masked,no_face_detected,2026-09-09T16:56:15
age20_057267.jpg,train,lips_masked,no_face_detected,2026-09-09T16:56:15
age4_052389.jpg,train,lips_masked,no_face_detected,2026-09-09T16:56:16
age62_080710.jpg,train,lips_masked,no_face_detected,2026-09-09T16:56:16
age61_024568.jpg,train,lips_masked,no_face_detected,2026-09-09T16:56:16
age65_036534.jpg,train,lips_masked,no_face_detected,2026-09-09T16:56:16
age28_025834.jpg,train,lips_masked,no_face_detected,2026-09-09T16:56:16
age38_067548.jpg,train,lips_masked,no_face_detected,2026-09-09T16:56:16
age6_009503.jpg,train,lips_masked,no_face_detected,2026-09-09T16:56:17
age6_010126.jpg,train,lips_masked,no_face_detected,2026-09-09T16:56:17
age26_021879.jpg,train,lips_masked,no_face_detected,2026-09-09T16:56:17
age25_026940.jpg,train,lips_masked,no_face_detected,2026-09-09T16:56:17
age6_010873.jpg,train,lips_masked,no_face_detected,2026-09-09T16:56:17
age31_020379.jpg,train,lips_masked,no_face_detected,2026-09-09T16:56:17
age52_039817.jpg,train,lips_masked,no_face_detected,2026-09-09T16:56:17
age41_060675.jpg,train,lips_masked,no_face_detected,2026-09-09T16:56:17
age37_045128.jpg,train,lips_masked,no_face_detected,2026-09-09T16:56:18
age21_058322.jpg,train,lips_masked,no_face_detected,2026-09-09T16:56:18
age33_014189.jpg,train,lips_masked,no_face_detected,2026-09-09T16:56:18
age41_016636.jpg,train,lips_masked,no_face_detected,2026-09-09T16:56:18
age58_076129.jpg,train,lips_masked,no_face_detected,2026-09-09T16:56:18
age34_019203.jpg,train,lips_masked,no_face_detected,2026-09-09T16:56:18
age26_023541.jpg,train,lips_masked,no_face_detected,2026-09-09T16:56:18
age18_073147.jpg,train,lips_masked,no_face_detected,2026-09-09T16:56:19
age90_027135.jpg,train,lips_masked,no_face_detected,2026-09-09T16:56:19
age62_079513.jpg,train,lips_masked,no_face_detected,2026-09-09T16:56:19
age41_063258.jpg,train,lips_masked,no_face_detected,2026-09-09T16:56:19
age61_082072.jpg,train,lips_masked,no_face_detected,2026-09-09T16:56:19
age38_070504.jpg,train,lips_masked,no_face_detected,2026-09-09T16:56:19
age69_032422.jpg,train,lips_masked,no_face_detected,2026-09-09T16:56:19
age31_016549.jpg,train,lips_masked,no_face_detected,2026-09-09T16:56:20
age4_013075.jpg,train,lips_masked,no_face_detected,2026-09-09T16:56:20
age34_017564.jpg,train,lips_masked,no_face_detected,2026-09-09T16:56:20
age65_045227.jpg,train,lips_masked,no_face_detected,2026-09-09T16:56:20
age13_001197.jpg,train,lips_masked,no_face_detected,2026-09-09T16:56:20
age18_071446.jpg,train,lips_masked,no_face_detected,2026-09-09T16:56:21
age71_030458.jpg,train,lips_masked,no_face_detected,2026-09-09T16:56:21
age66_033687.jpg,train,lips_masked,no_face_detected,2026-09-09T16:56:22
age42_062685.jpg,train,lips_masked,no_face_detected,2026-09-09T16:56:22
age80_031420.jpg,train,lips_masked,no_face_detected,2026-09-09T16:56:22
age58_078900.jpg,train,lips_masked,no_face_detected,2026-09-09T16:56:22
age61_080217.jpg,train,lips_masked,no_face_detected,2026-09-09T16:56:23
age40_063385.jpg,train,lips_masked,no_face_detected,2026-09-09T16:56:23
age13_006710.jpg,train,lips_masked,no_face_detected,2026-09-09T16:56:23
age34_016366.jpg,train,lips_masked,no_face_detected,2026-09-09T16:56:23
age38_069167.jpg,train,lips_masked,no_face_detected,2026-09-09T16:56:23
age36_045139.jpg,train,lips_masked,no_face_detected,2026-09-09T16:56:23
age57_067940.jpg,train,lips_masked,no_face_detected,2026-09-09T16:56:23
age48_041749.jpg,train,lips_masked,no_face_detected,2026-09-09T16:56:24
age6_007914.jpg,train,lips_masked,no_face_detected,2026-09-09T16:56:24
age18_074732.jpg,train,lips_masked,no_face_detected,2026-09-09T16:56:24
age76_075787.jpg,train,lips_masked,no_face_detected,2026-09-09T16:56:24
age25_055869.jpg,train,lips_masked,no_face_detected,2026-09-09T16:56:24
age75_028388.jpg,train,lips_masked,no_face_detected,2026-09-09T16:56:25
age38_070354.jpg,train,lips_masked,no_face_detected,2026-09-09T16:56:25
age37_065784.jpg,train,lips_masked,no_face_detected,2026-09-09T16:56:25
age58_078023.jpg,train,lips_masked,no_face_detected,2026-09-09T16:56:25
age10_010071.jpg,train,lips_masked,no_face_detected,2026-09-09T16:56:26
age20_073339.jpg,train,lips_masked,no_face_detected,2026-09-09T16:56:26
age60_081442.jpg,train,lips_masked,no_face_detected,2026-09-09T16:56:26
age40_064512.jpg,train,lips_masked,no_face_detected,2026-09-09T16:56:26
age72_027703.jpg,train,lips_masked,no_face_detected,2026-09-09T16:56:26
age31_015091.jpg,train,lips_masked,no_face_detected,2026-09-09T16:56:26
age85_083773.jpg,train,lips_masked,no_face_detected,2026-09-09T16:56:26
age13_001127.jpg,train,lips_masked,no_face_detected,2026-09-09T16:56:26
age13_005955.jpg,train,lips_masked,no_face_detected,2026-09-09T16:56:26
age27_022078.jpg,train,lips_masked,no_face_detected,2026-09-09T16:56:27
age16_071304.jpg,train,lips_masked,no_face_detected,2026-09-09T16:56:27
age64_081403.jpg,train,lips_masked,no_face_detected,2026-09-09T16:56:27
age74_030518.jpg,train,lips_masked,no_face_detected,2026-09-09T16:56:27
age1_007230.jpg,train,lips_masked,no_face_detected,2026-09-09T16:56:28
age31_014980.jpg,train,lips_masked,no_face_detected,2026-09-09T16:56:28
age5_002600.jpg,train,lips_masked,no_face_detected,2026-09-09T16:56:28
age52_048067.jpg,train,lips_masked,no_face_detected,2026-09-09T16:56:28
age29_014876.jpg,train,lips_masked,no_face_detected,2026-09-09T16:56:28
age25_057607.jpg,train,lips_masked,no_face_detected,2026-09-09T16:56:28
age19_072534.jpg,train,lips_masked,no_face_detected,2026-09-09T16:56:29
age10_013539.jpg,train,lips_masked,no_face_detected,2026-09-09T16:56:29
age22_059543.jpg,train,lips_masked,no_face_detected,2026-09-09T16:56:29
age26_021553.jpg,train,lips_masked,no_face_detected,2026-09-09T16:56:29
age19_073511.jpg,train,lips_masked,no_face_detected,2026-09-09T16:56:29
age85_083987.jpg,train,lips_masked,no_face_detected,2026-09-09T16:56:29
age31_020238.jpg,train,lips_masked,no_face_detected,2026-09-09T16:56:29
age18_073692.jpg,train,lips_masked,no_face_detected,2026-09-09T16:56:30
age73_029283.jpg,train,lips_masked,no_face_detected,2026-09-09T16:56:30
age62_077955.jpg,train,lips_masked,no_face_detected,2026-09-09T16:56:30
age10_007282.jpg,train,lips_masked,no_face_detected,2026-09-09T16:56:30
age21_060098.jpg,train,lips_masked,no_face_detected,2026-09-09T16:56:30
age10_001378.jpg,train,lips_masked,no_face_detected,2026-09-09T16:56:30
age37_066333.jpg,train,lips_masked,no_face_detected,2026-09-09T16:56:31
age11_006133.jpg,train,lips_masked,no_face_detected,2026-09-09T16:56:31
age38_066943.jpg,train,lips_masked,no_face_detected,2026-09-09T16:56:31
age48_025210.jpg,train,lips_masked,no_face_detected,2026-09-09T16:56:31
age65_031394.jpg,train,lips_masked,no_face_detected,2026-09-09T16:56:31
age58_078899.jpg,train,lips_masked,no_face_detected,2026-09-09T16:56:31
age53_045133.jpg,train,lips_masked,no_face_detected,2026-09-09T16:56:31
age36_070403.jpg,train,lips_masked,no_face_detected,2026-09-09T16:56:31
age41_064148.jpg,train,lips_masked,no_face_detected,2026-09-09T16:56:32
age6_011539.jpg,train,lips_masked,no_face_detected,2026-09-09T16:56:32
age58_075679.jpg,train,lips_masked,no_face_detected,2026-09-09T16:56:32
age65_014101.jpg,train,lips_masked,no_face_detected,2026-09-09T16:56:32
age20_074348.jpg,train,lips_masked,no_face_detected,2026-09-09T16:56:32
age31_014158.jpg,train,lips_masked,no_face_detected,2026-09-09T16:56:32
age6_010259.jpg,train,lips_masked,no_face_detected,2026-09-09T16:56:32
age68_035860.jpg,train,lips_masked,no_face_detected,2026-09-09T16:56:32
age25_021821.jpg,train,lips_masked,no_face_detected,2026-09-09T16:56:33
age42_061546.jpg,train,lips_masked,no_face_detected,2026-09-09T16:56:33
age18_071064.jpg,train,lips_masked,no_face_detected,2026-09-09T16:56:33
age46_028713.jpg,train,lips_masked,no_face_detected,2026-09-09T16:56:33
age11_006466.jpg,train,lips_masked,no_face_detected,2026-09-09T16:56:33
age62_082628.jpg,train,lips_masked,no_face_detected,2026-09-09T16:56:33
age66_032514.jpg,train,lips_masked,no_face_detected,2026-09-09T16:56:34
age7_005798.jpg,train,lips_masked,no_face_detected,2026-09-09T16:56:34
age26_023819.jpg,train,lips_masked,no_face_detected,2026-09-09T16:56:34
age31_017022.jpg,train,lips_masked,no_face_detected,2026-09-09T16:56:34
age80_083081.jpg,train,lips_masked,no_face_detected,2026-09-09T16:56:34
age61_082694.jpg,train,lips_masked,no_face_detected,2026-09-09T16:56:34
age61_081102.jpg,train,lips_masked,no_face_detected,2026-09-09T16:56:34
age67_034791.jpg,train,lips_masked,no_face_detected,2026-09-09T16:56:35
age25_024557.jpg,train,lips_masked,no_face_detected,2026-09-09T16:56:35
age66_034297.jpg,train,lips_masked,no_face_detected,2026-09-09T16:56:35
age41_062846.jpg,train,lips_masked,no_face_detected,2026-09-09T16:56:35
age21_060075.jpg,train,lips_masked,no_face_detected,2026-09-09T16:56:35
age45_037377.jpg,train,lips_masked,no_face_detected,2026-09-09T16:56:35
age18_071443.jpg,train,lips_masked,no_face_detected,2026-09-09T16:56:35
age65_019636.jpg,train,lips_masked,no_face_detected,2026-09-09T16:56:35
age67_035769.jpg,train,lips_masked,no_face_detected,2026-09-09T16:56:35
age62_031890.jpg,train,lips_masked,no_face_detected,2026-09-09T16:56:36
age82_083979.jpg,train,lips_masked,no_face_detected,2026-09-09T16:56:36
age34_020224.jpg,train,lips_masked,no_face_detected,2026-09-09T16:56:36
age54_049140.jpg,train,lips_masked,no_face_detected,2026-09-09T16:56:36
age50_044222.jpg,train,lips_masked,no_face_detected,2026-09-09T16:56:36
age60_067783.jpg,train,lips_masked,no_face_detected,2026-09-09T16:56:36
age40_070011.jpg,train,lips_masked,no_face_detected,2026-09-09T16:56:36
age31_015994.jpg,train,lips_masked,no_face_detected,2026-09-09T16:56:36
age20_070720.jpg,train,lips_masked,no_face_detected,2026-09-09T16:56:36
age54_044802.jpg,train,lips_masked,no_face_detected,2026-09-09T16:56:36
age57_078264.jpg,train,lips_masked,no_face_detected,2026-09-09T16:56:36
age53_049045.jpg,train,lips_masked,no_face_detected,2026-09-09T16:56:34
age75_030348.jpg,train,lips_masked,no_face_detected,2026-09-09T16:56:34
age11_000722.jpg,train,lips_masked,no_face_detected,2026-09-09T16:56:34
age22_056470.jpg,train,lips_masked,no_face_detected,2026-09-09T16:56:34
age12_000148.jpg,train,lips_masked,no_face_detected,2026-09-09T16:56:34
age40_066829.jpg,train,lips_masked,no_face_detected,2026-09-09T16:56:34
age48_039362.jpg,train,lips_masked,no_face_detected,2026-09-09T16:56:35
age38_068125.jpg,train,lips_masked,no_face_detected,2026-09-09T16:56:35
age70_034607.jpg,train,lips_masked,no_face_detected,2026-09-09T16:56:35
age34_020653.jpg,train,lips_masked,no_face_detected,2026-09-09T16:56:35
age34_014275.jpg,train,lips_masked,no_face_detected,2026-09-09T16:56:35
age41_061893.jpg,train,lips_masked,no_face_detected,2026-09-09T16:56:35
age20_055558.jpg,train,lips_masked,no_face_detected,2026-09-09T16:56:36
age50_042978.jpg,train,lips_masked,no_face_detected,2026-09-09T16:56:36
age33_016196.jpg,train,lips_masked,no_face_detected,2026-09-09T16:56:36
age2_050577.jpg,train,lips_masked,no_face_detected,2026-09-09T16:56:36
age31_016744.jpg,train,lips_masked,no_face_detected,2026-09-09T16:56:36
age77_083335.jpg,train,lips_masked,no_face_detected,2026-09-09T16:56:36
age6_009170.jpg,train,lips_masked,no_face_detected,2026-09-09T16:56:36
age45_043146.jpg,train,lips_masked,no_face_detected,2026-09-09T16:56:36
age6_008849.jpg,train,lips_masked,no_face_detected,2026-09-09T16:56:36
age40_066328.jpg,train,lips_masked,no_face_detected,2026-09-09T16:56:37
age67_032781.jpg,train,lips_masked,no_face_detected,2026-09-09T16:56:37
age50_045791.jpg,train,lips_masked,no_face_detected,2026-09-09T16:56:37
age61_082667.jpg,train,lips_masked,no_face_detected,2026-09-09T16:56:37
age50_047961.jpg,train,lips_masked,no_face_detected,2026-09-09T16:56:37
age11_001747.jpg,train,lips_masked,no_face_detected,2026-09-09T16:56:37
age47_038260.jpg,train,lips_masked,no_face_detected,2026-09-09T16:56:37
age53_027557.jpg,train,lips_masked,no_face_detected,2026-09-09T16:56:38
age58_026058.jpg,train,lips_masked,no_face_detected,2026-09-09T16:56:38
age62_082478.jpg,train,lips_masked,no_face_detected,2026-09-09T16:56:38
age77_029226.jpg,train,lips_masked,no_face_detected,2026-09-09T16:56:38
age73_028127.jpg,train,lips_masked,no_face_detected,2026-09-09T16:56:38
age13_000199.jpg,train,lips_masked,no_face_detected,2026-09-09T16:56:39
age76_082996.jpg,train,lips_masked,no_face_detected,2026-09-09T16:56:39
age65_032255.jpg,train,lips_masked,no_face_detected,2026-09-09T16:56:39
age12_002729.jpg,train,lips_masked,no_face_detected,2026-09-09T16:56:39
age34_014047.jpg,train,lips_masked,no_face_detected,2026-09-09T16:56:39
age6_006986.jpg,train,lips_masked,no_face_detected,2026-09-09T16:56:39
age54_044378.jpg,train,lips_masked,no_face_detected,2026-09-09T16:56:39
age69_032696.jpg,train,lips_masked,no_face_detected,2026-09-09T16:56:39
age15_002544.jpg,train,lips_masked,no_face_detected,2026-09-09T16:56:40
age57_076180.jpg,train,lips_masked,no_face_detected,2026-09-09T16:56:40
age33_015543.jpg,train,lips_masked,no_face_detected,2026-09-09T16:56:40
age46_029982.jpg,train,lips_masked,no_face_detected,2026-09-09T16:56:40
age36_068914.jpg,train,lips_masked,no_face_detected,2026-09-09T16:56:40
age27_025109.jpg,train,lips_masked,no_face_detected,2026-09-09T16:56:41
age45_038717.jpg,train,lips_masked,no_face_detected,2026-09-09T16:56:41
age45_060514.jpg,train,lips_masked,no_face_detected,2026-09-09T16:56:41
45_0_0_20170120221508470.jpg,train,lips_masked,no_face_detected,2026-09-09T16:56:41
age40_063202.jpg,train,lips_masked,no_face_detected,2026-09-09T16:56:41
age70_028117.jpg,train,lips_masked,no_face_detected,2026-09-09T16:56:41
age31_016703.jpg,train,lips_masked,no_face_detected,2026-09-09T16:56:42
age62_046101.jpg,train,lips_masked,no_face_detected,2026-09-09T16:56:42
age67_034184.jpg,train,lips_masked,no_face_detected,2026-09-09T16:56:42
age40_012838.jpg,train,lips_masked,no_face_detected,2026-09-09T16:56:42
age38_069809.jpg,train,lips_masked,no_face_detected,2026-09-09T16:56:42
age83_083952.jpg,train,lips_masked,no_face_detected,2026-09-09T16:56:42
age57_078511.jpg,train,lips_masked,no_face_detected,2026-09-09T16:56:42
age42_046764.jpg,train,lips_masked,no_face_detected,2026-09-09T16:56:42
age17_074757.jpg,train,lips_masked,no_face_detected,2026-09-09T16:56:43
age41_061718.jpg,train,lips_masked,no_face_detected,2026-09-09T16:56:43
age20_057764.jpg,train,lips_masked,no_face_detected,2026-09-09T16:56:43
age31_014470.jpg,train,lips_masked,no_face_detected,2026-09-09T16:56:43
age6_010427.jpg,train,lips_masked,no_face_detected,2026-09-09T16:56:43
age20_058655.jpg,train,lips_masked,no_face_detected,2026-09-09T16:56:43
age60_081810.jpg,train,lips_masked,no_face_detected,2026-09-09T16:56:43
age48_036892.jpg,train,lips_masked,no_face_detected,2026-09-09T16:56:44
age68_034156.jpg,train,lips_masked,no_face_detected,2026-09-09T16:56:44
age66_034302.jpg,train,lips_masked,no_face_detected,2026-09-09T16:56:44
age8_006885.jpg,train,lips_masked,no_face_detected,2026-09-09T16:56:44
age9_008622.jpg,train,lips_masked,no_face_detected,2026-09-09T16:56:44
age52_049552.jpg,train,lips_masked,no_face_detected,2026-09-09T16:56:44
age61_081421.jpg,train,lips_masked,no_face_detected,2026-09-09T16:56:44
age20_056772.jpg,train,lips_masked,no_face_detected,2026-09-09T16:56:44
age51_013946.jpg,train,lips_masked,no_face_detected,2026-09-09T16:56:45
age60_081291.jpg,train,lips_masked,no_face_detected,2026-09-09T16:56:45
age69_033218.jpg,train,lips_masked,no_face_detected,2026-09-09T16:56:45
age59_075139.jpg,train,lips_masked,no_face_detected,2026-09-09T16:56:45
age77_078459.jpg,train,lips_masked,no_face_detected,2026-09-09T16:56:45
age4_054598.jpg,train,lips_masked,no_face_detected,2026-09-09T16:56:46
age8_007416.jpg,train,lips_masked,no_face_detected,2026-09-09T16:56:46
age7_010990.jpg,train,lips_masked,no_face_detected,2026-09-09T16:56:46
age10_002514.jpg,train,lips_masked,no_face_detected,2026-09-09T16:56:46
age30_004489.jpg,train,lips_masked,no_face_detected,2026-09-09T16:56:46
age40_069259.jpg,train,lips_masked,no_face_detected,2026-09-09T16:56:46
age15_071056.jpg,train,lips_masked,no_face_detected,2026-09-09T16:56:46
age21_057727.jpg,train,lips_masked,no_face_detected,2026-09-09T16:56:47
age76_082943.jpg,train,lips_masked,no_face_detected,2026-09-09T16:56:47
age67_035349.jpg,train,lips_masked,no_face_detected,2026-09-09T16:56:47
age27_022720.jpg,train,lips_masked,no_face_detected,2026-09-09T16:56:47
age57_046186.jpg,train,lips_masked,no_face_detected,2026-09-09T16:56:47
age5_009509.jpg,train,lips_masked,no_face_detected,2026-09-09T16:56:47
age65_061293.jpg,train,lips_masked,no_face_detected,2026-09-09T16:56:47
age57_026933.jpg,train,lips_masked,no_face_detected,2026-09-09T16:56:47
age11_006729.jpg,train,lips_masked,no_face_detected,2026-09-09T16:56:47
age61_045358.jpg,train,lips_masked,no_face_detected,2026-09-09T16:56:48
age58_078236.jpg,train,lips_masked,no_face_detected,2026-09-09T16:56:48
age26_027042.jpg,train,lips_masked,no_face_detected,2026-09-09T16:56:48
age37_026507.jpg,train,lips_masked,no_face_detected,2026-09-09T16:56:49
age77_083307.jpg,train,lips_masked,no_face_detected,2026-09-09T16:56:49
age10_007381.jpg,train,lips_masked,no_face_detected,2026-09-09T16:56:49
age48_039371.jpg,train,lips_masked,no_face_detected,2026-09-09T16:56:49
age42_064151.jpg,train,lips_masked,no_face_detected,2026-09-09T16:56:50
age21_056944.jpg,train,lips_masked,no_face_detected,2026-09-09T16:56:50
age66_035881.jpg,train,lips_masked,no_face_detected,2026-09-09T16:56:50
age67_032944.jpg,train,lips_masked,no_face_detected,2026-09-09T16:56:50
age20_057498.jpg,train,lips_masked,no_face_detected,2026-09-09T16:56:50
age36_066152.jpg,train,lips_masked,no_face_detected,2026-09-09T16:56:50
age10_009699.jpg,train,lips_masked,no_face_detected,2026-09-09T16:56:51
age17_070830.jpg,train,lips_masked,no_face_detected,2026-09-09T16:56:51
age82_083833.jpg,train,lips_masked,no_face_detected,2026-09-09T16:56:51
age73_029070.jpg,train,lips_masked,no_face_detected,2026-09-09T16:56:51
60_0_0_20170120221813583.jpg,train,lips_masked,no_face_detected,2026-09-09T16:56:51
age20_058813.jpg,train,lips_masked,no_face_detected,2026-09-09T16:56:51
age53_047811.jpg,train,lips_masked,no_face_detected,2026-09-09T16:56:52
age73_029183.jpg,train,lips_masked,no_face_detected,2026-09-09T16:56:52
age25_055604.jpg,train,lips_masked,no_face_detected,2026-09-09T16:56:52
age65_035217.jpg,train,lips_masked,no_face_detected,2026-09-09T16:56:52
age77_035712.jpg,train,lips_masked,no_face_detected,2026-09-09T16:56:52
age27_022235.jpg,train,lips_masked,no_face_detected,2026-09-09T16:56:52
age62_082640.jpg,train,lips_masked,no_face_detected,2026-09-09T16:56:52
age22_059391.jpg,train,lips_masked,no_face_detected,2026-09-09T16:56:52
31_1_1_20170112222202714.jpg,train,lips_masked,no_face_detected,2026-09-09T16:56:53
age85_027151.jpg,train,lips_masked,no_face_detected,2026-09-09T16:56:53
age11_000916.jpg,train,lips_masked,no_face_detected,2026-09-09T16:56:53
age5_002746.jpg,train,lips_masked,no_face_detected,2026-09-09T16:56:53
age69_032047.jpg,train,lips_masked,no_face_detected,2026-09-09T16:56:53
age37_066437.jpg,train,lips_masked,no_face_detected,2026-09-09T16:56:53
age6_010880.jpg,train,lips_masked,no_face_detected,2026-09-09T16:56:54
age10_011537.jpg,train,lips_masked,no_face_detected,2026-09-09T16:56:54
age27_024804.jpg,train,lips_masked,no_face_detected,2026-09-09T16:56:54
age18_059058.jpg,train,lips_masked,no_face_detected,2026-09-09T16:56:54
age25_048123.jpg,train,lips_masked,no_face_detected,2026-09-09T16:56:54
age47_044078.jpg,train,lips_masked,no_face_detected,2026-09-09T16:56:54
age38_047364.jpg,train,lips_masked,no_face_detected,2026-09-09T16:56:55
age4_052673.jpg,train,lips_masked,no_face_detected,2026-09-09T16:56:55
age54_046691.jpg,train,lips_masked,no_face_detected,2026-09-09T16:56:55
age65_080272.jpg,train,lips_masked,no_face_detected,2026-09-09T16:56:55
age6_009089.jpg,train,lips_masked,no_face_detected,2026-09-09T16:56:55
age31_018396.jpg,train,lips_masked,no_face_detected,2026-09-09T16:56:56
age48_036946.jpg,train,lips_masked,no_face_detected,2026-09-09T16:56:56
age49_039707.jpg,train,lips_masked,no_face_detected,2026-09-09T16:56:56
age40_039861.jpg,train,lips_masked,no_face_detected,2026-09-09T16:56:56
age63_019072.jpg,train,lips_masked,no_face_detected,2026-09-09T16:56:56
age47_043274.jpg,train,lips_masked,no_face_detected,2026-09-09T16:56:56
age39_036491.jpg,train,lips_masked,no_face_detected,2026-09-09T16:56:57
age55_076208.jpg,train,lips_masked,no_face_detected,2026-09-09T16:56:57
age70_028791.jpg,train,lips_masked,no_face_detected,2026-09-09T16:56:57
age38_069960.jpg,train,lips_masked,no_face_detected,2026-09-09T16:56:57
age6_010040.jpg,train,lips_masked,no_face_detected,2026-09-09T16:56:57
age37_066506.jpg,train,lips_masked,no_face_detected,2026-09-09T16:56:57
age58_076550.jpg,train,lips_masked,no_face_detected,2026-09-09T16:56:57
age34_014796.jpg,train,lips_masked,no_face_detected,2026-09-09T16:56:57
age37_069752.jpg,train,lips_masked,no_face_detected,2026-09-09T16:56:58
age21_055509.jpg,train,lips_masked,no_face_detected,2026-09-09T16:56:58
age27_026552.jpg,train,lips_masked,no_face_detected,2026-09-09T16:56:58
age20_072730.jpg,train,lips_masked,no_face_detected,2026-09-09T16:56:58
age4_050976.jpg,train,lips_masked,no_face_detected,2026-09-09T16:56:59
age55_065033.jpg,train,lips_masked,no_face_detected,2026-09-09T16:56:59
age17_071589.jpg,train,lips_masked,no_face_detected,2026-09-09T16:56:59
age10_007654.jpg,train,lips_masked,no_face_detected,2026-09-09T16:56:59
age38_069803.jpg,train,lips_masked,no_face_detected,2026-09-09T16:56:59
age67_031403.jpg,train,lips_masked,no_face_detected,2026-09-09T16:56:59
age57_077230.jpg,train,lips_masked,no_face_detected,2026-09-09T16:57:00
age85_027245.jpg,train,lips_masked,no_face_detected,2026-09-09T16:57:00
age87_027141.jpg,train,lips_masked,no_face_detected,2026-09-09T16:57:00
age10_001200.jpg,train,lips_masked,no_face_detected,2026-09-09T16:57:00
age66_036329.jpg,train,lips_masked,no_face_detected,2026-09-09T16:57:00
age48_039423.jpg,train,lips_masked,no_face_detected,2026-09-09T16:57:00
age48_039840.jpg,train,lips_masked,no_face_detected,2026-09-09T16:57:01
age3_052736.jpg,train,lips_masked,no_face_detected,2026-09-09T16:57:01
age55_076882.jpg,train,lips_masked,no_face_detected,2026-09-09T16:57:01
age53_046131.jpg,train,lips_masked,no_face_detected,2026-09-09T16:57:01
age27_022442.jpg,train,lips_masked,no_face_detected,2026-09-09T16:57:01
age68_033379.jpg,train,lips_masked,no_face_detected,2026-09-09T16:57:01
age74_029833.jpg,train,lips_masked,no_face_detected,2026-09-09T16:57:01
age20_073487.jpg,train,lips_masked,no_face_detected,2026-09-09T16:57:01
age31_019752.jpg,train,lips_masked,no_face_detected,2026-09-09T16:57:01
age19_073500.jpg,train,lips_masked,no_face_detected,2026-09-09T16:57:02
age37_070432.jpg,train,lips_masked,no_face_detected,2026-09-09T16:57:03
age65_031120.jpg,train,lips_masked,no_face_detected,2026-09-09T16:57:03
age36_067505.jpg,train,lips_masked,no_face_detected,2026-09-09T16:57:03
age26_022178.jpg,train,lips_masked,no_face_detected,2026-09-09T16:57:03
age50_048701.jpg,train,lips_masked,no_face_detected,2026-09-09T16:57:03
age38_067516.jpg,train,lips_masked,no_face_detected,2026-09-09T16:57:04
age70_032041.jpg,train,lips_masked,no_face_detected,2026-09-09T16:57:04
age48_019165.jpg,train,lips_masked,no_face_detected,2026-09-09T16:57:04
age47_038157.jpg,train,lips_masked,no_face_detected,2026-09-09T16:57:04
age5_050434.jpg,train,lips_masked,no_face_detected,2026-09-09T16:57:04
age60_082480.jpg,train,lips_masked,no_face_detected,2026-09-09T16:57:04
age57_076802.jpg,train,lips_masked,no_face_detected,2026-09-09T16:57:04
age40_061115.jpg,train,lips_masked,no_face_detected,2026-09-09T16:57:04
age57_077784.jpg,train,lips_masked,no_face_detected,2026-09-09T16:57:04
age41_061993.jpg,train,lips_masked,no_face_detected,2026-09-09T16:57:05
age27_022866.jpg,train,lips_masked,no_face_detected,2026-09-09T16:57:05
age44_032539.jpg,train,lips_masked,no_face_detected,2026-09-09T16:57:05
age55_044532.jpg,train,lips_masked,no_face_detected,2026-09-09T16:57:05
age10_004658.jpg,train,lips_masked,no_face_detected,2026-09-09T16:57:05
age34_018103.jpg,train,lips_masked,no_face_detected,2026-09-09T16:57:05
age53_048925.jpg,train,lips_masked,no_face_detected,2026-09-09T16:57:06
age59_050293.jpg,train,lips_masked,no_face_detected,2026-09-09T16:57:06
age34_017689.jpg,train,lips_masked,no_face_detected,2026-09-09T16:57:06
age47_037605.jpg,train,lips_masked,no_face_detected,2026-09-09T16:57:06
age31_015210.jpg,train,lips_masked,no_face_detected,2026-09-09T16:57:06
age82_007117.jpg,train,lips_masked,no_face_detected,2026-09-09T16:57:06
age68_031554.jpg,train,lips_masked,no_face_detected,2026-09-09T16:57:03
age27_026192.jpg,train,lips_masked,no_face_detected,2026-09-09T16:57:03
age13_002654.jpg,train,lips_masked,no_face_detected,2026-09-09T16:57:04
age61_080990.jpg,train,lips_masked,no_face_detected,2026-09-09T16:57:04
age38_017698.jpg,train,lips_masked,no_face_detected,2026-09-09T16:57:04
age69_034007.jpg,train,lips_masked,no_face_detected,2026-09-09T16:57:04
age42_062728.jpg,train,lips_masked,no_face_detected,2026-09-09T16:57:04
age38_065177.jpg,train,lips_masked,no_face_detected,2026-09-09T16:57:05
age25_024798.jpg,train,lips_masked,no_face_detected,2026-09-09T16:57:05
age4_025414.jpg,train,lips_masked,no_face_detected,2026-09-09T16:57:05
age1_009711.jpg,train,lips_masked,no_face_detected,2026-09-09T16:57:05
age45_033952.jpg,train,lips_masked,no_face_detected,2026-09-09T16:57:05
age34_017072.jpg,train,lips_masked,no_face_detected,2026-09-09T16:57:05
age53_045543.jpg,train,lips_masked,no_face_detected,2026-09-09T16:57:06
age57_067415.jpg,train,lips_masked,no_face_detected,2026-09-09T16:57:06
age57_078234.jpg,train,lips_masked,no_face_detected,2026-09-09T16:57:06
age50_032162.jpg,train,lips_masked,no_face_detected,2026-09-09T16:57:06
age57_077279.jpg,train,lips_masked,no_face_detected,2026-09-09T16:57:06
age34_019864.jpg,train,lips_masked,no_face_detected,2026-09-09T16:57:06
age65_080596.jpg,train,lips_masked,no_face_detected,2026-09-09T16:57:07
age13_006451.jpg,train,lips_masked,no_face_detected,2026-09-09T16:57:07
age45_062404.jpg,train,lips_masked,no_face_detected,2026-09-09T16:57:07
age47_043147.jpg,train,lips_masked,no_face_detected,2026-09-09T16:57:07
age21_060315.jpg,train,lips_masked,no_face_detected,2026-09-09T16:57:07
age57_077477.jpg,train,lips_masked,no_face_detected,2026-09-09T16:57:07
age17_071935.jpg,train,lips_masked,no_face_detected,2026-09-09T16:57:08
age53_045828.jpg,train,lips_masked,no_face_detected,2026-09-09T16:57:08
age22_055673.jpg,train,lips_masked,no_face_detected,2026-09-09T16:57:08
age10_009693.jpg,train,lips_masked,no_face_detected,2026-09-09T16:57:08
age70_034333.jpg,train,lips_masked,no_face_detected,2026-09-09T16:57:08
age1_001020.jpg,train,lips_masked,no_face_detected,2026-09-09T16:57:08
age31_019617.jpg,train,lips_masked,no_face_detected,2026-09-09T16:57:08
age27_025572.jpg,train,lips_masked,no_face_detected,2026-09-09T16:57:08
age10_002863.jpg,train,lips_masked,no_face_detected,2026-09-09T16:57:09
age6_003079.jpg,train,lips_masked,no_face_detected,2026-09-09T16:57:09
age4_012330.jpg,train,lips_masked,no_face_detected,2026-09-09T16:57:09
age34_014708.jpg,train,lips_masked,no_face_detected,2026-09-09T16:57:09
age61_035471.jpg,train,lips_masked,no_face_detected,2026-09-09T16:57:09
age27_023594.jpg,train,lips_masked,no_face_detected,2026-09-09T16:57:10
age31_019023.jpg,train,lips_masked,no_face_detected,2026-09-09T16:57:10
age45_037160.jpg,train,lips_masked,no_face_detected,2026-09-09T16:57:10
age6_009318.jpg,train,lips_masked,no_face_detected,2026-09-09T16:57:10
age11_001056.jpg,train,lips_masked,no_face_detected,2026-09-09T16:57:10
age37_067481.jpg,train,lips_masked,no_face_detected,2026-09-09T16:57:10
age21_057428.jpg,train,lips_masked,no_face_detected,2026-09-09T16:57:10
age45_062129.jpg,train,lips_masked,no_face_detected,2026-09-09T16:57:10
age58_075821.jpg,train,lips_masked,no_face_detected,2026-09-09T16:57:10
age34_020251.jpg,train,lips_masked,no_face_detected,2026-09-09T16:57:10
age44_063678.jpg,train,lips_masked,no_face_detected,2026-09-09T16:57:10
age51_046325.jpg,train,lips_masked,no_face_detected,2026-09-09T16:57:11
age53_047082.jpg,train,lips_masked,no_face_detected,2026-09-09T16:57:11
age65_036741.jpg,train,lips_masked,no_face_detected,2026-09-09T16:57:11
age35_015809.jpg,train,lips_masked,no_face_detected,2026-09-09T16:57:11
age11_003395.jpg,train,lips_masked,no_face_detected,2026-09-09T16:57:11
age66_036583.jpg,train,lips_masked,no_face_detected,2026-09-09T16:57:11
age17_073598.jpg,train,lips_masked,no_face_detected,2026-09-09T16:57:11
age7_009061.jpg,train,lips_masked,no_face_detected,2026-09-09T16:57:12
age41_063918.jpg,train,lips_masked,no_face_detected,2026-09-09T16:57:12
age10_009458.jpg,train,lips_masked,no_face_detected,2026-09-09T16:57:12
age17_058392.jpg,train,lips_masked,no_face_detected,2026-09-09T16:57:12
age5_052350.jpg,train,lips_masked,no_face_detected,2026-09-09T16:57:12
age40_066433.jpg,train,lips_masked,no_face_detected,2026-09-09T16:57:12
age68_035948.jpg,train,lips_masked,no_face_detected,2026-09-09T16:57:12
age13_003009.jpg,train,lips_masked,no_face_detected,2026-09-09T16:57:12
age26_015244.jpg,train,lips_masked,no_face_detected,2026-09-09T16:57:13
age38_065013.jpg,train,lips_masked,no_face_detected,2026-09-09T16:57:13
age27_024100.jpg,train,lips_masked,no_face_detected,2026-09-09T16:57:13
age34_017322.jpg,train,lips_masked,no_face_detected,2026-09-09T16:57:13
age40_066917.jpg,train,lips_masked,no_face_detected,2026-09-09T16:57:13
age28_022126.jpg,train,lips_masked,no_face_detected,2026-09-09T16:57:14
age43_063374.jpg,train,lips_masked,no_face_detected,2026-09-09T16:57:14
age25_056519.jpg,train,lips_masked,no_face_detected,2026-09-09T16:57:14
age11_004673.jpg,train,lips_masked,no_face_detected,2026-09-09T16:57:14
age11_005054.jpg,train,lips_masked,no_face_detected,2026-09-09T16:57:15
age36_069189.jpg,train,lips_masked,no_face_detected,2026-09-09T16:57:15
age41_064543.jpg,train,lips_masked,no_face_detected,2026-09-09T16:57:15
age61_045712.jpg,train,lips_masked,no_face_detected,2026-09-09T16:57:15
age37_017736.jpg,train,lips_masked,no_face_detected,2026-09-09T16:57:15
age15_073913.jpg,train,lips_masked,no_face_detected,2026-09-09T16:57:15
age31_017537.jpg,train,lips_masked,no_face_detected,2026-09-09T16:57:16
age38_069202.jpg,train,lips_masked,no_face_detected,2026-09-09T16:57:16
age41_061948.jpg,train,lips_masked,no_face_detected,2026-09-09T16:57:16
age37_068034.jpg,train,lips_masked,no_face_detected,2026-09-09T16:57:16
age72_029766.jpg,train,lips_masked,no_face_detected,2026-09-09T16:57:16
age20_072420.jpg,train,lips_masked,no_face_detected,2026-09-09T16:57:16
age50_049496.jpg,train,lips_masked,no_face_detected,2026-09-09T16:57:16
age36_065423.jpg,train,lips_masked,no_face_detected,2026-09-09T16:57:16
age50_039816.jpg,train,lips_masked,no_face_detected,2026-09-09T16:57:17
age25_055870.jpg,train,lips_masked,no_face_detected,2026-09-09T16:57:17
age34_018741.jpg,train,lips_masked,no_face_detected,2026-09-09T16:57:17
age58_062961.jpg,train,lips_masked,no_face_detected,2026-09-09T16:57:17
age40_064180.jpg,train,lips_masked,no_face_detected,2026-09-09T16:57:17
age8_012211.jpg,train,lips_masked,no_face_detected,2026-09-09T16:57:17
age41_061198.jpg,train,lips_masked,no_face_detected,2026-09-09T16:57:17
age61_080489.jpg,train,lips_masked,no_face_detected,2026-09-09T16:57:18
age38_068303.jpg,train,lips_masked,no_face_detected,2026-09-09T16:57:18
age83_046518.jpg,train,lips_masked,no_face_detected,2026-09-09T16:57:18
age45_063863.jpg,train,lips_masked,no_face_detected,2026-09-09T16:57:18
age62_080539.jpg,train,lips_masked,no_face_detected,2026-09-09T16:57:18
age53_048145.jpg,train,lips_masked,no_face_detected,2026-09-09T16:57:18
age41_060785.jpg,train,lips_masked,no_face_detected,2026-09-09T16:57:18
age74_028049.jpg,train,lips_masked,no_face_detected,2026-09-09T16:57:19
age34_020414.jpg,train,lips_masked,no_face_detected,2026-09-09T16:57:19
age62_082149.jpg,train,lips_masked,no_face_detected,2026-09-09T16:57:19
age6_012036.jpg,train,lips_masked,no_face_detected,2026-09-09T16:57:19
age17_071912.jpg,train,lips_masked,no_face_detected,2026-09-09T16:57:19
age64_081386.jpg,train,lips_masked,no_face_detected,2026-09-09T16:57:19
age36_039669.jpg,train,lips_masked,no_face_detected,2026-09-09T16:57:19
age66_033902.jpg,train,lips_masked,no_face_detected,2026-09-09T16:57:19
age34_014508.jpg,train,lips_masked,no_face_detected,2026-09-09T16:57:19
age38_068390.jpg,train,lips_masked,no_face_detected,2026-09-09T16:57:20
age78_083078.jpg,train,lips_masked,no_face_detected,2026-09-09T16:57:20
age27_025847.jpg,train,lips_masked,no_face_detected,2026-09-09T16:57:20
age45_038890.jpg,train,lips_masked,no_face_detected,2026-09-09T16:57:20
age60_062671.jpg,train,lips_masked,no_face_detected,2026-09-09T16:57:21
age79_034932.jpg,train,lips_masked,no_face_detected,2026-09-09T16:57:21
age31_020105.jpg,train,lips_masked,no_face_detected,2026-09-09T16:57:21
age66_027146.jpg,train,lips_masked,no_face_detected,2026-09-09T16:57:21
age34_019585.jpg,train,lips_masked,no_face_detected,2026-09-09T16:57:21
age15_004600.jpg,train,lips_masked,no_face_detected,2026-09-09T16:57:21
age38_068331.jpg,train,lips_masked,no_face_detected,2026-09-09T16:57:21
age10_003373.jpg,train,lips_masked,no_face_detected,2026-09-09T16:57:21
age6_009036.jpg,train,lips_masked,no_face_detected,2026-09-09T16:57:21
age74_029109.jpg,train,lips_masked,no_face_detected,2026-09-09T16:57:21
age50_047397.jpg,train,lips_masked,no_face_detected,2026-09-09T16:57:21
age22_056399.jpg,train,lips_masked,no_face_detected,2026-09-09T16:57:22
age52_045849.jpg,train,lips_masked,no_face_detected,2026-09-09T16:57:22
age37_065801.jpg,train,lips_masked,no_face_detected,2026-09-09T16:57:22
age61_047605.jpg,train,lips_masked,no_face_detected,2026-09-09T16:57:23
age57_076398.jpg,train,lips_masked,no_face_detected,2026-09-09T16:57:23
age25_055882.jpg,train,lips_masked,no_face_detected,2026-09-09T16:57:23
age79_082880.jpg,train,lips_masked,no_face_detected,2026-09-09T16:57:23
age11_001950.jpg,train,lips_masked,no_face_detected,2026-09-09T16:57:23
age68_035655.jpg,train,lips_masked,no_face_detected,2026-09-09T16:57:23
age62_032740.jpg,train,lips_masked,no_face_detected,2026-09-09T16:57:23
age11_001773.jpg,train,lips_masked,no_face_detected,2026-09-09T16:57:24
age47_038978.jpg,train,lips_masked,no_face_detected,2026-09-09T16:57:24
age40_066705.jpg,train,lips_masked,no_face_detected,2026-09-09T16:57:24
age40_063273.jpg,train,lips_masked,no_face_detected,2026-09-09T16:57:24
age33_018353.jpg,train,lips_masked,no_face_detected,2026-09-09T16:57:25
age10_000371.jpg,train,lips_masked,no_face_detected,2026-09-09T16:57:25
age25_058716.jpg,train,lips_masked,no_face_detected,2026-09-09T16:57:25
age28_025618.jpg,train,lips_masked,no_face_detected,2026-09-09T16:57:25
age20_055845.jpg,train,lips_masked,no_face_detected,2026-09-09T16:57:26
age55_076153.jpg,train,lips_masked,no_face_detected,2026-09-09T16:57:26
age27_026402.jpg,train,lips_masked,no_face_detected,2026-09-09T16:57:26
age50_043515.jpg,train,lips_masked,no_face_detected,2026-09-09T16:57:26
age37_066559.jpg,train,lips_masked,no_face_detected,2026-09-09T16:57:26
age68_031734.jpg,train,lips_masked,no_face_detected,2026-09-09T16:57:26
age10_004689.jpg,train,lips_masked,no_face_detected,2026-09-09T16:57:26
age48_043192.jpg,train,lips_masked,no_face_detected,2026-09-09T16:57:27
age21_058414.jpg,train,lips_masked,no_face_detected,2026-09-09T16:57:27
age66_036221.jpg,train,lips_masked,no_face_detected,2026-09-09T16:57:27
age50_037177.jpg,train,lips_masked,no_face_detected,2026-09-09T16:57:27
age48_041167.jpg,train,lips_masked,no_face_detected,2026-09-09T16:57:27
age52_049971.jpg,train,lips_masked,no_face_detected,2026-09-09T16:57:28
age60_076422.jpg,train,lips_masked,no_face_detected,2026-09-09T16:57:28
90_1_0_20170120221911645.jpg,train,lips_masked,no_face_detected,2026-09-09T16:57:28
age55_049168.jpg,train,lips_masked,no_face_detected,2026-09-09T16:57:28
age62_082533.jpg,train,lips_masked,no_face_detected,2026-09-09T16:57:28
age60_075634.jpg,train,lips_masked,no_face_detected,2026-09-09T16:57:28
age55_062647.jpg,train,lips_masked,no_face_detected,2026-09-09T16:57:28
age27_021908.jpg,train,lips_masked,no_face_detected,2026-09-09T16:57:28
age4_053642.jpg,train,lips_masked,no_face_detected,2026-09-09T16:57:28
age65_031182.jpg,train,lips_masked,no_face_detected,2026-09-09T16:57:29
age57_078167.jpg,train,lips_masked,no_face_detected,2026-09-09T16:57:29
age13_004620.jpg,train,lips_masked,no_face_detected,2026-09-09T16:57:29
age10_011200.jpg,train,lips_masked,no_face_detected,2026-09-09T16:57:30
age27_023071.jpg,train,lips_masked,no_face_detected,2026-09-09T16:57:30
age42_061043.jpg,train,lips_masked,no_face_detected,2026-09-09T16:57:30
age76_083676.jpg,train,lips_masked,no_face_detected,2026-09-09T16:57:30
age58_076754.jpg,train,lips_masked,no_face_detected,2026-09-09T16:57:30
age20_070594.jpg,train,lips_masked,no_face_detected,2026-09-09T16:57:30
age34_020783.jpg,train,lips_masked,no_face_detected,2026-09-09T16:57:30
age36_066928.jpg,train,lips_masked,no_face_detected,2026-09-09T16:57:31
age64_080323.jpg,train,lips_masked,no_face_detected,2026-09-09T16:57:31
age18_071312.jpg,train,lips_masked,no_face_detected,2026-09-09T16:57:31
age47_043353.jpg,train,lips_masked,no_face_detected,2026-09-09T16:57:31
age41_039836.jpg,train,lips_masked,no_face_detected,2026-09-09T16:57:31
age75_029324.jpg,train,lips_masked,no_face_detected,2026-09-09T16:57:31
age10_000255.jpg,train,lips_masked,no_face_detected,2026-09-09T16:57:31
age10_002239.jpg,train,lips_masked,no_face_detected,2026-09-09T16:57:31
age31_018208.jpg,train,lips_masked,no_face_detected,2026-09-09T16:57:32
age59_077776.jpg,train,lips_masked,no_face_detected,2026-09-09T16:57:32
age60_076862.jpg,train,lips_masked,no_face_detected,2026-09-09T16:57:32
age21_058545.jpg,train,lips_masked,no_face_detected,2026-09-09T16:57:32
age34_020280.jpg,train,lips_masked,no_face_detected,2026-09-09T16:57:33
age32_016653.jpg,train,lips_masked,no_face_detected,2026-09-09T16:57:33
age54_035640.jpg,train,lips_masked,no_face_detected,2026-09-09T16:57:33
age17_071261.jpg,train,lips_masked,no_face_detected,2026-09-09T16:57:33
age40_067666.jpg,train,lips_masked,no_face_detected,2026-09-09T16:57:33
age67_034021.jpg,train,lips_masked,no_face_detected,2026-09-09T16:57:33
age66_033648.jpg,train,lips_masked,no_face_detected,2026-09-09T16:57:33
age4_002960.jpg,train,lips_masked,no_face_detected,2026-09-09T16:57:33
age10_002096.jpg,train,lips_masked,no_face_detected,2026-09-09T16:57:33
age41_060965.jpg,train,lips_masked,no_face_detected,2026-09-09T16:57:34
age38_068243.jpg,train,lips_masked,no_face_detected,2026-09-09T16:57:34
age37_065125.jpg,train,lips_masked,no_face_detected,2026-09-09T16:57:34
age38_069151.jpg,train,lips_masked,no_face_detected,2026-09-09T16:57:34
age55_045490.jpg,train,lips_masked,no_face_detected,2026-09-09T16:57:35
age58_075448.jpg,train,lips_masked,no_face_detected,2026-09-09T16:57:35
age11_006264.jpg,train,lips_masked,no_face_detected,2026-09-09T16:57:35
age11_000417.jpg,train,lips_masked,no_face_detected,2026-09-09T16:57:35
age10_012142.jpg,train,lips_masked,no_face_detected,2026-09-09T16:57:35
age38_066510.jpg,train,lips_masked,no_face_detected,2026-09-09T16:57:35
age36_065959.jpg,train,lips_masked,no_face_detected,2026-09-09T16:57:33
age38_068298.jpg,train,lips_masked,no_face_detected,2026-09-09T16:57:33
age10_000946.jpg,train,lips_masked,no_face_detected,2026-09-09T16:57:33
age4_051366.jpg,train,lips_masked,no_face_detected,2026-09-09T16:57:34
age53_047401.jpg,train,lips_masked,no_face_detected,2026-09-09T16:57:34
age38_066773.jpg,train,lips_masked,no_face_detected,2026-09-09T16:57:34
age62_061185.jpg,train,lips_masked,no_face_detected,2026-09-09T16:57:34
age80_069647.jpg,train,lips_masked,no_face_detected,2026-09-09T16:57:34
age61_064696.jpg,train,lips_masked,no_face_detected,2026-09-09T16:57:34
age54_044524.jpg,train,lips_masked,no_face_detected,2026-09-09T16:57:34
age50_043519.jpg,train,lips_masked,no_face_detected,2026-09-09T16:57:34
age25_058230.jpg,train,lips_masked,no_face_detected,2026-09-09T16:57:35
age11_002433.jpg,train,lips_masked,no_face_detected,2026-09-09T16:57:35
age27_022017.jpg,train,lips_masked,no_face_detected,2026-09-09T16:57:35
age12_003914.jpg,train,lips_masked,no_face_detected,2026-09-09T16:57:35
age34_015687.jpg,train,lips_masked,no_face_detected,2026-09-09T16:57:35
age31_018461.jpg,train,lips_masked,no_face_detected,2026-09-09T16:57:35
age25_055966.jpg,train,lips_masked,no_face_detected,2026-09-09T16:57:35
age54_045018.jpg,train,lips_masked,no_face_detected,2026-09-09T16:57:36
age53_045620.jpg,train,lips_masked,no_face_detected,2026-09-09T16:57:36
age50_014214.jpg,train,lips_masked,no_face_detected,2026-09-09T16:57:36
age34_019839.jpg,train,lips_masked,no_face_detected,2026-09-09T16:57:36
age58_075939.jpg,train,lips_masked,no_face_detected,2026-09-09T16:57:36
age4_053465.jpg,train,lips_masked,no_face_detected,2026-09-09T16:57:36
age18_003661.jpg,train,lips_masked,no_face_detected,2026-09-09T16:57:37
age6_009535.jpg,train,lips_masked,no_face_detected,2026-09-09T16:57:37
age3_054836.jpg,train,lips_masked,no_face_detected,2026-09-09T16:57:37
age55_078334.jpg,train,lips_masked,no_face_detected,2026-09-09T16:57:37
age38_065084.jpg,train,lips_masked,no_face_detected,2026-09-09T16:57:38
age25_021209.jpg,train,lips_masked,no_face_detected,2026-09-09T16:57:38
age44_061746.jpg,train,lips_masked,no_face_detected,2026-09-09T16:57:38
age50_038944.jpg,train,lips_masked,no_face_detected,2026-09-09T16:57:38
age41_063907.jpg,train,lips_masked,no_face_detected,2026-09-09T16:57:38
age57_076975.jpg,train,lips_masked,no_face_detected,2026-09-09T16:57:38
age2_051054.jpg,train,lips_masked,no_face_detected,2026-09-09T16:57:38
age31_018528.jpg,train,lips_masked,no_face_detected,2026-09-09T16:57:38
age36_061943.jpg,train,lips_masked,no_face_detected,2026-09-09T16:57:38
age50_037219.jpg,train,lips_masked,no_face_detected,2026-09-09T16:57:39
age58_076211.jpg,train,lips_masked,no_face_detected,2026-09-09T16:57:39
age34_014569.jpg,train,lips_masked,no_face_detected,2026-09-09T16:57:39
age31_018626.jpg,train,lips_masked,no_face_detected,2026-09-09T16:57:39
age72_028209.jpg,train,lips_masked,no_face_detected,2026-09-09T16:57:39
age58_076095.jpg,train,lips_masked,no_face_detected,2026-09-09T16:57:39
age37_069764.jpg,train,lips_masked,no_face_detected,2026-09-09T16:57:40
age58_076365.jpg,train,lips_masked,no_face_detected,2026-09-09T16:57:40
age27_024998.jpg,train,lips_masked,no_face_detected,2026-09-09T16:57:40
age54_049165.jpg,train,lips_masked,no_face_detected,2026-09-09T16:57:40
age63_064598.jpg,train,lips_masked,no_face_detected,2026-09-09T16:57:40
age51_046453.jpg,train,lips_masked,no_face_detected,2026-09-09T16:57:40
age70_027825.jpg,train,lips_masked,no_face_detected,2026-09-09T16:57:40
age38_015664.jpg,train,lips_masked,no_face_detected,2026-09-09T16:57:40
age27_025421.jpg,train,lips_masked,no_face_detected,2026-09-09T16:57:40
age68_036129.jpg,train,lips_masked,no_face_detected,2026-09-09T16:57:41
age50_044132.jpg,train,lips_masked,no_face_detected,2026-09-09T16:57:41
age55_021924.jpg,train,lips_masked,no_face_detected,2026-09-09T16:57:41
age72_027626.jpg,train,lips_masked,no_face_detected,2026-09-09T16:57:41
age77_029438.jpg,train,lips_masked,no_face_detected,2026-09-09T16:57:41
age20_074838.jpg,train,lips_masked,no_face_detected,2026-09-09T16:57:41
age60_078187.jpg,train,lips_masked,no_face_detected,2026-09-09T16:57:42
age77_083025.jpg,train,lips_masked,no_face_detected,2026-09-09T16:57:42
age44_037499.jpg,train,lips_masked,no_face_detected,2026-09-09T16:57:42
age40_060515.jpg,train,lips_masked,no_face_detected,2026-09-09T16:57:42
age72_030546.jpg,train,lips_masked,no_face_detected,2026-09-09T16:57:43
age4_052411.jpg,train,lips_masked,no_face_detected,2026-09-09T16:57:43
age4_054789.jpg,train,lips_masked,no_face_detected,2026-09-09T16:57:43
age22_058166.jpg,train,lips_masked,no_face_detected,2026-09-09T16:57:43
age37_020303.jpg,train,lips_masked,no_face_detected,2026-09-09T16:57:43
age47_043825.jpg,train,lips_masked,no_face_detected,2026-09-09T16:57:44
age20_074688.jpg,train,lips_masked,no_face_detected,2026-09-09T16:57:44
age65_036076.jpg,train,lips_masked,no_face_detected,2026-09-09T16:57:44
age16_059759.jpg,train,lips_masked,no_face_detected,2026-09-09T16:57:44
age6_007488.jpg,train,lips_masked,no_face_detected,2026-09-09T16:57:44
age22_057756.jpg,train,lips_masked,no_face_detected,2026-09-09T16:57:44
age76_040889.jpg,train,lips_masked,no_face_detected,2026-09-09T16:57:44
age21_060176.jpg,train,lips_masked,no_face_detected,2026-09-09T16:57:44
age75_030783.jpg,train,lips_masked,no_face_detected,2026-09-09T16:57:45
age65_082475.jpg,train,lips_masked,no_face_detected,2026-09-09T16:57:45
age27_025516.jpg,train,lips_masked,no_face_detected,2026-09-09T16:57:45
age73_028744.jpg,train,lips_masked,no_face_detected,2026-09-09T16:57:45
age48_037318.jpg,train,lips_masked,no_face_detected,2026-09-09T16:57:45
age37_070120.jpg,train,lips_masked,no_face_detected,2026-09-09T16:57:45
age20_056840.jpg,train,lips_masked,no_face_detected,2026-09-09T16:57:45
age14_006537.jpg,train,lips_masked,no_face_detected,2026-09-09T16:57:45
age34_019145.jpg,train,lips_masked,no_face_detected,2026-09-09T16:57:46
age6_012653.jpg,train,lips_masked,no_face_detected,2026-09-09T16:57:46
age77_082950.jpg,train,lips_masked,no_face_detected,2026-09-09T16:57:46
age6_009356.jpg,train,lips_masked,no_face_detected,2026-09-09T16:57:46
age33_018223.jpg,train,lips_masked,no_face_detected,2026-09-09T16:57:46
age13_005030.jpg,train,lips_masked,no_face_detected,2026-09-09T16:57:46
age38_069445.jpg,train,lips_masked,no_face_detected,2026-09-09T16:57:46
age10_003408.jpg,train,lips_masked,no_face_detected,2026-09-09T16:57:47
age33_017687.jpg,train,lips_masked,no_face_detected,2026-09-09T16:57:47
age67_035656.jpg,train,lips_masked,no_face_detected,2026-09-09T16:57:47
age17_071011.jpg,train,lips_masked,no_face_detected,2026-09-09T16:57:47
age66_031945.jpg,train,lips_masked,no_face_detected,2026-09-09T16:57:47
age66_031453.jpg,train,lips_masked,no_face_detected,2026-09-09T16:57:47
age12_002697.jpg,train,lips_masked,no_face_detected,2026-09-09T16:57:48
age48_037594.jpg,train,lips_masked,no_face_detected,2026-09-09T16:57:48
age42_063488.jpg,train,lips_masked,no_face_detected,2026-09-09T16:57:48
age36_065510.jpg,train,lips_masked,no_face_detected,2026-09-09T16:57:48
age62_038244.jpg,train,lips_masked,no_face_detected,2026-09-09T16:57:48
age58_047431.jpg,train,lips_masked,no_face_detected,2026-09-09T16:57:48
age31_016767.jpg,train,lips_masked,no_face_detected,2026-09-09T16:57:48
age6_008533.jpg,train,lips_masked,no_face_detected,2026-09-09T16:57:48
age38_068051.jpg,train,lips_masked,no_face_detected,2026-09-09T16:57:48
age53_047692.jpg,train,lips_masked,no_face_detected,2026-09-09T16:57:49
age56_039628.jpg,train,lips_masked,no_face_detected,2026-09-09T16:57:49
age55_046628.jpg,train,lips_masked,no_face_detected,2026-09-09T16:57:49
age73_028184.jpg,train,lips_masked,no_face_detected,2026-09-09T16:57:49
age67_034139.jpg,train,lips_masked,no_face_detected,2026-09-09T16:57:49
age35_066838.jpg,train,lips_masked,no_face_detected,2026-09-09T16:57:49
age17_071728.jpg,train,lips_masked,no_face_detected,2026-09-09T16:57:49
age61_081687.jpg,train,lips_masked,no_face_detected,2026-09-09T16:57:49
age66_025608.jpg,train,lips_masked,no_face_detected,2026-09-09T16:57:49
age36_067302.jpg,train,lips_masked,no_face_detected,2026-09-09T16:57:50
age38_070295.jpg,train,lips_masked,no_face_detected,2026-09-09T16:57:50
age58_069201.jpg,train,lips_masked,no_face_detected,2026-09-09T16:57:50
age53_039656.jpg,train,lips_masked,no_face_detected,2026-09-09T16:57:50
age47_039226.jpg,train,lips_masked,no_face_detected,2026-09-09T16:57:50
58_0_0_20170117191901524.jpg,train,lips_masked,no_face_detected,2026-09-09T16:57:50
age41_062523.jpg,train,lips_masked,no_face_detected,2026-09-09T16:57:51
age6_008176.jpg,train,lips_masked,no_face_detected,2026-09-09T16:57:51
age36_068683.jpg,train,lips_masked,no_face_detected,2026-09-09T16:57:51
age47_038674.jpg,train,lips_masked,no_face_detected,2026-09-09T16:57:51
age69_036553.jpg,train,lips_masked,no_face_detected,2026-09-09T16:57:51
age27_021990.jpg,train,lips_masked,no_face_detected,2026-09-09T16:57:51
age72_028730.jpg,train,lips_masked,no_face_detected,2026-09-09T16:57:52
age26_021008.jpg,train,lips_masked,no_face_detected,2026-09-09T16:57:52
age53_045594.jpg,train,lips_masked,no_face_detected,2026-09-09T16:57:52
age55_046039.jpg,train,lips_masked,no_face_detected,2026-09-09T16:57:52
age71_027541.jpg,train,lips_masked,no_face_detected,2026-09-09T16:57:52
age57_078239.jpg,train,lips_masked,no_face_detected,2026-09-09T16:57:52
age42_061076.jpg,train,lips_masked,no_face_detected,2026-09-09T16:57:52
age9_010292.jpg,train,lips_masked,no_face_detected,2026-09-09T16:57:53
age45_021649.jpg,train,lips_masked,no_face_detected,2026-09-09T16:57:53
age7_009337.jpg,train,lips_masked,no_face_detected,2026-09-09T16:57:53
age75_029262.jpg,train,lips_masked,no_face_detected,2026-09-09T16:57:54
age34_017926.jpg,train,lips_masked,no_face_detected,2026-09-09T16:57:54
age20_055341.jpg,train,lips_masked,no_face_detected,2026-09-09T16:57:54
age40_064748.jpg,train,lips_masked,no_face_detected,2026-09-09T16:57:54
age40_063528.jpg,train,lips_masked,no_face_detected,2026-09-09T16:57:54
age37_068132.jpg,train,lips_masked,no_face_detected,2026-09-09T16:57:54
age62_080846.jpg,train,lips_masked,no_face_detected,2026-09-09T16:57:55
age37_061092.jpg,train,lips_masked,no_face_detected,2026-09-09T16:57:55
age53_044961.jpg,train,lips_masked,no_face_detected,2026-09-09T16:57:55
age27_026460.jpg,train,lips_masked,no_face_detected,2026-09-09T16:57:55
age42_060991.jpg,train,lips_masked,no_face_detected,2026-09-09T16:57:55
age6_011894.jpg,train,lips_masked,no_face_detected,2026-09-09T16:57:55
age18_074551.jpg,train,lips_masked,no_face_detected,2026-09-09T16:57:55
age18_071582.jpg,train,lips_masked,no_face_detected,2026-09-09T16:57:56
age60_077142.jpg,train,lips_masked,no_face_detected,2026-09-09T16:57:56
age26_025209.jpg,train,lips_masked,no_face_detected,2026-09-09T16:57:56
age60_077155.jpg,train,lips_masked,no_face_detected,2026-09-09T16:57:56
age40_062574.jpg,train,lips_masked,no_face_detected,2026-09-09T16:57:56
age9_012660.jpg,train,lips_masked,no_face_detected,2026-09-09T16:57:56
age6_007363.jpg,train,lips_masked,no_face_detected,2026-09-09T16:57:56
age17_074124.jpg,train,lips_masked,no_face_detected,2026-09-09T16:57:57
age50_043506.jpg,train,lips_masked,no_face_detected,2026-09-09T16:57:57
age66_032881.jpg,train,lips_masked,no_face_detected,2026-09-09T16:57:57
age73_028728.jpg,train,lips_masked,no_face_detected,2026-09-09T16:57:57
age42_062092.jpg,train,lips_masked,no_face_detected,2026-09-09T16:57:58
age73_028047.jpg,train,lips_masked,no_face_detected,2026-09-09T16:57:58
age41_062883.jpg,train,lips_masked,no_face_detected,2026-09-09T16:57:58
age1_053868.jpg,train,lips_masked,no_face_detected,2026-09-09T16:57:58
age62_078054.jpg,train,lips_masked,no_face_detected,2026-09-09T16:57:58
age54_050178.jpg,train,lips_masked,no_face_detected,2026-09-09T16:57:58
age34_018146.jpg,train,lips_masked,no_face_detected,2026-09-09T16:57:58
age4_054024.jpg,train,lips_masked,no_face_detected,2026-09-09T16:57:58
age40_069183.jpg,train,lips_masked,no_face_detected,2026-09-09T16:57:59
age4_052828.jpg,train,lips_masked,no_face_detected,2026-09-09T16:57:59
age47_037859.jpg,train,lips_masked,no_face_detected,2026-09-09T16:57:59
age57_076322.jpg,train,lips_masked,no_face_detected,2026-09-09T16:57:59
age6_009307.jpg,train,lips_masked,no_face_detected,2026-09-09T16:57:59
age42_064569.jpg,train,lips_masked,no_face_detected,2026-09-09T16:57:59
age22_056641.jpg,train,lips_masked,no_face_detected,2026-09-09T16:57:59
age27_024871.jpg,train,lips_masked,no_face_detected,2026-09-09T16:58:00
age68_032553.jpg,train,lips_masked,no_face_detected,2026-09-09T16:58:00
age11_003362.jpg,train,lips_masked,no_face_detected,2026-09-09T16:58:00
age15_001741.jpg,train,lips_masked,no_face_detected,2026-09-09T16:58:00
age25_058974.jpg,train,lips_masked,no_face_detected,2026-09-09T16:58:00
age60_079310.jpg,train,lips_masked,no_face_detected,2026-09-09T16:58:01
age54_047695.jpg,train,lips_masked,no_face_detected,2026-09-09T16:58:01
age10_012386.jpg,train,lips_masked,no_face_detected,2026-09-09T16:58:01
age34_018420.jpg,train,lips_masked,no_face_detected,2026-09-09T16:58:01
age54_049783.jpg,train,lips_masked,no_face_detected,2026-09-09T16:58:02
age20_056986.jpg,train,lips_masked,no_face_detected,2026-09-09T16:58:02
age38_066016.jpg,train,lips_masked,no_face_detected,2026-09-09T16:58:02
age21_055829.jpg,train,lips_masked,no_face_detected,2026-09-09T16:58:02
age61_081615.jpg,train,lips_masked,no_face_detected,2026-09-09T16:58:03
age60_078612.jpg,train,lips_masked,no_face_detected,2026-09-09T16:58:03
age41_063483.jpg,train,lips_masked,no_face_detected,2026-09-09T16:58:03
age40_061958.jpg,train,lips_masked,no_face_detected,2026-09-09T16:58:03
age27_025267.jpg,train,lips_masked,no_face_detected,2026-09-09T16:58:03
age18_071085.jpg,train,lips_masked,no_face_detected,2026-09-09T16:58:04
age64_082335.jpg,train,lips_masked,no_face_detected,2026-09-09T16:58:04
age25_000024.jpg,train,lips_masked,no_face_detected,2026-09-09T16:58:04
age41_061705.jpg,train,lips_masked,no_face_detected,2026-09-09T16:58:04
age55_075458.jpg,train,lips_masked,no_face_detected,2026-09-09T16:58:04
age55_049332.jpg,train,lips_masked,no_face_detected,2026-09-09T16:58:04
age36_070416.jpg,train,lips_masked,no_face_detected,2026-09-09T16:58:04
age55_045812.jpg,train,lips_masked,no_face_detected,2026-09-09T16:58:05
age20_059479.jpg,train,lips_masked,no_face_detected,2026-09-09T16:58:02
age38_040362.jpg,train,lips_masked,no_face_detected,2026-09-09T16:58:02
age45_046192.jpg,train,lips_masked,no_face_detected,2026-09-09T16:58:03
age6_007894.jpg,train,lips_masked,no_face_detected,2026-09-09T16:58:03
age20_003316.jpg,train,lips_masked,no_face_detected,2026-09-09T16:58:03
age40_064034.jpg,train,lips_masked,no_face_detected,2026-09-09T16:58:03
age74_029181.jpg,train,lips_masked,no_face_detected,2026-09-09T16:58:03
age61_081086.jpg,train,lips_masked,no_face_detected,2026-09-09T16:58:03
age25_057234.jpg,train,lips_masked,no_face_detected,2026-09-09T16:58:03
age78_083457.jpg,train,lips_masked,no_face_detected,2026-09-09T16:58:03
age4_050741.jpg,train,lips_masked,no_face_detected,2026-09-09T16:58:03
age17_068310.jpg,train,lips_masked,no_face_detected,2026-09-09T16:58:04
age62_079278.jpg,train,lips_masked,no_face_detected,2026-09-09T16:58:04
age65_010923.jpg,train,lips_masked,no_face_detected,2026-09-09T16:58:04
age9_001714.jpg,train,lips_masked,no_face_detected,2026-09-09T16:58:04
age27_021146.jpg,train,lips_masked,no_face_detected,2026-09-09T16:58:04
age48_039253.jpg,train,lips_masked,no_face_detected,2026-09-09T16:58:05
age27_025787.jpg,train,lips_masked,no_face_detected,2026-09-09T16:58:05
age71_030627.jpg,train,lips_masked,no_face_detected,2026-09-09T16:58:05
age10_005283.jpg,train,lips_masked,no_face_detected,2026-09-09T16:58:05
age56_062727.jpg,train,lips_masked,no_face_detected,2026-09-09T16:58:05
age47_039789.jpg,train,lips_masked,no_face_detected,2026-09-09T16:58:05
age22_024680.jpg,train,lips_masked,no_face_detected,2026-09-09T16:58:05
age60_081169.jpg,train,lips_masked,no_face_detected,2026-09-09T16:58:05
age35_031655.jpg,train,lips_masked,no_face_detected,2026-09-09T16:58:05
age5_051907.jpg,train,lips_masked,no_face_detected,2026-09-09T16:58:05
age25_010619.jpg,train,lips_masked,no_face_detected,2026-09-09T16:58:06
age4_050753.jpg,train,lips_masked,no_face_detected,2026-09-09T16:58:06
age81_083785.jpg,train,lips_masked,no_face_detected,2026-09-09T16:58:06
age6_012820.jpg,train,lips_masked,no_face_detected,2026-09-09T16:58:06
age68_035937.jpg,train,lips_masked,no_face_detected,2026-09-09T16:58:06
age28_024549.jpg,train,lips_masked,no_face_detected,2026-09-09T16:58:07
age25_024879.jpg,train,lips_masked,no_face_detected,2026-09-09T16:58:07
age50_045907.jpg,train,lips_masked,no_face_detected,2026-09-09T16:58:07
age67_033487.jpg,train,lips_masked,no_face_detected,2026-09-09T16:58:07
age31_014172.jpg,train,lips_masked,no_face_detected,2026-09-09T16:58:07
age4_053591.jpg,train,lips_masked,no_face_detected,2026-09-09T16:58:07
age31_016759.jpg,train,lips_masked,no_face_detected,2026-09-09T16:58:08
age25_058248.jpg,train,lips_masked,no_face_detected,2026-09-09T16:58:08
age61_027479.jpg,train,lips_masked,no_face_detected,2026-09-09T16:58:08
age38_065418.jpg,train,lips_masked,no_face_detected,2026-09-09T16:58:08
age73_030450.jpg,train,lips_masked,no_face_detected,2026-09-09T16:58:08
age62_041522.jpg,train,lips_masked,no_face_detected,2026-09-09T16:58:09
age74_028273.jpg,train,lips_masked,no_face_detected,2026-09-09T16:58:09
age63_037331.jpg,train,lips_masked,no_face_detected,2026-09-09T16:58:09
age17_071834.jpg,train,lips_masked,no_face_detected,2026-09-09T16:58:09
age34_020729.jpg,train,lips_masked,no_face_detected,2026-09-09T16:58:09
age62_081092.jpg,train,lips_masked,no_face_detected,2026-09-09T16:58:09
age68_033885.jpg,train,lips_masked,no_face_detected,2026-09-09T16:58:09
age28_023640.jpg,train,lips_masked,no_face_detected,2026-09-09T16:58:09
age55_047582.jpg,train,lips_masked,no_face_detected,2026-09-09T16:58:10
age5_012169.jpg,train,lips_masked,no_face_detected,2026-09-09T16:58:10
age41_062254.jpg,train,lips_masked,no_face_detected,2026-09-09T16:58:10
age5_012931.jpg,train,lips_masked,no_face_detected,2026-09-09T16:58:10
age38_065898.jpg,train,lips_masked,no_face_detected,2026-09-09T16:58:10
age38_047721.jpg,train,lips_masked,no_face_detected,2026-09-09T16:58:10
age34_017037.jpg,train,lips_masked,no_face_detected,2026-09-09T16:58:11
age50_028542.jpg,train,lips_masked,no_face_detected,2026-09-09T16:58:11
age4_053758.jpg,train,lips_masked,no_face_detected,2026-09-09T16:58:11
age71_030638.jpg,train,lips_masked,no_face_detected,2026-09-09T16:58:11
age21_057366.jpg,train,lips_masked,no_face_detected,2026-09-09T16:58:11
age21_055359.jpg,train,lips_masked,no_face_detected,2026-09-09T16:58:11
age62_082368.jpg,train,lips_masked,no_face_detected,2026-09-09T16:58:11
age81_084139.jpg,train,lips_masked,no_face_detected,2026-09-09T16:58:12
age70_027556.jpg,train,lips_masked,no_face_detected,2026-09-09T16:58:12
age53_047740.jpg,train,lips_masked,no_face_detected,2026-09-09T16:58:12
age47_041545.jpg,train,lips_masked,no_face_detected,2026-09-09T16:58:12
age16_074189.jpg,train,lips_masked,no_face_detected,2026-09-09T16:58:12
age27_026973.jpg,train,lips_masked,no_face_detected,2026-09-09T16:58:12
age64_081071.jpg,train,lips_masked,no_face_detected,2026-09-09T16:58:13
age31_015372.jpg,train,lips_masked,no_face_detected,2026-09-09T16:58:13
age71_029338.jpg,train,lips_masked,no_face_detected,2026-09-09T16:58:13
age54_047533.jpg,train,lips_masked,no_face_detected,2026-09-09T16:58:13
age20_074868.jpg,train,lips_masked,no_face_detected,2026-09-09T16:58:13
age41_064115.jpg,train,lips_masked,no_face_detected,2026-09-09T16:58:13
age60_080156.jpg,train,lips_masked,no_face_detected,2026-09-09T16:58:13
age31_019732.jpg,train,lips_masked,no_face_detected,2026-09-09T16:58:13
age54_046727.jpg,train,lips_masked,no_face_detected,2026-09-09T16:58:13
age41_061597.jpg,train,lips_masked,no_face_detected,2026-09-09T16:58:13
age38_069043.jpg,train,lips_masked,no_face_detected,2026-09-09T16:58:14
age57_077560.jpg,train,lips_masked,no_face_detected,2026-09-09T16:58:14
age55_078276.jpg,train,lips_masked,no_face_detected,2026-09-09T16:58:14
age62_079538.jpg,train,lips_masked,no_face_detected,2026-09-09T16:58:14
age50_048634.jpg,train,lips_masked,no_face_detected,2026-09-09T16:58:14
age52_021941.jpg,train,lips_masked,no_face_detected,2026-09-09T16:58:14
age59_045973.jpg,train,lips_masked,no_face_detected,2026-09-09T16:58:14
age21_059532.jpg,train,lips_masked,no_face_detected,2026-09-09T16:58:14
age6_013616.jpg,train,lips_masked,no_face_detected,2026-09-09T16:58:14
age55_044773.jpg,train,lips_masked,no_face_detected,2026-09-09T16:58:14
age57_076283.jpg,train,lips_masked,no_face_detected,2026-09-09T16:58:15
age38_066039.jpg,train,lips_masked,no_face_detected,2026-09-09T16:58:15
age43_047299.jpg,train,lips_masked,no_face_detected,2026-09-09T16:58:15
age37_067260.jpg,train,lips_masked,no_face_detected,2026-09-09T16:58:15
age38_065485.jpg,train,lips_masked,no_face_detected,2026-09-09T16:58:15
age5_009599.jpg,train,lips_masked,no_face_detected,2026-09-09T16:58:15
age27_021514.jpg,train,lips_masked,no_face_detected,2026-09-09T16:58:15
age41_064320.jpg,train,lips_masked,no_face_detected,2026-09-09T16:58:15
age41_064637.jpg,train,lips_masked,no_face_detected,2026-09-09T16:58:15
age27_024103.jpg,train,lips_masked,no_face_detected,2026-09-09T16:58:15
age17_072671.jpg,train,lips_masked,no_face_detected,2026-09-09T16:58:15
age50_049257.jpg,train,lips_masked,no_face_detected,2026-09-09T16:58:15
age17_002349.jpg,train,lips_masked,no_face_detected,2026-09-09T16:58:16
age10_006601.jpg,train,lips_masked,no_face_detected,2026-09-09T16:58:16
age20_059319.jpg,train,lips_masked,no_face_detected,2026-09-09T16:58:16
age37_068183.jpg,train,lips_masked,no_face_detected,2026-09-09T16:58:16
age82_030908.jpg,train,lips_masked,no_face_detected,2026-09-09T16:58:16
age7_008819.jpg,train,lips_masked,no_face_detected,2026-09-09T16:58:16
age31_014558.jpg,train,lips_masked,no_face_detected,2026-09-09T16:58:16
age22_044662.jpg,train,lips_masked,no_face_detected,2026-09-09T16:58:16
age54_044832.jpg,train,lips_masked,no_face_detected,2026-09-09T16:58:16
age62_079981.jpg,train,lips_masked,no_face_detected,2026-09-09T16:58:16
age10_001844.jpg,train,lips_masked,no_face_detected,2026-09-09T16:58:17
age34_014260.jpg,train,lips_masked,no_face_detected,2026-09-09T16:58:17
age6_008213.jpg,train,lips_masked,no_face_detected,2026-09-09T16:58:17
age80_083665.jpg,train,lips_masked,no_face_detected,2026-09-09T16:58:17
age19_073979.jpg,train,lips_masked,no_face_detected,2026-09-09T16:58:17
age55_030492.jpg,train,lips_masked,no_face_detected,2026-09-09T16:58:18
age56_078904.jpg,train,lips_masked,no_face_detected,2026-09-09T16:58:18
age36_059408.jpg,train,lips_masked,no_face_detected,2026-09-09T16:58:18
age20_074814.jpg,train,lips_masked,no_face_detected,2026-09-09T16:58:18
age41_061535.jpg,train,lips_masked,no_face_detected,2026-09-09T16:58:18
age2_054081.jpg,train,lips_masked,no_face_detected,2026-09-09T16:58:18
age18_074448.jpg,train,lips_masked,no_face_detected,2026-09-09T16:58:18
age41_064935.jpg,train,lips_masked,no_face_detected,2026-09-09T16:58:18
age34_014035.jpg,train,lips_masked,no_face_detected,2026-09-09T16:58:19
age27_026579.jpg,train,lips_masked,no_face_detected,2026-09-09T16:58:19
age58_075307.jpg,train,lips_masked,no_face_detected,2026-09-09T16:58:19
age61_078977.jpg,train,lips_masked,no_face_detected,2026-09-09T16:58:19
age6_009344.jpg,train,lips_masked,no_face_detected,2026-09-09T16:58:19
age48_023549.jpg,train,lips_masked,no_face_detected,2026-09-09T16:58:19
age62_044392.jpg,train,lips_masked,no_face_detected,2026-09-09T16:58:19
age48_041155.jpg,train,lips_masked,no_face_detected,2026-09-09T16:58:20
age36_065219.jpg,train,lips_masked,no_face_detected,2026-09-09T16:58:20
age25_055565.jpg,train,lips_masked,no_face_detected,2026-09-09T16:58:20
26_0_0_20170113210126663.jpg,train,lips_masked,no_face_detected,2026-09-09T16:58:20
age71_029130.jpg,train,lips_masked,no_face_detected,2026-09-09T16:58:20
age57_021679.jpg,train,lips_masked,no_face_detected,2026-09-09T16:58:21
age41_062125.jpg,train,lips_masked,no_face_detected,2026-09-09T16:58:21
age40_065707.jpg,train,lips_masked,no_face_detected,2026-09-09T16:58:21
age26_021786.jpg,train,lips_masked,no_face_detected,2026-09-09T16:58:21
age59_034086.jpg,train,lips_masked,no_face_detected,2026-09-09T16:58:22
age20_056497.jpg,train,lips_masked,no_face_detected,2026-09-09T16:58:22
age44_034967.jpg,train,lips_masked,no_face_detected,2026-09-09T16:58:22
age65_032304.jpg,train,lips_masked,no_face_detected,2026-09-09T16:58:22
age70_030932.jpg,train,lips_masked,no_face_detected,2026-09-09T16:58:22
age2_052832.jpg,train,lips_masked,no_face_detected,2026-09-09T16:58:22
age58_078116.jpg,train,lips_masked,no_face_detected,2026-09-09T16:58:23
age38_065968.jpg,train,lips_masked,no_face_detected,2026-09-09T16:58:23
age55_077329.jpg,train,lips_masked,no_face_detected,2026-09-09T16:58:23
age27_026979.jpg,train,lips_masked,no_face_detected,2026-09-09T16:58:23
age72_029670.jpg,train,lips_masked,no_face_detected,2026-09-09T16:58:23
age34_014506.jpg,train,lips_masked,no_face_detected,2026-09-09T16:58:23
age22_057072.jpg,train,lips_masked,no_face_detected,2026-09-09T16:58:23
age21_058600.jpg,train,lips_masked,no_face_detected,2026-09-09T16:58:23
age18_073661.jpg,train,lips_masked,no_face_detected,2026-09-09T16:58:24
age74_030311.jpg,train,lips_masked,no_face_detected,2026-09-09T16:58:24
age84_084183.jpg,train,lips_masked,no_face_detected,2026-09-09T16:58:24
age58_075614.jpg,train,lips_masked,no_face_detected,2026-09-09T16:58:24
age27_023876.jpg,train,lips_masked,no_face_detected,2026-09-09T16:58:24
age31_014198.jpg,train,lips_masked,no_face_detected,2026-09-09T16:58:24
age34_018787.jpg,train,lips_masked,no_face_detected,2026-09-09T16:58:27
age42_045633.jpg,train,lips_masked,no_face_detected,2026-09-09T16:58:27
age21_057888.jpg,train,lips_masked,no_face_detected,2026-09-09T16:58:27
age31_016155.jpg,train,lips_masked,no_face_detected,2026-09-09T16:58:28
age34_016793.jpg,train,lips_masked,no_face_detected,2026-09-09T16:58:28
age68_033288.jpg,train,lips_masked,no_face_detected,2026-09-09T16:58:28
age19_013010.jpg,train,lips_masked,no_face_detected,2026-09-09T16:58:28
age22_059851.jpg,train,lips_masked,no_face_detected,2026-09-09T16:58:29
age7_007259.jpg,train,lips_masked,no_face_detected,2026-09-09T16:58:29
age81_025456.jpg,train,lips_masked,no_face_detected,2026-09-09T16:58:29
age48_038078.jpg,train,lips_masked,no_face_detected,2026-09-09T16:58:29
age22_057985.jpg,train,lips_masked,no_face_detected,2026-09-09T16:58:29
age41_064628.jpg,train,lips_masked,no_face_detected,2026-09-09T16:58:29
age37_070066.jpg,train,lips_masked,no_face_detected,2026-09-09T16:58:29
age23_049506.jpg,train,lips_masked,no_face_detected,2026-09-09T16:58:30
age27_021569.jpg,train,lips_masked,no_face_detected,2026-09-09T16:58:30
age81_083810.jpg,train,lips_masked,no_face_detected,2026-09-09T16:58:30
age66_031502.jpg,train,lips_masked,no_face_detected,2026-09-09T16:58:30
age61_080694.jpg,train,lips_masked,no_face_detected,2026-09-09T16:58:30
age68_031365.jpg,train,lips_masked,no_face_detected,2026-09-09T16:58:31
age37_068427.jpg,train,lips_masked,no_face_detected,2026-09-09T16:58:31
age42_061883.jpg,train,lips_masked,no_face_detected,2026-09-09T16:58:31
age67_033906.jpg,train,lips_masked,no_face_detected,2026-09-09T16:58:31
age27_024424.jpg,train,lips_masked,no_face_detected,2026-09-09T16:58:31
age19_073093.jpg,train,lips_masked,no_face_detected,2026-09-09T16:58:32
age65_034718.jpg,train,lips_masked,no_face_detected,2026-09-09T16:58:32
age18_059976.jpg,train,lips_masked,no_face_detected,2026-09-09T16:58:32
age27_023104.jpg,train,lips_masked,no_face_detected,2026-09-09T16:58:32
age57_041947.jpg,train,lips_masked,no_face_detected,2026-09-09T16:58:33
age67_034429.jpg,train,lips_masked,no_face_detected,2026-09-09T16:58:33
age65_079633.jpg,train,lips_masked,no_face_detected,2026-09-09T16:58:33
age48_043431.jpg,train,lips_masked,no_face_detected,2026-09-09T16:58:33
age1_050502.jpg,train,lips_masked,no_face_detected,2026-09-09T16:58:33
age61_079412.jpg,train,lips_masked,no_face_detected,2026-09-09T16:58:33
age7_002056.jpg,train,lips_masked,no_face_detected,2026-09-09T16:58:33
age34_020681.jpg,train,lips_masked,no_face_detected,2026-09-09T16:58:34
age65_081031.jpg,train,lips_masked,no_face_detected,2026-09-09T16:58:34
age20_056105.jpg,train,lips_masked,no_face_detected,2026-09-09T16:58:34
age20_057644.jpg,train,lips_masked,no_face_detected,2026-09-09T16:58:34
age34_018812.jpg,train,lips_masked,no_face_detected,2026-09-09T16:58:34
age57_076636.jpg,train,lips_masked,no_face_detected,2026-09-09T16:58:34
age65_033044.jpg,train,lips_masked,no_face_detected,2026-09-09T16:58:34
age25_059726.jpg,train,lips_masked,no_face_detected,2026-09-09T16:58:34
age65_035296.jpg,train,lips_masked,no_face_detected,2026-09-09T16:58:32
age21_056712.jpg,train,lips_masked,no_face_detected,2026-09-09T16:58:32
age55_077871.jpg,train,lips_masked,no_face_detected,2026-09-09T16:58:32
age80_080329.jpg,train,lips_masked,no_face_detected,2026-09-09T16:58:32
age30_021046.jpg,train,lips_masked,no_face_detected,2026-09-09T16:58:32
age4_018036.jpg,train,lips_masked,no_face_detected,2026-09-09T16:58:32
age75_083056.jpg,train,lips_masked,no_face_detected,2026-09-09T16:58:32
age34_018838.jpg,train,lips_masked,no_face_detected,2026-09-09T16:58:32
age20_056483.jpg,train,lips_masked,no_face_detected,2026-09-09T16:58:32
age42_034948.jpg,train,lips_masked,no_face_detected,2026-09-09T16:58:32
age59_048033.jpg,train,lips_masked,no_face_detected,2026-09-09T16:58:32
age42_062872.jpg,train,lips_masked,no_face_detected,2026-09-09T16:58:33
age53_046191.jpg,train,lips_masked,no_face_detected,2026-09-09T16:58:33
age53_036233.jpg,train,lips_masked,no_face_detected,2026-09-09T16:58:33
age25_023683.jpg,train,lips_masked,no_face_detected,2026-09-09T16:58:33
age37_066074.jpg,train,lips_masked,no_face_detected,2026-09-09T16:58:33
age53_048293.jpg,train,lips_masked,no_face_detected,2026-09-09T16:58:33
age4_052379.jpg,train,lips_masked,no_face_detected,2026-09-09T16:58:33
age9_006811.jpg,train,lips_masked,no_face_detected,2026-09-09T16:58:34
age60_076270.jpg,train,lips_masked,no_face_detected,2026-09-09T16:58:34
age41_061520.jpg,train,lips_masked,no_face_detected,2026-09-09T16:58:34
age57_060625.jpg,train,lips_masked,no_face_detected,2026-09-09T16:58:34
age69_034512.jpg,train,lips_masked,no_face_detected,2026-09-09T16:58:34
age34_014164.jpg,train,lips_masked,no_face_detected,2026-09-09T16:58:34
age27_023157.jpg,train,lips_masked,no_face_detected,2026-09-09T16:58:35
age38_066484.jpg,train,lips_masked,no_face_detected,2026-09-09T16:58:35
age2_051811.jpg,train,lips_masked,no_face_detected,2026-09-09T16:58:35
age76_083548.jpg,train,lips_masked,no_face_detected,2026-09-09T16:58:35
age57_014190.jpg,train,lips_masked,no_face_detected,2026-09-09T16:58:35
age27_026772.jpg,train,lips_masked,no_face_detected,2026-09-09T16:58:35
age42_062320.jpg,train,lips_masked,no_face_detected,2026-09-09T16:58:35
age53_048859.jpg,train,lips_masked,no_face_detected,2026-09-09T16:58:35
26_1_2_20170116180232341.jpg,train,lips_masked,no_face_detected,2026-09-09T16:58:35
age4_051629.jpg,train,lips_masked,no_face_detected,2026-09-09T16:58:36
age60_076078.jpg,train,lips_masked,no_face_detected,2026-09-09T16:58:36
age4_051677.jpg,train,lips_masked,no_face_detected,2026-09-09T16:58:36
age17_071800.jpg,train,lips_masked,no_face_detected,2026-09-09T16:58:36
age48_038321.jpg,train,lips_masked,no_face_detected,2026-09-09T16:58:36
age54_048099.jpg,train,lips_masked,no_face_detected,2026-09-09T16:58:36
age36_065779.jpg,train,lips_masked,no_face_detected,2026-09-09T16:58:37
age60_076323.jpg,train,lips_masked,no_face_detected,2026-09-09T16:58:37
age38_068025.jpg,train,lips_masked,no_face_detected,2026-09-09T16:58:37
age9_006371.jpg,train,lips_masked,no_face_detected,2026-09-09T16:58:37
age10_007895.jpg,train,lips_masked,no_face_detected,2026-09-09T16:58:37
age49_041770.jpg,train,lips_masked,no_face_detected,2026-09-09T16:58:37
age48_043364.jpg,train,lips_masked,no_face_detected,2026-09-09T16:58:37
age72_029690.jpg,train,lips_masked,no_face_detected,2026-09-09T16:58:37
age41_062487.jpg,train,lips_masked,no_face_detected,2026-09-09T16:58:37
age18_072974.jpg,train,lips_masked,no_face_detected,2026-09-09T16:58:37
age50_049161.jpg,train,lips_masked,no_face_detected,2026-09-09T16:58:37
age27_024185.jpg,train,lips_masked,no_face_detected,2026-09-09T16:58:37
age31_017613.jpg,train,lips_masked,no_face_detected,2026-09-09T16:58:38
age75_028503.jpg,train,lips_masked,no_face_detected,2026-09-09T16:58:38
age42_063974.jpg,train,lips_masked,no_face_detected,2026-09-09T16:58:38
age61_029067.jpg,train,lips_masked,no_face_detected,2026-09-09T16:58:38
age57_076585.jpg,train,lips_masked,no_face_detected,2026-09-09T16:58:38
age38_034421.jpg,train,lips_masked,no_face_detected,2026-09-09T16:58:38
age43_060831.jpg,train,lips_masked,no_face_detected,2026-09-09T16:58:38
age68_036090.jpg,train,lips_masked,no_face_detected,2026-09-09T16:58:39
age65_038185.jpg,train,lips_masked,no_face_detected,2026-09-09T16:58:39
age31_015169.jpg,train,lips_masked,no_face_detected,2026-09-09T16:58:39
age64_053042.jpg,train,lips_masked,no_face_detected,2026-09-09T16:58:39
age22_058810.jpg,train,lips_masked,no_face_detected,2026-09-09T16:58:39
age27_022577.jpg,train,lips_masked,no_face_detected,2026-09-09T16:58:39
age85_052421.jpg,train,lips_masked,no_face_detected,2026-09-09T16:58:40
age22_059100.jpg,train,lips_masked,no_face_detected,2026-09-09T16:58:40
age39_059525.jpg,train,lips_masked,no_face_detected,2026-09-09T16:58:40
age2_051166.jpg,train,lips_masked,no_face_detected,2026-09-09T16:58:40
age69_033528.jpg,train,lips_masked,no_face_detected,2026-09-09T16:58:40
age50_046290.jpg,train,lips_masked,no_face_detected,2026-09-09T16:58:40
age34_014481.jpg,train,lips_masked,no_face_detected,2026-09-09T16:58:41
age22_056104.jpg,train,lips_masked,no_face_detected,2026-09-09T16:58:41
age45_032372.jpg,train,lips_masked,no_face_detected,2026-09-09T16:58:41
age18_074721.jpg,train,lips_masked,no_face_detected,2026-09-09T16:58:41
age65_080393.jpg,train,lips_masked,no_face_detected,2026-09-09T16:58:41
age54_022208.jpg,train,lips_masked,no_face_detected,2026-09-09T16:58:41
age59_033361.jpg,train,lips_masked,no_face_detected,2026-09-09T16:58:41
age38_070505.jpg,train,lips_masked,no_face_detected,2026-09-09T16:58:41
age50_038628.jpg,train,lips_masked,no_face_detected,2026-09-09T16:58:41
age65_034996.jpg,train,lips_masked,no_face_detected,2026-09-09T16:58:42
age31_017297.jpg,train,lips_masked,no_face_detected,2026-09-09T16:58:42
age27_024753.jpg,train,lips_masked,no_face_detected,2026-09-09T16:58:42
age10_000839.jpg,train,lips_masked,no_face_detected,2026-09-09T16:58:42
age34_014374.jpg,train,lips_masked,no_face_detected,2026-09-09T16:58:42
age38_065188.jpg,train,lips_masked,no_face_detected,2026-09-09T16:58:42
age40_063661.jpg,train,lips_masked,no_face_detected,2026-09-09T16:58:42
age69_033966.jpg,train,lips_masked,no_face_detected,2026-09-09T16:58:42
age71_030308.jpg,train,lips_masked,no_face_detected,2026-09-09T16:58:42
age58_078968.jpg,train,lips_masked,no_face_detected,2026-09-09T16:58:43
age62_081046.jpg,train,lips_masked,no_face_detected,2026-09-09T16:58:43
age10_011132.jpg,train,lips_masked,no_face_detected,2026-09-09T16:58:43
age13_005565.jpg,train,lips_masked,no_face_detected,2026-09-09T16:58:43
age42_052590.jpg,train,lips_masked,no_face_detected,2026-09-09T16:58:44
age37_067584.jpg,train,lips_masked,no_face_detected,2026-09-09T16:58:44
age58_023401.jpg,train,lips_masked,no_face_detected,2026-09-09T16:58:44
age9_012323.jpg,train,lips_masked,no_face_detected,2026-09-09T16:58:44
age83_084148.jpg,train,lips_masked,no_face_detected,2026-09-09T16:58:44
age31_017929.jpg,train,lips_masked,no_face_detected,2026-09-09T16:58:44
age54_045044.jpg,train,lips_masked,no_face_detected,2026-09-09T16:58:45
age8_011842.jpg,train,lips_masked,no_face_detected,2026-09-09T16:58:45
age43_064707.jpg,train,lips_masked,no_face_detected,2026-09-09T16:58:45
age7_009155.jpg,train,lips_masked,no_face_detected,2026-09-09T16:58:45
age6_008798.jpg,train,lips_masked,no_face_detected,2026-09-09T16:58:45
age42_061509.jpg,train,lips_masked,no_face_detected,2026-09-09T16:58:45
age66_031893.jpg,train,lips_masked,no_face_detected,2026-09-09T16:58:45
age6_010814.jpg,train,lips_masked,no_face_detected,2026-09-09T16:58:45
age64_039239.jpg,train,lips_masked,no_face_detected,2026-09-09T16:58:46
age38_065394.jpg,train,lips_masked,no_face_detected,2026-09-09T16:58:46
age17_073486.jpg,train,lips_masked,no_face_detected,2026-09-09T16:58:46
age18_072750.jpg,train,lips_masked,no_face_detected,2026-09-09T16:58:47
age19_071701.jpg,train,lips_masked,no_face_detected,2026-09-09T16:58:47
age30_026712.jpg,train,lips_masked,no_face_detected,2026-09-09T16:58:47
age19_075049.jpg,train,lips_masked,no_face_detected,2026-09-09T16:58:48
age55_048922.jpg,train,lips_masked,no_face_detected,2026-09-09T16:58:48
age4_054438.jpg,train,lips_masked,no_face_detected,2026-09-09T16:58:48
age13_002836.jpg,train,lips_masked,no_face_detected,2026-09-09T16:58:48
age40_069578.jpg,train,lips_masked,no_face_detected,2026-09-09T16:58:48
age19_074362.jpg,train,lips_masked,no_face_detected,2026-09-09T16:58:48
age10_006425.jpg,train,lips_masked,no_face_detected,2026-09-09T16:58:48
age33_020543.jpg,train,lips_masked,no_face_detected,2026-09-09T16:58:48
age38_065529.jpg,train,lips_masked,no_face_detected,2026-09-09T16:58:49
age24_016158.jpg,train,lips_masked,no_face_detected,2026-09-09T16:58:49
age20_058435.jpg,train,lips_masked,no_face_detected,2026-09-09T16:58:49
age54_037137.jpg,train,lips_masked,no_face_detected,2026-09-09T16:58:49
age50_042929.jpg,train,lips_masked,no_face_detected,2026-09-09T16:58:49
age44_049387.jpg,train,lips_masked,no_face_detected,2026-09-09T16:58:49
age42_061143.jpg,train,lips_masked,no_face_detected,2026-09-09T16:58:49
age27_025885.jpg,train,lips_masked,no_face_detected,2026-09-09T16:58:50
age70_033324.jpg,train,lips_masked,no_face_detected,2026-09-09T16:58:50
age6_013506.jpg,train,lips_masked,no_face_detected,2026-09-09T16:58:50
age19_074797.jpg,train,lips_masked,no_face_detected,2026-09-09T16:58:50
age2_016810.jpg,train,lips_masked,no_face_detected,2026-09-09T16:58:50
age60_081729.jpg,train,lips_masked,no_face_detected,2026-09-09T16:58:50
age57_042491.jpg,train,lips_masked,no_face_detected,2026-09-09T16:58:50
age62_080543.jpg,train,lips_masked,no_face_detected,2026-09-09T16:58:50
age57_026132.jpg,train,lips_masked,no_face_detected,2026-09-09T16:58:51
age48_041597.jpg,train,lips_masked,no_face_detected,2026-09-09T16:58:51
age66_033365.jpg,train,lips_masked,no_face_detected,2026-09-09T16:58:51
age6_011705.jpg,train,lips_masked,no_face_detected,2026-09-09T16:58:51
age48_038758.jpg,train,lips_masked,no_face_detected,2026-09-09T16:58:51
age24_042687.jpg,train,lips_masked,no_face_detected,2026-09-09T16:58:51
age34_006945.jpg,train,lips_masked,no_face_detected,2026-09-09T16:58:51
age6_009122.jpg,train,lips_masked,no_face_detected,2026-09-09T16:58:51
age9_011967.jpg,train,lips_masked,no_face_detected,2026-09-09T16:58:51
age15_071693.jpg,train,lips_masked,no_face_detected,2026-09-09T16:58:52
age37_069354.jpg,train,lips_masked,no_face_detected,2026-09-09T16:58:52
age86_027178.jpg,train,lips_masked,no_face_detected,2026-09-09T16:58:52
age11_002934.jpg,train,lips_masked,no_face_detected,2026-09-09T16:58:52
age18_074687.jpg,train,lips_masked,no_face_detected,2026-09-09T16:58:52
age9_005398.jpg,train,lips_masked,no_face_detected,2026-09-09T16:58:52
age62_080061.jpg,train,lips_masked,no_face_detected,2026-09-09T16:58:52
age27_021521.jpg,train,lips_masked,no_face_detected,2026-09-09T16:58:52
age41_060455.jpg,train,lips_masked,no_face_detected,2026-09-09T16:58:52
age38_065506.jpg,train,lips_masked,no_face_detected,2026-09-09T16:58:53
age48_038523.jpg,train,lips_masked,no_face_detected,2026-09-09T16:58:53
age8_011694.jpg,train,lips_masked,no_face_detected,2026-09-09T16:58:53
age34_019332.jpg,train,lips_masked,no_face_detected,2026-09-09T16:58:53
age31_019789.jpg,train,lips_masked,no_face_detected,2026-09-09T16:58:53
age65_034037.jpg,train,lips_masked,no_face_detected,2026-09-09T16:58:53
age76_027904.jpg,train,lips_masked,no_face_detected,2026-09-09T16:58:54
age15_013603.jpg,train,lips_masked,no_face_detected,2026-09-09T16:58:54
age2_006869.jpg,train,lips_masked,no_face_detected,2026-09-09T16:58:54
age17_062856.jpg,train,lips_masked,no_face_detected,2026-09-09T16:58:54
age47_009631.jpg,train,lips_masked,no_face_detected,2026-09-09T16:58:54
age45_064130.jpg,train,lips_masked,no_face_detected,2026-09-09T16:58:54
age38_068751.jpg,train,lips_masked,no_face_detected,2026-09-09T16:58:54
age10_012432.jpg,train,lips_masked,no_face_detected,2026-09-09T16:58:54
age57_038645.jpg,train,lips_masked,no_face_detected,2026-09-09T16:58:55
age78_083125.jpg,train,lips_masked,no_face_detected,2026-09-09T16:58:55
age74_027552.jpg,train,lips_masked,no_face_detected,2026-09-09T16:58:55
age54_049938.jpg,train,lips_masked,no_face_detected,2026-09-09T16:58:55
age55_047198.jpg,train,lips_masked,no_face_detected,2026-09-09T16:58:55
age53_049514.jpg,train,lips_masked,no_face_detected,2026-09-09T16:58:55
age55_046641.jpg,train,lips_masked,no_face_detected,2026-09-09T16:58:55
age13_006288.jpg,train,lips_masked,no_face_detected,2026-09-09T16:58:56
age83_083759.jpg,train,lips_masked,no_face_detected,2026-09-09T16:58:56
age34_018425.jpg,train,lips_masked,no_face_detected,2026-09-09T16:58:56
age10_011325.jpg,train,lips_masked,no_face_detected,2026-09-09T16:58:56
age23_003518.jpg,train,lips_masked,no_face_detected,2026-09-09T16:58:56
age40_061990.jpg,train,lips_masked,no_face_detected,2026-09-09T16:58:56
age76_083124.jpg,train,lips_masked,no_face_detected,2026-09-09T16:58:56
age21_057873.jpg,train,lips_masked,no_face_detected,2026-09-09T16:58:57
age13_004850.jpg,train,lips_masked,no_face_detected,2026-09-09T16:58:57
age28_026963.jpg,train,lips_masked,no_face_detected,2026-09-09T16:58:57
age4_052427.jpg,train,lips_masked,no_face_detected,2026-09-09T16:58:58
age57_076546.jpg,train,lips_masked,no_face_detected,2026-09-09T16:58:58
age65_031899.jpg,train,lips_masked,no_face_detected,2026-09-09T16:58:58
age60_075625.jpg,train,lips_masked,no_face_detected,2026-09-09T16:58:58
age61_082405.jpg,train,lips_masked,no_face_detected,2026-09-09T16:58:58
age36_070389.jpg,train,lips_masked,no_face_detected,2026-09-09T16:58:58
age36_068532.jpg,train,lips_masked,no_face_detected,2026-09-09T16:58:58
age50_020267.jpg,train,lips_masked,no_face_detected,2026-09-09T16:58:58
age17_072847.jpg,train,lips_masked,no_face_detected,2026-09-09T16:58:58
age60_035227.jpg,train,lips_masked,no_face_detected,2026-09-09T16:58:58
age48_041671.jpg,train,lips_masked,no_face_detected,2026-09-09T16:58:59
age70_028342.jpg,train,lips_masked,no_face_detected,2026-09-09T16:58:59
age12_004019.jpg,train,lips_masked,no_face_detected,2026-09-09T16:58:59
age13_003960.jpg,train,lips_masked,no_face_detected,2026-09-09T16:58:59
age27_022878.jpg,train,lips_masked,no_face_detected,2026-09-09T16:58:59
age33_018662.jpg,train,lips_masked,no_face_detected,2026-09-09T16:58:59
age37_067670.jpg,train,lips_masked,no_face_detected,2026-09-09T16:58:59
age1_051349.jpg,train,lips_masked,no_face_detected,2026-09-09T16:58:59
age27_021648.jpg,train,lips_masked,no_face_detected,2026-09-09T16:59:00
age54_050269.jpg,train,lips_masked,no_face_detected,2026-09-09T16:59:00
age58_066355.jpg,train,lips_masked,no_face_detected,2026-09-09T16:59:00
age73_029072.jpg,train,lips_masked,no_face_detected,2026-09-09T16:59:00
age74_028927.jpg,train,lips_masked,no_face_detected,2026-09-09T16:59:00
age55_077504.jpg,train,lips_masked,no_face_detected,2026-09-09T16:59:00
age27_023579.jpg,train,lips_masked,no_face_detected,2026-09-09T16:59:01
age58_078781.jpg,train,lips_masked,no_face_detected,2026-09-09T16:59:01
age34_016162.jpg,train,lips_masked,no_face_detected,2026-09-09T16:59:01
age69_034664.jpg,train,lips_masked,no_face_detected,2026-09-09T16:59:01
age53_045539.jpg,train,lips_masked,no_face_detected,2026-09-09T16:59:01
age40_066735.jpg,train,lips_masked,no_face_detected,2026-09-09T16:59:01
age4_050966.jpg,train,lips_masked,no_face_detected,2026-09-09T16:59:01
age22_058805.jpg,train,lips_masked,no_face_detected,2026-09-09T16:59:02
age61_080269.jpg,train,lips_masked,no_face_detected,2026-09-09T16:59:02
age16_071110.jpg,train,lips_masked,no_face_detected,2026-09-09T16:59:02
age69_035218.jpg,train,lips_masked,no_face_detected,2026-09-09T16:59:02
age38_067607.jpg,train,lips_masked,no_face_detected,2026-09-09T16:59:02
age47_037524.jpg,train,lips_masked,no_face_detected,2026-09-09T16:59:02
age71_029309.jpg,train,lips_masked,no_face_detected,2026-09-09T16:59:03
age31_019169.jpg,train,lips_masked,no_face_detected,2026-09-09T16:59:03
age67_036013.jpg,train,lips_masked,no_face_detected,2026-09-09T16:59:03
age34_015243.jpg,train,lips_masked,no_face_detected,2026-09-09T16:59:03
age46_043451.jpg,train,lips_masked,no_face_detected,2026-09-09T16:59:03
age58_078030.jpg,train,lips_masked,no_face_detected,2026-09-09T16:59:03
24_1_1_20170112204751139.jpg,train,lips_masked,no_face_detected,2026-09-09T16:59:04
age17_073879.jpg,train,lips_masked,no_face_detected,2026-09-09T16:59:01
age50_041389.jpg,train,lips_masked,no_face_detected,2026-09-09T16:59:01
age25_025292.jpg,train,lips_masked,no_face_detected,2026-09-09T16:59:01
age34_019396.jpg,train,lips_masked,no_face_detected,2026-09-09T16:59:02
age41_061312.jpg,train,lips_masked,no_face_detected,2026-09-09T16:59:02
age70_029747.jpg,train,lips_masked,no_face_detected,2026-09-09T16:59:02
age76_083623.jpg,train,lips_masked,no_face_detected,2026-09-09T16:59:02
age14_001559.jpg,train,lips_masked,no_face_detected,2026-09-09T16:59:02
age7_009098.jpg,train,lips_masked,no_face_detected,2026-09-09T16:59:02
age38_070170.jpg,train,lips_masked,no_face_detected,2026-09-09T16:59:02
age58_075379.jpg,train,lips_masked,no_face_detected,2026-09-09T16:59:03
age58_076224.jpg,train,lips_masked,no_face_detected,2026-09-09T16:59:03
age6_009454.jpg,train,lips_masked,no_face_detected,2026-09-09T16:59:03
age4_052124.jpg,train,lips_masked,no_face_detected,2026-09-09T16:59:03
age57_033765.jpg,train,lips_masked,no_face_detected,2026-09-09T16:59:03
age36_066031.jpg,train,lips_masked,no_face_detected,2026-09-09T16:59:04
age31_016197.jpg,train,lips_masked,no_face_detected,2026-09-09T16:59:04
age45_062936.jpg,train,lips_masked,no_face_detected,2026-09-09T16:59:05
age4_051480.jpg,train,lips_masked,no_face_detected,2026-09-09T16:59:05
age15_006887.jpg,train,lips_masked,no_face_detected,2026-09-09T16:59:05
age40_070491.jpg,train,lips_masked,no_face_detected,2026-09-09T16:59:05
age11_001150.jpg,train,lips_masked,no_face_detected,2026-09-09T16:59:05
age27_025937.jpg,train,lips_masked,no_face_detected,2026-09-09T16:59:06
age38_048622.jpg,train,lips_masked,no_face_detected,2026-09-09T16:59:06
age41_061588.jpg,train,lips_masked,no_face_detected,2026-09-09T16:59:06
age34_020932.jpg,train,lips_masked,no_face_detected,2026-09-09T16:59:06
age40_065714.jpg,train,lips_masked,no_face_detected,2026-09-09T16:59:06
age31_016873.jpg,train,lips_masked,no_face_detected,2026-09-09T16:59:06
age27_021075.jpg,train,lips_masked,no_face_detected,2026-09-09T16:59:07
age67_034886.jpg,train,lips_masked,no_face_detected,2026-09-09T16:59:07
age28_025647.jpg,train,lips_masked,no_face_detected,2026-09-09T16:59:07
age41_060788.jpg,train,lips_masked,no_face_detected,2026-09-09T16:59:07
age69_033959.jpg,train,lips_masked,no_face_detected,2026-09-09T16:59:07
age55_042563.jpg,train,lips_masked,no_face_detected,2026-09-09T16:59:08
age31_015663.jpg,train,lips_masked,no_face_detected,2026-09-09T16:59:08
age75_083330.jpg,train,lips_masked,no_face_detected,2026-09-09T16:59:08
age17_072474.jpg,train,lips_masked,no_face_detected,2026-09-09T16:59:08
age10_001919.jpg,train,lips_masked,no_face_detected,2026-09-09T16:59:08
age38_069735.jpg,train,lips_masked,no_face_detected,2026-09-09T16:59:09
age25_023552.jpg,train,lips_masked,no_face_detected,2026-09-09T16:59:09
age6_008830.jpg,train,lips_masked,no_face_detected,2026-09-09T16:59:09
age76_083183.jpg,train,lips_masked,no_face_detected,2026-09-09T16:59:09
age37_067869.jpg,train,lips_masked,no_face_detected,2026-09-09T16:59:10
age6_008567.jpg,train,lips_masked,no_face_detected,2026-09-09T16:59:10
age28_024266.jpg,train,lips_masked,no_face_detected,2026-09-09T16:59:10
age48_038457.jpg,train,lips_masked,no_face_detected,2026-09-09T16:59:10
age10_003394.jpg,train,lips_masked,no_face_detected,2026-09-09T16:59:10
age27_022746.jpg,train,lips_masked,no_face_detected,2026-09-09T16:59:11
age68_034599.jpg,train,lips_masked,no_face_detected,2026-09-09T16:59:11
age42_061398.jpg,train,lips_masked,no_face_detected,2026-09-09T16:59:11
age15_000060.jpg,train,lips_masked,no_face_detected,2026-09-09T16:59:11
age17_072157.jpg,train,lips_masked,no_face_detected,2026-09-09T16:59:11
age6_007574.jpg,train,lips_masked,no_face_detected,2026-09-09T16:59:11
age4_009141.jpg,train,lips_masked,no_face_detected,2026-09-09T16:59:12
age59_076022.jpg,train,lips_masked,no_face_detected,2026-09-09T16:59:12
age27_025870.jpg,train,lips_masked,no_face_detected,2026-09-09T16:59:12
age35_010204.jpg,train,lips_masked,no_face_detected,2026-09-09T16:59:13
age40_066789.jpg,train,lips_masked,no_face_detected,2026-09-09T16:59:13
age78_082958.jpg,train,lips_masked,no_face_detected,2026-09-09T16:59:13
age68_033469.jpg,train,lips_masked,no_face_detected,2026-09-09T16:59:13
age42_063778.jpg,train,lips_masked,no_face_detected,2026-09-09T16:59:13
age51_046176.jpg,train,lips_masked,no_face_detected,2026-09-09T16:59:13
age12_004291.jpg,train,lips_masked,no_face_detected,2026-09-09T16:59:14
age12_006017.jpg,train,lips_masked,no_face_detected,2026-09-09T16:59:14
age19_074353.jpg,train,lips_masked,no_face_detected,2026-09-09T16:59:14
age34_009510.jpg,train,lips_masked,no_face_detected,2026-09-09T16:59:14
age50_046846.jpg,train,lips_masked,no_face_detected,2026-09-09T16:59:14
age17_073443.jpg,train,lips_masked,no_face_detected,2026-09-09T16:59:15
age60_018452.jpg,train,lips_masked,no_face_detected,2026-09-09T16:59:15
age44_001972.jpg,train,lips_masked,no_face_detected,2026-09-09T16:59:15
age33_015748.jpg,train,lips_masked,no_face_detected,2026-09-09T16:59:15
age10_007223.jpg,train,lips_masked,no_face_detected,2026-09-09T16:59:15
age10_003725.jpg,train,lips_masked,no_face_detected,2026-09-09T16:59:16
age72_029777.jpg,train,lips_masked,no_face_detected,2026-09-09T16:59:16
age27_023931.jpg,train,lips_masked,no_face_detected,2026-09-09T16:59:16
age31_019277.jpg,train,lips_masked,no_face_detected,2026-09-09T16:59:16
age25_022246.jpg,train,lips_masked,no_face_detected,2026-09-09T16:59:16
age20_000310.jpg,train,lips_masked,no_face_detected,2026-09-09T16:59:16
age69_034112.jpg,train,lips_masked,no_face_detected,2026-09-09T16:59:16
age31_020512.jpg,train,lips_masked,no_face_detected,2026-09-09T16:59:17
age27_014702.jpg,train,lips_masked,no_face_detected,2026-09-09T16:59:17
age80_083781.jpg,train,lips_masked,no_face_detected,2026-09-09T16:59:17
age47_037892.jpg,train,lips_masked,no_face_detected,2026-09-09T16:59:17
age39_062222.jpg,train,lips_masked,no_face_detected,2026-09-09T16:59:17
age62_080239.jpg,train,lips_masked,no_face_detected,2026-09-09T16:59:17
age37_065242.jpg,train,lips_masked,no_face_detected,2026-09-09T16:59:18
age9_013487.jpg,train,lips_masked,no_face_detected,2026-09-09T16:59:18
age73_030841.jpg,train,lips_masked,no_face_detected,2026-09-09T16:59:18
age52_046654.jpg,train,lips_masked,no_face_detected,2026-09-09T16:59:18
age4_027815.jpg,train,lips_masked,no_face_detected,2026-09-09T16:59:18
age62_081153.jpg,train,lips_masked,no_face_detected,2026-09-09T16:59:18
age53_044843.jpg,train,lips_masked,no_face_detected,2026-09-09T16:59:18
age21_058876.jpg,train,lips_masked,no_face_detected,2026-09-09T16:59:18
age42_064451.jpg,train,lips_masked,no_face_detected,2026-09-09T16:59:18
age34_019194.jpg,train,lips_masked,no_face_detected,2026-09-09T16:59:19
age70_027979.jpg,train,lips_masked,no_face_detected,2026-09-09T16:59:19
age27_022256.jpg,train,lips_masked,no_face_detected,2026-09-09T16:59:19
age60_040112.jpg,train,lips_masked,no_face_detected,2026-09-09T16:59:19
age45_037479.jpg,train,lips_masked,no_face_detected,2026-09-09T16:59:19
age50_044219.jpg,train,lips_masked,no_face_detected,2026-09-09T16:59:19
age42_017222.jpg,train,lips_masked,no_face_detected,2026-09-09T16:59:19
age31_014785.jpg,train,lips_masked,no_face_detected,2026-09-09T16:59:19
age25_021064.jpg,train,lips_masked,no_face_detected,2026-09-09T16:59:19
age27_021195.jpg,train,lips_masked,no_face_detected,2026-09-09T16:59:20
age71_027506.jpg,train,lips_masked,no_face_detected,2026-09-09T16:59:20
age50_043639.jpg,train,lips_masked,no_face_detected,2026-09-09T16:59:20
age40_060680.jpg,train,lips_masked,no_face_detected,2026-09-09T16:59:20
age29_022234.jpg,train,lips_masked,no_face_detected,2026-09-09T16:59:20
age40_068372.jpg,train,lips_masked,no_face_detected,2026-09-09T16:59:21
age41_063855.jpg,train,lips_masked,no_face_detected,2026-09-09T16:59:21
age27_024149.jpg,train,lips_masked,no_face_detected,2026-09-09T16:59:21
age50_047626.jpg,train,lips_masked,no_face_detected,2026-09-09T16:59:21
age1_051992.jpg,train,lips_masked,no_face_detected,2026-09-09T16:59:21
age48_038783.jpg,train,lips_masked,no_face_detected,2026-09-09T16:59:21
age2_053880.jpg,train,lips_masked,no_face_detected,2026-09-09T16:59:22
age47_041800.jpg,train,lips_masked,no_face_detected,2026-09-09T16:59:22
age31_017988.jpg,train,lips_masked,no_face_detected,2026-09-09T16:59:22
age20_073392.jpg,train,lips_masked,no_face_detected,2026-09-09T16:59:22
age25_003504.jpg,train,lips_masked,no_face_detected,2026-09-09T16:59:22
age34_020726.jpg,train,lips_masked,no_face_detected,2026-09-09T16:59:22
age62_038441.jpg,train,lips_masked,no_face_detected,2026-09-09T16:59:22
age6_010892.jpg,train,lips_masked,no_face_detected,2026-09-09T16:59:23
age37_069006.jpg,train,lips_masked,no_face_detected,2026-09-09T16:59:23
age47_038480.jpg,train,lips_masked,no_face_detected,2026-09-09T16:59:23
age25_027007.jpg,train,lips_masked,no_face_detected,2026-09-09T16:59:23
age10_008246.jpg,train,lips_masked,no_face_detected,2026-09-09T16:59:24
age5_009136.jpg,train,lips_masked,no_face_detected,2026-09-09T16:59:24
age20_026068.jpg,train,lips_masked,no_face_detected,2026-09-09T16:59:24
age48_041718.jpg,train,lips_masked,no_face_detected,2026-09-09T16:59:24
age4_053994.jpg,train,lips_masked,no_face_detected,2026-09-09T16:59:25
age82_084022.jpg,train,lips_masked,no_face_detected,2026-09-09T16:59:25
age27_027090.jpg,train,lips_masked,no_face_detected,2026-09-09T16:59:25
80_0_0_20170111211700924.jpg,train,lips_masked,no_face_detected,2026-09-09T16:59:25
age70_034843.jpg,train,lips_masked,no_face_detected,2026-09-09T16:59:26
age57_077452.jpg,train,lips_masked,no_face_detected,2026-09-09T16:59:26
age53_046313.jpg,train,lips_masked,no_face_detected,2026-09-09T16:59:26
age80_084089.jpg,train,lips_masked,no_face_detected,2026-09-09T16:59:26
age31_014058.jpg,train,lips_masked,no_face_detected,2026-09-09T16:59:26
age40_066824.jpg,train,lips_masked,no_face_detected,2026-09-09T16:59:27
age20_071548.jpg,train,lips_masked,no_face_detected,2026-09-09T16:59:27
age10_000961.jpg,train,lips_masked,no_face_detected,2026-09-09T16:59:27
age4_052794.jpg,train,lips_masked,no_face_detected,2026-09-09T16:59:27
age67_033246.jpg,train,lips_masked,no_face_detected,2026-09-09T16:59:28
age55_049344.jpg,train,lips_masked,no_face_detected,2026-09-09T16:59:28
age31_019678.jpg,train,lips_masked,no_face_detected,2026-09-09T16:59:28
age58_065348.jpg,train,lips_masked,no_face_detected,2026-09-09T16:59:28
age40_060903.jpg,train,lips_masked,no_face_detected,2026-09-09T16:59:28
age11_000085.jpg,train,lips_masked,no_face_detected,2026-09-09T16:59:28
age66_035464.jpg,train,lips_masked,no_face_detected,2026-09-09T16:59:28
age61_080879.jpg,train,lips_masked,no_face_detected,2026-09-09T16:59:29
age27_023155.jpg,train,lips_masked,no_face_detected,2026-09-09T16:59:29
age20_056025.jpg,train,lips_masked,no_face_detected,2026-09-09T16:59:29
age8_008093.jpg,train,lips_masked,no_face_detected,2026-09-09T16:59:29
age45_039187.jpg,train,lips_masked,no_face_detected,2026-09-09T16:59:29
age76_083095.jpg,train,lips_masked,no_face_detected,2026-09-09T16:59:30
age42_061175.jpg,train,lips_masked,no_face_detected,2026-09-09T16:59:30
age34_019248.jpg,train,lips_masked,no_face_detected,2026-09-09T16:59:30
age54_044958.jpg,train,lips_masked,no_face_detected,2026-09-09T16:59:30
age34_020307.jpg,train,lips_masked,no_face_detected,2026-09-09T16:59:30
age78_082874.jpg,train,lips_masked,no_face_detected,2026-09-09T16:59:30
age6_010713.jpg,train,lips_masked,no_face_detected,2026-09-09T16:59:30
age31_016854.jpg,train,lips_masked,no_face_detected,2026-09-09T16:59:30
age38_065581.jpg,train,lips_masked,no_face_detected,2026-09-09T16:59:30
age61_042328.jpg,train,lips_masked,no_face_detected,2026-09-09T16:59:31
age10_013569.jpg,train,lips_masked,no_face_detected,2026-09-09T16:59:31
age21_055322.jpg,train,lips_masked,no_face_detected,2026-09-09T16:59:31
age55_045066.jpg,train,lips_masked,no_face_detected,2026-09-09T16:59:31
age45_063826.jpg,train,lips_masked,no_face_detected,2026-09-09T16:59:31
age74_030868.jpg,train,lips_masked,no_face_detected,2026-09-09T16:59:32
age30_020842.jpg,train,lips_masked,no_face_detected,2026-09-09T16:59:32
age50_045014.jpg,train,lips_masked,no_face_detected,2026-09-09T16:59:32
age31_019123.jpg,train,lips_masked,no_face_detected,2026-09-09T16:59:32
age21_059569.jpg,train,lips_masked,no_face_detected,2026-09-09T16:59:32
age61_079355.jpg,train,lips_masked,no_face_detected,2026-09-09T16:59:32
age62_082426.jpg,train,lips_masked,no_face_detected,2026-09-09T16:59:33
age58_011139.jpg,train,lips_masked,no_face_detected,2026-09-09T16:59:33
age75_083576.jpg,train,lips_masked,no_face_detected,2026-09-09T16:59:33
age32_019116.jpg,train,lips_masked,no_face_detected,2026-09-09T16:59:30
age80_036776.jpg,train,lips_masked,no_face_detected,2026-09-09T16:59:30
age25_057243.jpg,train,lips_masked,no_face_detected,2026-09-09T16:59:31
age67_027537.jpg,train,lips_masked,no_face_detected,2026-09-09T16:59:31
age37_069514.jpg,train,lips_masked,no_face_detected,2026-09-09T16:59:31
age44_064359.jpg,train,lips_masked,no_face_detected,2026-09-09T16:59:31
age60_080976.jpg,train,lips_masked,no_face_detected,2026-09-09T16:59:31
age64_038430.jpg,train,lips_masked,no_face_detected,2026-09-09T16:59:31
age22_060285.jpg,train,lips_masked,no_face_detected,2026-09-09T16:59:31
age53_018244.jpg,train,lips_masked,no_face_detected,2026-09-09T16:59:32
age54_028405.jpg,train,lips_masked,no_face_detected,2026-09-09T16:59:32
age32_017435.jpg,train,lips_masked,no_face_detected,2026-09-09T16:59:32
age27_020322.jpg,train,lips_masked,no_face_detected,2026-09-09T16:59:32
age72_020433.jpg,train,lips_masked,no_face_detected,2026-09-09T16:59:33
age79_083297.jpg,train,lips_masked,no_face_detected,2026-09-09T16:59:33
age34_020247.jpg,train,lips_masked,no_face_detected,2026-09-09T16:59:33
age27_023547.jpg,train,lips_masked,no_face_detected,2026-09-09T16:59:34
age25_057506.jpg,train,lips_masked,no_face_detected,2026-09-09T16:59:34
age53_048028.jpg,train,lips_masked,no_face_detected,2026-09-09T16:59:34
age74_027491.jpg,train,lips_masked,no_face_detected,2026-09-09T16:59:34
age38_069001.jpg,train,lips_masked,no_face_detected,2026-09-09T16:59:34
age25_021429.jpg,train,lips_masked,no_face_detected,2026-09-09T16:59:34
age34_020386.jpg,train,lips_masked,no_face_detected,2026-09-09T16:59:34
age10_003755.jpg,train,lips_masked,no_face_detected,2026-09-09T16:59:34
age10_007442.jpg,train,lips_masked,no_face_detected,2026-09-09T16:59:35
age20_009224.jpg,train,lips_masked,no_face_detected,2026-09-09T16:59:35
age16_022666.jpg,train,lips_masked,no_face_detected,2026-09-09T16:59:35
age4_052804.jpg,train,lips_masked,no_face_detected,2026-09-09T16:59:35
age34_017126.jpg,train,lips_masked,no_face_detected,2026-09-09T16:59:36
age76_083483.jpg,train,lips_masked,no_face_detected,2026-09-09T16:59:36
age5_006872.jpg,train,lips_masked,no_face_detected,2026-09-09T16:59:36
age50_046034.jpg,train,lips_masked,no_face_detected,2026-09-09T16:59:36
age42_044472.jpg,train,lips_masked,no_face_detected,2026-09-09T16:59:36
age18_073713.jpg,train,lips_masked,no_face_detected,2026-09-09T16:59:36
age70_029653.jpg,train,lips_masked,no_face_detected,2026-09-09T16:59:36
age61_081779.jpg,train,lips_masked,no_face_detected,2026-09-09T16:59:36
age25_022669.jpg,train,lips_masked,no_face_detected,2026-09-09T16:59:36
age34_016567.jpg,train,lips_masked,no_face_detected,2026-09-09T16:59:36
age80_056792.jpg,train,lips_masked,no_face_detected,2026-09-09T16:59:36
age59_027196.jpg,train,lips_masked,no_face_detected,2026-09-09T16:59:37
age73_029714.jpg,train,lips_masked,no_face_detected,2026-09-09T16:59:37
age10_004885.jpg,train,lips_masked,no_face_detected,2026-09-09T16:59:37
age94_027260.jpg,train,lips_masked,no_face_detected,2026-09-09T16:59:37
age27_023624.jpg,train,lips_masked,no_face_detected,2026-09-09T16:59:37
age58_075834.jpg,train,lips_masked,no_face_detected,2026-09-09T16:59:38
age54_044609.jpg,train,lips_masked,no_face_detected,2026-09-09T16:59:38
age73_030243.jpg,train,lips_masked,no_face_detected,2026-09-09T16:59:38
age23_056842.jpg,train,lips_masked,no_face_detected,2026-09-09T16:59:38
age17_071719.jpg,train,lips_masked,no_face_detected,2026-09-09T16:59:38
age69_032028.jpg,train,lips_masked,no_face_detected,2026-09-09T16:59:38
age84_083922.jpg,train,lips_masked,no_face_detected,2026-09-09T16:59:38
age60_077064.jpg,train,lips_masked,no_face_detected,2026-09-09T16:59:38
age6_010556.jpg,train,lips_masked,no_face_detected,2026-09-09T16:59:39
age65_081021.jpg,train,lips_masked,no_face_detected,2026-09-09T16:59:39
age6_007128.jpg,train,lips_masked,no_face_detected,2026-09-09T16:59:39
age3_006793.jpg,train,lips_masked,no_face_detected,2026-09-09T16:59:39
age60_063446.jpg,train,lips_masked,no_face_detected,2026-09-09T16:59:39
age27_026835.jpg,train,lips_masked,no_face_detected,2026-09-09T16:59:39
age48_039681.jpg,train,lips_masked,no_face_detected,2026-09-09T16:59:39
age25_026380.jpg,train,lips_masked,no_face_detected,2026-09-09T16:59:39
age25_057007.jpg,train,lips_masked,no_face_detected,2026-09-09T16:59:39
age10_001189.jpg,train,lips_masked,no_face_detected,2026-09-09T16:59:40
age34_014917.jpg,train,lips_masked,no_face_detected,2026-09-09T16:59:40
age54_044897.jpg,train,lips_masked,no_face_detected,2026-09-09T16:59:40
age11_003376.jpg,train,lips_masked,no_face_detected,2026-09-09T16:59:40
age55_045799.jpg,train,lips_masked,no_face_detected,2026-09-09T16:59:41
age64_080857.jpg,train,lips_masked,no_face_detected,2026-09-09T16:59:41
age67_035434.jpg,train,lips_masked,no_face_detected,2026-09-09T16:59:41
age11_002997.jpg,train,lips_masked,no_face_detected,2026-09-09T16:59:41
age34_018850.jpg,train,lips_masked,no_face_detected,2026-09-09T16:59:41
age76_083122.jpg,train,lips_masked,no_face_detected,2026-09-09T16:59:41
age35_016794.jpg,train,lips_masked,no_face_detected,2026-09-09T16:59:41
age34_014412.jpg,train,lips_masked,no_face_detected,2026-09-09T16:59:41
age16_000606.jpg,train,lips_masked,no_face_detected,2026-09-09T16:59:42
age27_022377.jpg,train,lips_masked,no_face_detected,2026-09-09T16:59:42
age61_056858.jpg,train,lips_masked,no_face_detected,2026-09-09T16:59:42
age27_023353.jpg,train,lips_masked,no_face_detected,2026-09-09T16:59:42
age27_022472.jpg,train,lips_masked,no_face_detected,2026-09-09T16:59:42
age76_083356.jpg,train,lips_masked,no_face_detected,2026-09-09T16:59:42
age72_029807.jpg,train,lips_masked,no_face_detected,2026-09-09T16:59:42
age62_082442.jpg,train,lips_masked,no_face_detected,2026-09-09T16:59:43
age20_060035.jpg,train,lips_masked,no_face_detected,2026-09-09T16:59:43
age4_052234.jpg,train,lips_masked,no_face_detected,2026-09-09T16:59:43
age54_045930.jpg,train,lips_masked,no_face_detected,2026-09-09T16:59:43
age20_059020.jpg,train,lips_masked,no_face_detected,2026-09-09T16:59:44
age37_066796.jpg,train,lips_masked,no_face_detected,2026-09-09T16:59:44
age6_011831.jpg,train,lips_masked,no_face_detected,2026-09-09T16:59:44
age26_023562.jpg,train,lips_masked,no_face_detected,2026-09-09T16:59:44
age61_081324.jpg,train,lips_masked,no_face_detected,2026-09-09T16:59:44
age61_080528.jpg,train,lips_masked,no_face_detected,2026-09-09T16:59:44
age73_030592.jpg,train,lips_masked,no_face_detected,2026-09-09T16:59:44
age47_038791.jpg,train,lips_masked,no_face_detected,2026-09-09T16:59:45
age66_035132.jpg,train,lips_masked,no_face_detected,2026-09-09T16:59:45
age20_055256.jpg,train,lips_masked,no_face_detected,2026-09-09T16:59:45
age34_018076.jpg,train,lips_masked,no_face_detected,2026-09-09T16:59:46
age7_011836.jpg,train,lips_masked,no_face_detected,2026-09-09T16:59:46
age38_069562.jpg,train,lips_masked,no_face_detected,2026-09-09T16:59:46
age25_023183.jpg,train,lips_masked,no_face_detected,2026-09-09T16:59:46
age68_033316.jpg,train,lips_masked,no_face_detected,2026-09-09T16:59:46
age18_072316.jpg,train,lips_masked,no_face_detected,2026-09-09T16:59:47
age54_046016.jpg,train,lips_masked,no_face_detected,2026-09-09T16:59:47
age47_037367.jpg,train,lips_masked,no_face_detected,2026-09-09T16:59:47
age19_072524.jpg,train,lips_masked,no_face_detected,2026-09-09T16:59:47
age12_002792.jpg,train,lips_masked,no_face_detected,2026-09-09T16:59:47
age27_023848.jpg,train,lips_masked,no_face_detected,2026-09-09T16:59:48
age68_033390.jpg,train,lips_masked,no_face_detected,2026-09-09T16:59:48
age65_047103.jpg,train,lips_masked,no_face_detected,2026-09-09T16:59:48
age18_070547.jpg,train,lips_masked,no_face_detected,2026-09-09T16:59:48
age53_048599.jpg,train,lips_masked,no_face_detected,2026-09-09T16:59:48
age51_035104.jpg,train,lips_masked,no_face_detected,2026-09-09T16:59:49
age52_039255.jpg,train,lips_masked,no_face_detected,2026-09-09T16:59:49
age22_014553.jpg,train,lips_masked,no_face_detected,2026-09-09T16:59:49
age45_062390.jpg,train,lips_masked,no_face_detected,2026-09-09T16:59:49
age4_051150.jpg,train,lips_masked,no_face_detected,2026-09-09T16:59:49
age27_022364.jpg,train,lips_masked,no_face_detected,2026-09-09T16:59:49
age42_060470.jpg,train,lips_masked,no_face_detected,2026-09-09T16:59:50
age4_055159.jpg,train,lips_masked,no_face_detected,2026-09-09T16:59:50
age62_079597.jpg,train,lips_masked,no_face_detected,2026-09-09T16:59:50
age60_077579.jpg,train,lips_masked,no_face_detected,2026-09-09T16:59:50
age74_030682.jpg,train,lips_masked,no_face_detected,2026-09-09T16:59:50
age47_040453.jpg,train,lips_masked,no_face_detected,2026-09-09T16:59:50
age41_063516.jpg,train,lips_masked,no_face_detected,2026-09-09T16:59:50
age50_037777.jpg,train,lips_masked,no_face_detected,2026-09-09T16:59:50
age68_034229.jpg,train,lips_masked,no_face_detected,2026-09-09T16:59:50
age42_062870.jpg,train,lips_masked,no_face_detected,2026-09-09T16:59:51
age17_073250.jpg,train,lips_masked,no_face_detected,2026-09-09T16:59:51
age27_014091.jpg,train,lips_masked,no_face_detected,2026-09-09T16:59:51
age11_002234.jpg,train,lips_masked,no_face_detected,2026-09-09T16:59:51
age40_060708.jpg,train,lips_masked,no_face_detected,2026-09-09T16:59:51
age27_025615.jpg,train,lips_masked,no_face_detected,2026-09-09T16:59:51
age45_043111.jpg,train,lips_masked,no_face_detected,2026-09-09T16:59:51
age18_056820.jpg,train,lips_masked,no_face_detected,2026-09-09T16:59:52
age36_067428.jpg,train,lips_masked,no_face_detected,2026-09-09T16:59:52
age64_081794.jpg,train,lips_masked,no_face_detected,2026-09-09T16:59:52
age74_030956.jpg,train,lips_masked,no_face_detected,2026-09-09T16:59:52
age69_034548.jpg,train,lips_masked,no_face_detected,2026-09-09T16:59:52
age66_035577.jpg,train,lips_masked,no_face_detected,2026-09-09T16:59:52
age47_042829.jpg,train,lips_masked,no_face_detected,2026-09-09T16:59:52
age20_055528.jpg,train,lips_masked,no_face_detected,2026-09-09T16:59:53
age55_076181.jpg,train,lips_masked,no_face_detected,2026-09-09T16:59:53
age18_071945.jpg,train,lips_masked,no_face_detected,2026-09-09T16:59:53
age10_003778.jpg,train,lips_masked,no_face_detected,2026-09-09T16:59:53
age65_034767.jpg,train,lips_masked,no_face_detected,2026-09-09T16:59:53
age4_053862.jpg,train,lips_masked,no_face_detected,2026-09-09T16:59:53
age82_084182.jpg,train,lips_masked,no_face_detected,2026-09-09T16:59:54
age77_083362.jpg,train,lips_masked,no_face_detected,2026-09-09T16:59:54
age18_071625.jpg,train,lips_masked,no_face_detected,2026-09-09T16:59:54
age2_055026.jpg,train,lips_masked,no_face_detected,2026-09-09T16:59:54
age48_041119.jpg,train,lips_masked,no_face_detected,2026-09-09T16:59:55
age62_077024.jpg,train,lips_masked,no_face_detected,2026-09-09T16:59:55
age17_072916.jpg,train,lips_masked,no_face_detected,2026-09-09T16:59:55
age52_049312.jpg,train,lips_masked,no_face_detected,2026-09-09T16:59:55
age13_001863.jpg,train,lips_masked,no_face_detected,2026-09-09T16:59:55
age48_043738.jpg,train,lips_masked,no_face_detected,2026-09-09T16:59:55
age45_043800.jpg,train,lips_masked,no_face_detected,2026-09-09T16:59:55
age60_078567.jpg,train,lips_masked,no_face_detected,2026-09-09T16:59:56
age57_075293.jpg,train,lips_masked,no_face_detected,2026-09-09T16:59:56
age80_079345.jpg,train,lips_masked,no_face_detected,2026-09-09T16:59:56
age50_036971.jpg,train,lips_masked,no_face_detected,2026-09-09T16:59:56
age9_006948.jpg,train,lips_masked,no_face_detected,2026-09-09T16:59:56
age4_051661.jpg,train,lips_masked,no_face_detected,2026-09-09T16:59:56
age27_023770.jpg,train,lips_masked,no_face_detected,2026-09-09T16:59:56
age20_070679.jpg,train,lips_masked,no_face_detected,2026-09-09T16:59:56
age35_018273.jpg,train,lips_masked,no_face_detected,2026-09-09T16:59:57
age21_026926.jpg,train,lips_masked,no_face_detected,2026-09-09T16:59:57
age68_031671.jpg,train,lips_masked,no_face_detected,2026-09-09T16:59:57
age6_009934.jpg,train,lips_masked,no_face_detected,2026-09-09T16:59:57
age18_072428.jpg,train,lips_masked,no_face_detected,2026-09-09T16:59:57
age28_021684.jpg,train,lips_masked,no_face_detected,2026-09-09T16:59:57
age21_057184.jpg,train,lips_masked,no_face_detected,2026-09-09T16:59:58
age48_042110.jpg,train,lips_masked,no_face_detected,2026-09-09T16:59:58
age37_065852.jpg,train,lips_masked,no_face_detected,2026-09-09T16:59:58
age16_000727.jpg,train,lips_masked,no_face_detected,2026-09-09T16:59:58
age42_063028.jpg,train,lips_masked,no_face_detected,2026-09-09T16:59:58
age21_057126.jpg,train,lips_masked,no_face_detected,2026-09-09T16:59:58
age40_062139.jpg,train,lips_masked,no_face_detected,2026-09-09T16:59:58
age74_027710.jpg,train,lips_masked,no_face_detected,2026-09-09T16:59:59
age33_015638.jpg,train,lips_masked,no_face_detected,2026-09-09T16:59:59
age6_009983.jpg,train,lips_masked,no_face_detected,2026-09-09T16:59:59
age60_075969.jpg,train,lips_masked,no_face_detected,2026-09-09T16:59:59
age4_054467.jpg,train,lips_masked,no_face_detected,2026-09-09T16:59:59
age6_012649.jpg,train,lips_masked,no_face_detected,2026-09-09T16:59:59
age12_005663.jpg,train,lips_masked,no_face_detected,2026-09-09T17:00:00
age2_052178.jpg,train,lips_masked,no_face_detected,2026-09-09T17:00:00
age4_013552.jpg,train,lips_masked,no_face_detected,2026-09-09T17:00:00
age31_018147.jpg,train,lips_masked,no_face_detected,2026-09-09T17:00:00
age60_081914.jpg,train,lips_masked,no_face_detected,2026-09-09T17:00:00
age72_028114.jpg,train,lips_masked,no_face_detected,2026-09-09T17:00:00
age58_078028.jpg,train,lips_masked,no_face_detected,2026-09-09T17:00:00
age17_071461.jpg,train,lips_masked,no_face_detected,2026-09-09T17:00:01
age64_080124.jpg,train,lips_masked,no_face_detected,2026-09-09T17:00:01
age48_037391.jpg,train,lips_masked,no_face_detected,2026-09-09T17:00:01
age25_056859.jpg,train,lips_masked,no_face_detected,2026-09-09T17:00:01
age26_025223.jpg,train,lips_masked,no_face_detected,2026-09-09T17:00:02
age10_006874.jpg,train,lips_masked,no_face_detected,2026-09-09T17:00:02
age4_010439.jpg,train,lips_masked,no_face_detected,2026-09-09T17:00:02
age54_049925.jpg,train,lips_masked,no_face_detected,2026-09-09T17:00:02
age40_064287.jpg,train,lips_masked,no_face_detected,2026-09-09T17:00:02
age25_025869.jpg,train,lips_masked,no_face_detected,2026-09-09T16:59:59
age17_018685.jpg,train,lips_masked,no_face_detected,2026-09-09T17:00:00
age55_076814.jpg,train,lips_masked,no_face_detected,2026-09-09T17:00:00
age55_049136.jpg,train,lips_masked,no_face_detected,2026-09-09T17:00:00
age18_074600.jpg,train,lips_masked,no_face_detected,2026-09-09T17:00:00
age75_030819.jpg,train,lips_masked,no_face_detected,2026-09-09T17:00:00
age69_031422.jpg,train,lips_masked,no_face_detected,2026-09-09T17:00:01
age4_053245.jpg,train,lips_masked,no_face_detected,2026-09-09T17:00:01
age54_047944.jpg,train,lips_masked,no_face_detected,2026-09-09T17:00:01
age61_079905.jpg,train,lips_masked,no_face_detected,2026-09-09T17:00:01
age37_070465.jpg,train,lips_masked,no_face_detected,2026-09-09T17:00:01
age41_064496.jpg,train,lips_masked,no_face_detected,2026-09-09T17:00:01
age37_025812.jpg,train,lips_masked,no_face_detected,2026-09-09T17:00:01
age70_030304.jpg,train,lips_masked,no_face_detected,2026-09-09T17:00:02
age27_025317.jpg,train,lips_masked,no_face_detected,2026-09-09T17:00:02
age13_000451.jpg,train,lips_masked,no_face_detected,2026-09-09T17:00:02
age38_066976.jpg,train,lips_masked,no_face_detected,2026-09-09T17:00:02
age9_007710.jpg,train,lips_masked,no_face_detected,2026-09-09T17:00:02
age17_059380.jpg,train,lips_masked,no_face_detected,2026-09-09T17:00:02
age47_043363.jpg,train,lips_masked,no_face_detected,2026-09-09T17:00:02
age21_058356.jpg,train,lips_masked,no_face_detected,2026-09-09T17:00:03
age53_016259.jpg,train,lips_masked,no_face_detected,2026-09-09T17:00:03
age4_054931.jpg,train,lips_masked,no_face_detected,2026-09-09T17:00:03
age58_078043.jpg,train,lips_masked,no_face_detected,2026-09-09T17:00:03
age33_018891.jpg,train,lips_masked,no_face_detected,2026-09-09T17:00:03
age4_053616.jpg,train,lips_masked,no_face_detected,2026-09-09T17:00:04
age61_082467.jpg,train,lips_masked,no_face_detected,2026-09-09T17:00:04
age45_037794.jpg,train,lips_masked,no_face_detected,2026-09-09T17:00:04
age27_024162.jpg,train,lips_masked,no_face_detected,2026-09-09T17:00:04
age10_001487.jpg,train,lips_masked,no_face_detected,2026-09-09T17:00:04
age61_031198.jpg,train,lips_masked,no_face_detected,2026-09-09T17:00:04
age34_018168.jpg,train,lips_masked,no_face_detected,2026-09-09T17:00:04
age62_030613.jpg,train,lips_masked,no_face_detected,2026-09-09T17:00:05
age69_032336.jpg,train,lips_masked,no_face_detected,2026-09-09T17:00:05
age11_000100.jpg,train,lips_masked,no_face_detected,2026-09-09T17:00:05
age2_012932.jpg,train,lips_masked,no_face_detected,2026-09-09T17:00:05
age38_069814.jpg,train,lips_masked,no_face_detected,2026-09-09T17:00:05
age15_071682.jpg,train,lips_masked,no_face_detected,2026-09-09T17:00:05
age65_082241.jpg,train,lips_masked,no_face_detected,2026-09-09T17:00:06
age60_082443.jpg,train,lips_masked,no_face_detected,2026-09-09T17:00:06
age57_075713.jpg,train,lips_masked,no_face_detected,2026-09-09T17:00:06
age37_061486.jpg,train,lips_masked,no_face_detected,2026-09-09T17:00:06
age78_055682.jpg,train,lips_masked,no_face_detected,2026-09-09T17:00:07
age55_048910.jpg,train,lips_masked,no_face_detected,2026-09-09T17:00:07
age68_034150.jpg,train,lips_masked,no_face_detected,2026-09-09T17:00:07
age41_060830.jpg,train,lips_masked,no_face_detected,2026-09-09T17:00:07
age41_064767.jpg,train,lips_masked,no_face_detected,2026-09-09T17:00:07
age41_061701.jpg,train,lips_masked,no_face_detected,2026-09-09T17:00:07
age6_012951.jpg,train,lips_masked,no_face_detected,2026-09-09T17:00:07
age46_037756.jpg,train,lips_masked,no_face_detected,2026-09-09T17:00:07
age19_024657.jpg,train,lips_masked,no_face_detected,2026-09-09T17:00:08
age62_079657.jpg,train,lips_masked,no_face_detected,2026-09-09T17:00:08
age13_001061.jpg,train,lips_masked,no_face_detected,2026-09-09T17:00:08
age34_019028.jpg,train,lips_masked,no_face_detected,2026-09-09T17:00:08
age11_006219.jpg,train,lips_masked,no_face_detected,2026-09-09T17:00:08
age73_028034.jpg,train,lips_masked,no_face_detected,2026-09-09T17:00:08
age57_078305.jpg,train,lips_masked,no_face_detected,2026-09-09T17:00:09
age60_063222.jpg,train,lips_masked,no_face_detected,2026-09-09T17:00:09
age10_002053.jpg,train,lips_masked,no_face_detected,2026-09-09T17:00:09
age37_065665.jpg,train,lips_masked,no_face_detected,2026-09-09T17:00:09
age76_083536.jpg,train,lips_masked,no_face_detected,2026-09-09T17:00:09
age27_017788.jpg,train,lips_masked,no_face_detected,2026-09-09T17:00:09
age42_064656.jpg,train,lips_masked,no_face_detected,2026-09-09T17:00:10
age47_038490.jpg,train,lips_masked,no_face_detected,2026-09-09T17:00:10
age22_057190.jpg,train,lips_masked,no_face_detected,2026-09-09T17:00:10
age60_077736.jpg,train,lips_masked,no_face_detected,2026-09-09T17:00:10
age38_068110.jpg,train,lips_masked,no_face_detected,2026-09-09T17:00:10
age66_035788.jpg,train,lips_masked,no_face_detected,2026-09-09T17:00:11
age38_067618.jpg,train,lips_masked,no_face_detected,2026-09-09T17:00:11
age57_077953.jpg,train,lips_masked,no_face_detected,2026-09-09T17:00:11
age6_009904.jpg,train,lips_masked,no_face_detected,2026-09-09T17:00:11
age58_077258.jpg,train,lips_masked,no_face_detected,2026-09-09T17:00:12
age47_040545.jpg,train,lips_masked,no_face_detected,2026-09-09T17:00:12
age31_016321.jpg,train,lips_masked,no_face_detected,2026-09-09T17:00:12
age20_073307.jpg,train,lips_masked,no_face_detected,2026-09-09T17:00:12
age55_064189.jpg,train,lips_masked,no_face_detected,2026-09-09T17:00:13
age47_042943.jpg,train,lips_masked,no_face_detected,2026-09-09T17:00:13
age34_015206.jpg,train,lips_masked,no_face_detected,2026-09-09T17:00:14
age60_078296.jpg,train,lips_masked,no_face_detected,2026-09-09T17:00:14
age34_019128.jpg,train,lips_masked,no_face_detected,2026-09-09T17:00:14
age72_029451.jpg,train,lips_masked,no_face_detected,2026-09-09T17:00:14
age50_042485.jpg,train,lips_masked,no_face_detected,2026-09-09T17:00:14
age21_055329.jpg,train,lips_masked,no_face_detected,2026-09-09T17:00:14
age67_036189.jpg,train,lips_masked,no_face_detected,2026-09-09T17:00:15
age11_001216.jpg,train,lips_masked,no_face_detected,2026-09-09T17:00:15
age41_064358.jpg,train,lips_masked,no_face_detected,2026-09-09T17:00:15
age4_054268.jpg,train,lips_masked,no_face_detected,2026-09-09T17:00:15
age44_028215.jpg,train,lips_masked,no_face_detected,2026-09-09T17:00:15
age10_007218.jpg,train,lips_masked,no_face_detected,2026-09-09T17:00:15
age27_022188.jpg,train,lips_masked,no_face_detected,2026-09-09T17:00:15
age11_002599.jpg,train,lips_masked,no_face_detected,2026-09-09T17:00:15
age47_041053.jpg,train,lips_masked,no_face_detected,2026-09-09T17:00:16
age66_035048.jpg,train,lips_masked,no_face_detected,2026-09-09T17:00:16
age6_010601.jpg,train,lips_masked,no_face_detected,2026-09-09T17:00:16
age62_079317.jpg,train,lips_masked,no_face_detected,2026-09-09T17:00:16
age40_064342.jpg,train,lips_masked,no_face_detected,2026-09-09T17:00:16
age10_012171.jpg,train,lips_masked,no_face_detected,2026-09-09T17:00:16
age42_045067.jpg,train,lips_masked,no_face_detected,2026-09-09T17:00:16
age62_081533.jpg,train,lips_masked,no_face_detected,2026-09-09T17:00:16
age62_080754.jpg,train,lips_masked,no_face_detected,2026-09-09T17:00:17
age61_078387.jpg,train,lips_masked,no_face_detected,2026-09-09T17:00:17
age47_038230.jpg,train,lips_masked,no_face_detected,2026-09-09T17:00:17
age49_021787.jpg,train,lips_masked,no_face_detected,2026-09-09T17:00:17
age43_062163.jpg,train,lips_masked,no_face_detected,2026-09-09T17:00:17
age74_030491.jpg,train,lips_masked,no_face_detected,2026-09-09T17:00:17
age24_023972.jpg,train,lips_masked,no_face_detected,2026-09-09T17:00:17
age34_017923.jpg,train,lips_masked,no_face_detected,2026-09-09T17:00:17
age19_074718.jpg,train,lips_masked,no_face_detected,2026-09-09T17:00:17
age21_058937.jpg,train,lips_masked,no_face_detected,2026-09-09T17:00:18
age38_068556.jpg,train,lips_masked,no_face_detected,2026-09-09T17:00:18
age47_015810.jpg,train,lips_masked,no_face_detected,2026-09-09T17:00:18
age69_032363.jpg,train,lips_masked,no_face_detected,2026-09-09T17:00:18
age56_050153.jpg,train,lips_masked,no_face_detected,2026-09-09T17:00:18
age4_007232.jpg,train,lips_masked,no_face_detected,2026-09-09T17:00:18
age73_027409.jpg,train,lips_masked,no_face_detected,2026-09-09T17:00:19
age77_083048.jpg,train,lips_masked,no_face_detected,2026-09-09T17:00:19
age34_018671.jpg,train,lips_masked,no_face_detected,2026-09-09T17:00:19
age40_009575.jpg,train,lips_masked,no_face_detected,2026-09-09T17:00:19
age27_022770.jpg,train,lips_masked,no_face_detected,2026-09-09T17:00:19
age27_026341.jpg,train,lips_masked,no_face_detected,2026-09-09T17:00:19
age62_082355.jpg,train,lips_masked,no_face_detected,2026-09-09T17:00:19
age38_016905.jpg,train,lips_masked,no_face_detected,2026-09-09T17:00:19
age61_044267.jpg,train,lips_masked,no_face_detected,2026-09-09T17:00:20
age45_024375.jpg,train,lips_masked,no_face_detected,2026-09-09T17:00:20
age6_009821.jpg,train,lips_masked,no_face_detected,2026-09-09T17:00:20
age16_070591.jpg,train,lips_masked,no_face_detected,2026-09-09T17:00:20
age73_024479.jpg,train,lips_masked,no_face_detected,2026-09-09T17:00:20
age55_047505.jpg,train,lips_masked,no_face_detected,2026-09-09T17:00:20
age34_014316.jpg,train,lips_masked,no_face_detected,2026-09-09T17:00:20
age34_019158.jpg,train,lips_masked,no_face_detected,2026-09-09T17:00:20
age15_003087.jpg,train,lips_masked,no_face_detected,2026-09-09T17:00:21
age10_001386.jpg,train,lips_masked,no_face_detected,2026-09-09T17:00:21
age74_028293.jpg,train,lips_masked,no_face_detected,2026-09-09T17:00:21
age72_030241.jpg,train,lips_masked,no_face_detected,2026-09-09T17:00:21
age53_044755.jpg,train,lips_masked,no_face_detected,2026-09-09T17:00:21
age38_069489.jpg,train,lips_masked,no_face_detected,2026-09-09T17:00:21
age39_036357.jpg,train,lips_masked,no_face_detected,2026-09-09T17:00:21
age34_020125.jpg,train,lips_masked,no_face_detected,2026-09-09T17:00:21
age47_038443.jpg,train,lips_masked,no_face_detected,2026-09-09T17:00:22
age78_083003.jpg,train,lips_masked,no_face_detected,2026-09-09T17:00:22
35_1_1_20170117190443525.jpg,train,lips_masked,no_face_detected,2026-09-09T17:00:22
age47_024133.jpg,train,lips_masked,no_face_detected,2026-09-09T17:00:22
age11_003920.jpg,train,lips_masked,no_face_detected,2026-09-09T17:00:22
age47_033489.jpg,train,lips_masked,no_face_detected,2026-09-09T17:00:22
age6_007663.jpg,train,lips_masked,no_face_detected,2026-09-09T17:00:22
age31_015712.jpg,train,lips_masked,no_face_detected,2026-09-09T17:00:22
age73_030150.jpg,train,lips_masked,no_face_detected,2026-09-09T17:00:23
age31_019027.jpg,train,lips_masked,no_face_detected,2026-09-09T17:00:23
age17_072187.jpg,train,lips_masked,no_face_detected,2026-09-09T17:00:23
age55_049375.jpg,train,lips_masked,no_face_detected,2026-09-09T17:00:23
age25_022034.jpg,train,lips_masked,no_face_detected,2026-09-09T17:00:23
age58_075786.jpg,train,lips_masked,no_face_detected,2026-09-09T17:00:23
age88_027254.jpg,train,lips_masked,no_face_detected,2026-09-09T17:00:23
age6_010776.jpg,train,lips_masked,no_face_detected,2026-09-09T17:00:24
age50_048040.jpg,train,lips_masked,no_face_detected,2026-09-09T17:00:24
age37_065226.jpg,train,lips_masked,no_face_detected,2026-09-09T17:00:24
age41_019442.jpg,train,lips_masked,no_face_detected,2026-09-09T17:00:24
age31_020661.jpg,train,lips_masked,no_face_detected,2026-09-09T17:00:24
age55_077590.jpg,train,lips_masked,no_face_detected,2026-09-09T17:00:25
age27_021961.jpg,train,lips_masked,no_face_detected,2026-09-09T17:00:25
age57_078127.jpg,train,lips_masked,no_face_detected,2026-09-09T17:00:25
age31_019496.jpg,train,lips_masked,no_face_detected,2026-09-09T17:00:25
age38_066045.jpg,train,lips_masked,no_face_detected,2026-09-09T17:00:25
age38_069198.jpg,train,lips_masked,no_face_detected,2026-09-09T17:00:25
age55_047284.jpg,train,lips_masked,no_face_detected,2026-09-09T17:00:25
age41_063637.jpg,train,lips_masked,no_face_detected,2026-09-09T17:00:25
age59_036792.jpg,train,lips_masked,no_face_detected,2026-09-09T17:00:26
age55_078731.jpg,train,lips_masked,no_face_detected,2026-09-09T17:00:26
age57_066059.jpg,train,lips_masked,no_face_detected,2026-09-09T17:00:26
age68_032571.jpg,train,lips_masked,no_face_detected,2026-09-09T17:00:26
age36_067202.jpg,train,lips_masked,no_face_detected,2026-09-09T17:00:26
age40_064195.jpg,train,lips_masked,no_face_detected,2026-09-09T17:00:26
age76_083042.jpg,train,lips_masked,no_face_detected,2026-09-09T17:00:27
age11_000405.jpg,train,lips_masked,no_face_detected,2026-09-09T17:00:27
age61_078676.jpg,train,lips_masked,no_face_detected,2026-09-09T17:00:27
age17_074089.jpg,train,lips_masked,no_face_detected,2026-09-09T17:00:27
age47_043137.jpg,train,lips_masked,no_face_detected,2026-09-09T17:00:27
age40_062813.jpg,train,lips_masked,no_face_detected,2026-09-09T17:00:27
age53_049680.jpg,train,lips_masked,no_face_detected,2026-09-09T17:00:27
age84_084130.jpg,train,lips_masked,no_face_detected,2026-09-09T17:00:28
age45_042077.jpg,train,lips_masked,no_face_detected,2026-09-09T17:00:28
age57_079013.jpg,train,lips_masked,no_face_detected,2026-09-09T17:00:28
age13_005811.jpg,train,lips_masked,no_face_detected,2026-09-09T17:00:28
age48_027522.jpg,train,lips_masked,no_face_detected,2026-09-09T17:00:28
age68_030524.jpg,train,lips_masked,no_face_detected,2026-09-09T17:00:28
age18_072492.jpg,train,lips_masked,no_face_detected,2026-09-09T17:00:29
age4_054477.jpg,train,lips_masked,no_face_detected,2026-09-09T17:00:29
age15_006572.jpg,train,lips_masked,no_face_detected,2026-09-09T17:00:29
age67_031710.jpg,train,lips_masked,no_face_detected,2026-09-09T17:00:29
age4_051888.jpg,train,lips_masked,no_face_detected,2026-09-09T17:00:29
age33_016505.jpg,train,lips_masked,no_face_detected,2026-09-09T17:00:29
age62_063754.jpg,train,lips_masked,no_face_detected,2026-09-09T17:00:29
age46_039741.jpg,train,lips_masked,no_face_detected,2026-09-09T17:00:30
age20_057700.jpg,train,lips_masked,no_face_detected,2026-09-09T17:00:30
age47_044013.jpg,train,lips_masked,no_face_detected,2026-09-09T17:00:30
age6_005599.jpg,train,lips_masked,no_face_detected,2026-09-09T17:00:30
age27_022118.jpg,train,lips_masked,no_face_detected,2026-09-09T17:00:30
age65_080924.jpg,train,lips_masked,no_face_detected,2026-09-09T17:00:30
age76_083202.jpg,train,lips_masked,no_face_detected,2026-09-09T17:00:30
age47_037272.jpg,train,lips_masked,no_face_detected,2026-09-09T17:00:31
age48_039609.jpg,train,lips_masked,no_face_detected,2026-09-09T17:00:31
age75_028132.jpg,train,lips_masked,no_face_detected,2026-09-09T17:00:31
age48_040143.jpg,train,lips_masked,no_face_detected,2026-09-09T17:00:31
age32_020501.jpg,train,lips_masked,no_face_detected,2026-09-09T17:00:31
age27_023751.jpg,train,lips_masked,no_face_detected,2026-09-09T17:00:29
age31_014445.jpg,train,lips_masked,no_face_detected,2026-09-09T17:00:29
35_0_0_20170116174756926.jpg,train,lips_masked,no_face_detected,2026-09-09T17:00:29
age48_040136.jpg,train,lips_masked,no_face_detected,2026-09-09T17:00:29
age70_027709.jpg,train,lips_masked,no_face_detected,2026-09-09T17:00:29
age34_016299.jpg,train,lips_masked,no_face_detected,2026-09-09T17:00:29
age8_008146.jpg,train,lips_masked,no_face_detected,2026-09-09T17:00:30
age10_012961.jpg,train,lips_masked,no_face_detected,2026-09-09T17:00:30
age30_016075.jpg,train,lips_masked,no_face_detected,2026-09-09T17:00:30
age79_083564.jpg,train,lips_masked,no_face_detected,2026-09-09T17:00:30
age47_038084.jpg,train,lips_masked,no_face_detected,2026-09-09T17:00:30
age71_029168.jpg,train,lips_masked,no_face_detected,2026-09-09T17:00:30
age55_078301.jpg,train,lips_masked,no_face_detected,2026-09-09T17:00:30
age27_023091.jpg,train,lips_masked,no_face_detected,2026-09-09T17:00:30
age44_015839.jpg,train,lips_masked,no_face_detected,2026-09-09T17:00:30
age20_073281.jpg,train,lips_masked,no_face_detected,2026-09-09T17:00:31
age34_014100.jpg,train,lips_masked,no_face_detected,2026-09-09T17:00:31
age25_058575.jpg,train,lips_masked,no_face_detected,2026-09-09T17:00:31
age27_027058.jpg,train,lips_masked,no_face_detected,2026-09-09T17:00:31
age6_011509.jpg,train,lips_masked,no_face_detected,2026-09-09T17:00:31
age4_052797.jpg,train,lips_masked,no_face_detected,2026-09-09T17:00:31
age18_059229.jpg,train,lips_masked,no_face_detected,2026-09-09T17:00:31
age86_027258.jpg,train,lips_masked,no_face_detected,2026-09-09T17:00:32
age34_015807.jpg,train,lips_masked,no_face_detected,2026-09-09T17:00:32
age69_036306.jpg,train,lips_masked,no_face_detected,2026-09-09T17:00:32
age41_064612.jpg,train,lips_masked,no_face_detected,2026-09-09T17:00:32
age4_053722.jpg,train,lips_masked,no_face_detected,2026-09-09T17:00:32
age64_082391.jpg,train,lips_masked,no_face_detected,2026-09-09T17:00:32
age41_060958.jpg,train,lips_masked,no_face_detected,2026-09-09T17:00:32
age48_043259.jpg,train,lips_masked,no_face_detected,2026-09-09T17:00:32
age49_041528.jpg,train,lips_masked,no_face_detected,2026-09-09T17:00:32
age71_028530.jpg,train,lips_masked,no_face_detected,2026-09-09T17:00:33
age38_016829.jpg,train,lips_masked,no_face_detected,2026-09-09T17:00:33
age65_033444.jpg,train,lips_masked,no_face_detected,2026-09-09T17:00:33
age58_076900.jpg,train,lips_masked,no_face_detected,2026-09-09T17:00:33
age13_000560.jpg,train,lips_masked,no_face_detected,2026-09-09T17:00:33
age21_057000.jpg,train,lips_masked,no_face_detected,2026-09-09T17:00:33
age55_048281.jpg,train,lips_masked,no_face_detected,2026-09-09T17:00:33
age27_024139.jpg,train,lips_masked,no_face_detected,2026-09-09T17:00:33
age37_068494.jpg,train,lips_masked,no_face_detected,2026-09-09T17:00:34
age41_063840.jpg,train,lips_masked,no_face_detected,2026-09-09T17:00:34
age46_007061.jpg,train,lips_masked,no_face_detected,2026-09-09T17:00:34
age64_080288.jpg,train,lips_masked,no_face_detected,2026-09-09T17:00:34
age30_017892.jpg,train,lips_masked,no_face_detected,2026-09-09T17:00:34
age27_025076.jpg,train,lips_masked,no_face_detected,2026-09-09T17:00:34
age27_025408.jpg,train,lips_masked,no_face_detected,2026-09-09T17:00:34
age60_082304.jpg,train,lips_masked,no_face_detected,2026-09-09T17:00:35
age37_065741.jpg,train,lips_masked,no_face_detected,2026-09-09T17:00:35
age3_051692.jpg,train,lips_masked,no_face_detected,2026-09-09T17:00:35
age41_063883.jpg,train,lips_masked,no_face_detected,2026-09-09T17:00:35
age54_048889.jpg,train,lips_masked,no_face_detected,2026-09-09T17:00:35
age20_074799.jpg,train,lips_masked,no_face_detected,2026-09-09T17:00:35
age4_051906.jpg,train,lips_masked,no_face_detected,2026-09-09T17:00:36
age5_011292.jpg,train,lips_masked,no_face_detected,2026-09-09T17:00:36
age78_083229.jpg,train,lips_masked,no_face_detected,2026-09-09T17:00:36
age13_004313.jpg,train,lips_masked,no_face_detected,2026-09-09T17:00:36
age32_019091.jpg,train,lips_masked,no_face_detected,2026-09-09T17:00:36
age50_046165.jpg,train,lips_masked,no_face_detected,2026-09-09T17:00:36
age78_042466.jpg,train,lips_masked,no_face_detected,2026-09-09T17:00:37
age18_072718.jpg,train,lips_masked,no_face_detected,2026-09-09T17:00:37
age39_033609.jpg,train,lips_masked,no_face_detected,2026-09-09T17:00:37
age40_064165.jpg,train,lips_masked,no_face_detected,2026-09-09T17:00:37
age36_070179.jpg,train,lips_masked,no_face_detected,2026-09-09T17:00:37
age45_064894.jpg,train,lips_masked,no_face_detected,2026-09-09T17:00:37
age6_002698.jpg,train,lips_masked,no_face_detected,2026-09-09T17:00:37
age38_069020.jpg,train,lips_masked,no_face_detected,2026-09-09T17:00:37
age18_021989.jpg,train,lips_masked,no_face_detected,2026-09-09T17:00:38
age4_053997.jpg,train,lips_masked,no_face_detected,2026-09-09T17:00:38
age47_036991.jpg,train,lips_masked,no_face_detected,2026-09-09T17:00:38
age73_028662.jpg,train,lips_masked,no_face_detected,2026-09-09T17:00:38
age61_082113.jpg,train,lips_masked,no_face_detected,2026-09-09T17:00:38
age34_017907.jpg,train,lips_masked,no_face_detected,2026-09-09T17:00:38
age40_063002.jpg,train,lips_masked,no_face_detected,2026-09-09T17:00:39
age58_077032.jpg,train,lips_masked,no_face_detected,2026-09-09T17:00:39
age60_077700.jpg,train,lips_masked,no_face_detected,2026-09-09T17:00:39
age26_026527.jpg,train,lips_masked,no_face_detected,2026-09-09T17:00:39
age27_014893.jpg,train,lips_masked,no_face_detected,2026-09-09T17:00:39
age38_066468.jpg,train,lips_masked,no_face_detected,2026-09-09T17:00:39
age6_007430.jpg,train,lips_masked,no_face_detected,2026-09-09T17:00:40
age34_020860.jpg,train,lips_masked,no_face_detected,2026-09-09T17:00:40
age9_010980.jpg,train,lips_masked,no_face_detected,2026-09-09T17:00:40
age34_015099.jpg,train,lips_masked,no_face_detected,2026-09-09T17:00:40
age25_024324.jpg,train,lips_masked,no_face_detected,2026-09-09T17:00:40
age37_038030.jpg,train,lips_masked,no_face_detected,2026-09-09T17:00:41
age34_016903.jpg,train,lips_masked,no_face_detected,2026-09-09T17:00:41
age6_013212.jpg,train,lips_masked,no_face_detected,2026-09-09T17:00:41
age74_029019.jpg,train,lips_masked,no_face_detected,2026-09-09T17:00:41
age27_011094.jpg,train,lips_masked,no_face_detected,2026-09-09T17:00:41
age48_003684.jpg,train,lips_masked,no_face_detected,2026-09-09T17:00:42
age20_072740.jpg,train,lips_masked,no_face_detected,2026-09-09T17:00:42
age51_049329.jpg,train,lips_masked,no_face_detected,2026-09-09T17:00:42
age70_031510.jpg,train,lips_masked,no_face_detected,2026-09-09T17:00:42
age13_006526.jpg,train,lips_masked,no_face_detected,2026-09-09T17:00:42
age60_079185.jpg,train,lips_masked,no_face_detected,2026-09-09T17:00:43
age40_060404.jpg,train,lips_masked,no_face_detected,2026-09-09T17:00:43
age61_080137.jpg,train,lips_masked,no_face_detected,2026-09-09T17:00:43
age47_043333.jpg,train,lips_masked,no_face_detected,2026-09-09T17:00:43
age70_031363.jpg,train,lips_masked,no_face_detected,2026-09-09T17:00:43
age62_064930.jpg,train,lips_masked,no_face_detected,2026-09-09T17:00:43
age22_057720.jpg,train,lips_masked,no_face_detected,2026-09-09T17:00:44
age37_042130.jpg,train,lips_masked,no_face_detected,2026-09-09T17:00:44
age27_025709.jpg,train,lips_masked,no_face_detected,2026-09-09T17:00:44
age39_042567.jpg,train,lips_masked,no_face_detected,2026-09-09T17:00:44
age44_035819.jpg,train,lips_masked,no_face_detected,2026-09-09T17:00:44
age64_081391.jpg,train,lips_masked,no_face_detected,2026-09-09T17:00:44
age50_049950.jpg,train,lips_masked,no_face_detected,2026-09-09T17:00:45
age5_007008.jpg,train,lips_masked,no_face_detected,2026-09-09T17:00:45
age58_078140.jpg,train,lips_masked,no_face_detected,2026-09-09T17:00:45
age76_063679.jpg,train,lips_masked,no_face_detected,2026-09-09T17:00:45
age57_078873.jpg,train,lips_masked,no_face_detected,2026-09-09T17:00:45
age68_035689.jpg,train,lips_masked,no_face_detected,2026-09-09T17:00:45
age40_069619.jpg,train,lips_masked,no_face_detected,2026-09-09T17:00:46
age60_077310.jpg,train,lips_masked,no_face_detected,2026-09-09T17:00:46
age7_013536.jpg,train,lips_masked,no_face_detected,2026-09-09T17:00:46
age34_017161.jpg,train,lips_masked,no_face_detected,2026-09-09T17:00:46
age37_068623.jpg,train,lips_masked,no_face_detected,2026-09-09T17:00:46
age55_047882.jpg,train,lips_masked,no_face_detected,2026-09-09T17:00:46
age70_036139.jpg,train,lips_masked,no_face_detected,2026-09-09T17:00:46
age47_040798.jpg,train,lips_masked,no_face_detected,2026-09-09T17:00:46
age40_068410.jpg,train,lips_masked,no_face_detected,2026-09-09T17:00:46
age67_036530.jpg,train,lips_masked,no_face_detected,2026-09-09T17:00:46
age47_041714.jpg,train,lips_masked,no_face_detected,2026-09-09T17:00:46
age48_042946.jpg,train,lips_masked,no_face_detected,2026-09-09T17:00:46
age37_068130.jpg,train,lips_masked,no_face_detected,2026-09-09T17:00:46
age29_022255.jpg,train,lips_masked,no_face_detected,2026-09-09T17:00:47
age31_016575.jpg,train,lips_masked,no_face_detected,2026-09-09T17:00:47
age79_083320.jpg,train,lips_masked,no_face_detected,2026-09-09T17:00:47
age42_063752.jpg,train,lips_masked,no_face_detected,2026-09-09T17:00:47
age45_016924.jpg,train,lips_masked,no_face_detected,2026-09-09T17:00:48
age4_054587.jpg,train,lips_masked,no_face_detected,2026-09-09T17:00:48
age53_012325.jpg,train,lips_masked,no_face_detected,2026-09-09T17:00:48
age2_054625.jpg,train,lips_masked,no_face_detected,2026-09-09T17:00:48
age48_035474.jpg,train,lips_masked,no_face_detected,2026-09-09T17:00:48
age72_027657.jpg,train,lips_masked,no_face_detected,2026-09-09T17:00:48
age55_078537.jpg,train,lips_masked,no_face_detected,2026-09-09T17:00:48
age41_064341.jpg,train,lips_masked,no_face_detected,2026-09-09T17:00:49
age46_025880.jpg,train,lips_masked,no_face_detected,2026-09-09T17:00:49
age62_080832.jpg,train,lips_masked,no_face_detected,2026-09-09T17:00:49
age38_067388.jpg,train,lips_masked,no_face_detected,2026-09-09T17:00:49
age27_021903.jpg,train,lips_masked,no_face_detected,2026-09-09T17:00:49
age50_040866.jpg,train,lips_masked,no_face_detected,2026-09-09T17:00:50
age6_010216.jpg,train,lips_masked,no_face_detected,2026-09-09T17:00:50
age17_058501.jpg,train,lips_masked,no_face_detected,2026-09-09T17:00:50
age27_025780.jpg,train,lips_masked,no_face_detected,2026-09-09T17:00:50
age64_039748.jpg,train,lips_masked,no_face_detected,2026-09-09T17:00:50
age27_023072.jpg,train,lips_masked,no_face_detected,2026-09-09T17:00:50
age6_011440.jpg,train,lips_masked,no_face_detected,2026-09-09T17:00:51
age47_044121.jpg,train,lips_masked,no_face_detected,2026-09-09T17:00:51
age67_032439.jpg,train,lips_masked,no_face_detected,2026-09-09T17:00:51
age2_052129.jpg,train,lips_masked,no_face_detected,2026-09-09T17:00:51
age13_001202.jpg,train,lips_masked,no_face_detected,2026-09-09T17:00:51
age58_076529.jpg,train,lips_masked,no_face_detected,2026-09-09T17:00:51
age19_073203.jpg,train,lips_masked,no_face_detected,2026-09-09T17:00:51
age15_005559.jpg,train,lips_masked,no_face_detected,2026-09-09T17:00:52
age55_047072.jpg,train,lips_masked,no_face_detected,2026-09-09T17:00:52
age44_064188.jpg,train,lips_masked,no_face_detected,2026-09-09T17:00:52
age18_072976.jpg,train,lips_masked,no_face_detected,2026-09-09T17:00:52
age4_053360.jpg,train,lips_masked,no_face_detected,2026-09-09T17:00:52
age73_027693.jpg,train,lips_masked,no_face_detected,2026-09-09T17:00:52
age31_013919.jpg,train,lips_masked,no_face_detected,2026-09-09T17:00:52
age58_078309.jpg,train,lips_masked,no_face_detected,2026-09-09T17:00:53
age3_020051.jpg,train,lips_masked,no_face_detected,2026-09-09T17:00:53
age4_053721.jpg,train,lips_masked,no_face_detected,2026-09-09T17:00:53
age58_079164.jpg,train,lips_masked,no_face_detected,2026-09-09T17:00:53
age37_065189.jpg,train,lips_masked,no_face_detected,2026-09-09T17:00:53
age48_038754.jpg,train,lips_masked,no_face_detected,2026-09-09T17:00:53
age12_006639.jpg,train,lips_masked,no_face_detected,2026-09-09T17:00:53
age34_017995.jpg,train,lips_masked,no_face_detected,2026-09-09T17:00:53
age55_050291.jpg,train,lips_masked,no_face_detected,2026-09-09T17:00:54
age45_064161.jpg,train,lips_masked,no_face_detected,2026-09-09T17:00:54
age27_026575.jpg,train,lips_masked,no_face_detected,2026-09-09T17:00:54
age37_067136.jpg,train,lips_masked,no_face_detected,2026-09-09T17:00:54
age48_039477.jpg,train,lips_masked,no_face_detected,2026-09-09T17:00:54
age68_031268.jpg,train,lips_masked,no_face_detected,2026-09-09T17:00:54
age57_075616.jpg,train,lips_masked,no_face_detected,2026-09-09T17:00:55
age77_082990.jpg,train,lips_masked,no_face_detected,2026-09-09T17:00:55
age42_064154.jpg,train,lips_masked,no_face_detected,2026-09-09T17:00:55
age2_050448.jpg,train,lips_masked,no_face_detected,2026-09-09T17:00:55
age57_075538.jpg,train,lips_masked,no_face_detected,2026-09-09T17:00:55
age34_014084.jpg,train,lips_masked,no_face_detected,2026-09-09T17:00:55
age55_079087.jpg,train,lips_masked,no_face_detected,2026-09-09T17:00:55
age8_008229.jpg,train,lips_masked,no_face_detected,2026-09-09T17:00:56
age36_069849.jpg,train,lips_masked,no_face_detected,2026-09-09T17:00:56
age64_080370.jpg,train,lips_masked,no_face_detected,2026-09-09T17:00:56
age27_022187.jpg,train,lips_masked,no_face_detected,2026-09-09T17:00:56
age10_001044.jpg,train,lips_masked,no_face_detected,2026-09-09T17:00:56
age60_077397.jpg,train,lips_masked,no_face_detected,2026-09-09T17:00:57
age32_019291.jpg,train,lips_masked,no_face_detected,2026-09-09T17:00:57
age37_047192.jpg,train,lips_masked,no_face_detected,2026-09-09T17:00:57
age31_015450.jpg,train,lips_masked,no_face_detected,2026-09-09T17:00:57
age47_035506.jpg,train,lips_masked,no_face_detected,2026-09-09T17:00:57
age31_017162.jpg,train,lips_masked,no_face_detected,2026-09-09T17:00:57
age61_080583.jpg,train,lips_masked,no_face_detected,2026-09-09T17:00:57
age77_083565.jpg,train,lips_masked,no_face_detected,2026-09-09T17:00:58
age27_025143.jpg,train,lips_masked,no_face_detected,2026-09-09T17:00:58
age36_069421.jpg,train,lips_masked,no_face_detected,2026-09-09T17:00:58
age41_063152.jpg,train,lips_masked,no_face_detected,2026-09-09T17:00:58
age73_029725.jpg,train,lips_masked,no_face_detected,2026-09-09T17:00:58
age65_079426.jpg,train,lips_masked,no_face_detected,2026-09-09T17:00:58
age40_067470.jpg,train,lips_masked,no_face_detected,2026-09-09T17:00:58
age18_025897.jpg,train,lips_masked,no_face_detected,2026-09-09T17:00:58
age10_004467.jpg,train,lips_masked,no_face_detected,2026-09-09T17:00:58
age34_017685.jpg,train,lips_masked,no_face_detected,2026-09-09T17:00:58
age17_074501.jpg,train,lips_masked,no_face_detected,2026-09-09T17:00:59
age6_008844.jpg,train,lips_masked,no_face_detected,2026-09-09T17:00:59
age40_067671.jpg,train,lips_masked,no_face_detected,2026-09-09T17:00:59
age45_061152.jpg,train,lips_masked,no_face_detected,2026-09-09T17:00:59
age30_019535.jpg,train,lips_masked,no_face_detected,2026-09-09T17:00:59
age6_009548.jpg,train,lips_masked,no_face_detected,2026-09-09T17:00:59
age47_011487.jpg,train,lips_masked,no_face_detected,2026-09-09T17:00:59
age4_055050.jpg,train,lips_masked,no_face_detected,2026-09-09T17:00:59
age40_062864.jpg,train,lips_masked,no_face_detected,2026-09-09T17:00:59
age22_026273.jpg,train,lips_masked,no_face_detected,2026-09-09T17:01:00
age35_020564.jpg,train,lips_masked,no_face_detected,2026-09-09T17:01:00
age54_047660.jpg,train,lips_masked,no_face_detected,2026-09-09T17:01:00
age32_018148.jpg,train,lips_masked,no_face_detected,2026-09-09T17:01:00
age47_042161.jpg,train,lips_masked,no_face_detected,2026-09-09T17:01:00
age89_027239.jpg,train,lips_masked,no_face_detected,2026-09-09T17:01:01
age51_050022.jpg,train,lips_masked,no_face_detected,2026-09-09T17:01:01
age70_030065.jpg,train,lips_masked,no_face_detected,2026-09-09T17:00:58
age34_018331.jpg,train,lips_masked,no_face_detected,2026-09-09T17:00:58
age25_024610.jpg,train,lips_masked,no_face_detected,2026-09-09T17:00:58
age60_081814.jpg,train,lips_masked,no_face_detected,2026-09-09T17:00:59
age55_045841.jpg,train,lips_masked,no_face_detected,2026-09-09T17:00:59
age71_028534.jpg,train,lips_masked,no_face_detected,2026-09-09T17:00:59
age10_007660.jpg,train,lips_masked,no_face_detected,2026-09-09T17:01:00
age55_035119.jpg,train,lips_masked,no_face_detected,2026-09-09T17:01:00
age13_000519.jpg,train,lips_masked,no_face_detected,2026-09-09T17:01:00
age2_052507.jpg,train,lips_masked,no_face_detected,2026-09-09T17:01:00
age17_024642.jpg,train,lips_masked,no_face_detected,2026-09-09T17:01:00
age4_050706.jpg,train,lips_masked,no_face_detected,2026-09-09T17:01:01
age6_009647.jpg,train,lips_masked,no_face_detected,2026-09-09T17:01:01
age11_002690.jpg,train,lips_masked,no_face_detected,2026-09-09T17:01:01
age38_066341.jpg,train,lips_masked,no_face_detected,2026-09-09T17:01:02
age38_066695.jpg,train,lips_masked,no_face_detected,2026-09-09T17:01:02
age48_000955.jpg,train,lips_masked,no_face_detected,2026-09-09T17:01:02
age4_052083.jpg,train,lips_masked,no_face_detected,2026-09-09T17:01:02
age6_009038.jpg,train,lips_masked,no_face_detected,2026-09-09T17:01:02
age58_078669.jpg,train,lips_masked,no_face_detected,2026-09-09T17:01:03
age54_046294.jpg,train,lips_masked,no_face_detected,2026-09-09T17:01:03
age62_081599.jpg,train,lips_masked,no_face_detected,2026-09-09T17:01:03
age28_025745.jpg,train,lips_masked,no_face_detected,2026-09-09T17:01:03
age27_023298.jpg,train,lips_masked,no_face_detected,2026-09-09T17:01:04
age78_082942.jpg,train,lips_masked,no_face_detected,2026-09-09T17:01:04
age6_013475.jpg,train,lips_masked,no_face_detected,2026-09-09T17:01:04
age9_010415.jpg,train,lips_masked,no_face_detected,2026-09-09T17:01:04
age38_066121.jpg,train,lips_masked,no_face_detected,2026-09-09T17:01:04
age46_030446.jpg,train,lips_masked,no_face_detected,2026-09-09T17:01:04
age63_068677.jpg,train,lips_masked,no_face_detected,2026-09-09T17:01:05
age27_022671.jpg,train,lips_masked,no_face_detected,2026-09-09T17:01:05
age41_063958.jpg,train,lips_masked,no_face_detected,2026-09-09T17:01:05
age40_065484.jpg,train,lips_masked,no_face_detected,2026-09-09T17:01:05
age31_017400.jpg,train,lips_masked,no_face_detected,2026-09-09T17:01:05
age27_023206.jpg,train,lips_masked,no_face_detected,2026-09-09T17:01:05
age17_074842.jpg,train,lips_masked,no_face_detected,2026-09-09T17:01:05
age34_014570.jpg,train,lips_masked,no_face_detected,2026-09-09T17:01:06
age50_048076.jpg,train,lips_masked,no_face_detected,2026-09-09T17:01:06
age22_002546.jpg,train,lips_masked,no_face_detected,2026-09-09T17:01:06
age10_003662.jpg,train,lips_masked,no_face_detected,2026-09-09T17:01:06
age57_003915.jpg,train,lips_masked,no_face_detected,2026-09-09T17:01:06
age64_076324.jpg,train,lips_masked,no_face_detected,2026-09-09T17:01:06
age27_024454.jpg,train,lips_masked,no_face_detected,2026-09-09T17:01:06
age40_067515.jpg,train,lips_masked,no_face_detected,2026-09-09T17:01:06
age50_049070.jpg,train,lips_masked,no_face_detected,2026-09-09T17:01:07
age60_076131.jpg,train,lips_masked,no_face_detected,2026-09-09T17:01:07
age31_015087.jpg,train,lips_masked,no_face_detected,2026-09-09T17:01:07
age4_052538.jpg,train,lips_masked,no_face_detected,2026-09-09T17:01:07
age27_024145.jpg,train,lips_masked,no_face_detected,2026-09-09T17:01:07
age38_066366.jpg,train,lips_masked,no_face_detected,2026-09-09T17:01:07
age58_078918.jpg,train,lips_masked,no_face_detected,2026-09-09T17:01:07
age44_029118.jpg,train,lips_masked,no_face_detected,2026-09-09T17:01:07
age48_043340.jpg,train,lips_masked,no_face_detected,2026-09-09T17:01:08
age76_082940.jpg,train,lips_masked,no_face_detected,2026-09-09T17:01:08
age62_033867.jpg,train,lips_masked,no_face_detected,2026-09-09T17:01:08
age27_022788.jpg,train,lips_masked,no_face_detected,2026-09-09T17:01:08
age45_043372.jpg,train,lips_masked,no_face_detected,2026-09-09T17:01:08
age69_032127.jpg,train,lips_masked,no_face_detected,2026-09-09T17:01:08
age57_078088.jpg,train,lips_masked,no_face_detected,2026-09-09T17:01:08
age37_065810.jpg,train,lips_masked,no_face_detected,2026-09-09T17:01:09
age10_009019.jpg,train,lips_masked,no_face_detected,2026-09-09T17:01:09
age58_077067.jpg,train,lips_masked,no_face_detected,2026-09-09T17:01:09
age75_083467.jpg,train,lips_masked,no_face_detected,2026-09-09T17:01:09
age6_006829.jpg,train,lips_masked,no_face_detected,2026-09-09T17:01:09
age10_013754.jpg,train,lips_masked,no_face_detected,2026-09-09T17:01:09
age6_007890.jpg,train,lips_masked,no_face_detected,2026-09-09T17:01:09
age10_001078.jpg,train,lips_masked,no_face_detected,2026-09-09T17:01:09
age10_012286.jpg,train,lips_masked,no_face_detected,2026-09-09T17:01:09
age38_067111.jpg,train,lips_masked,no_face_detected,2026-09-09T17:01:10
age34_020567.jpg,train,lips_masked,no_face_detected,2026-09-09T17:01:10
age38_067622.jpg,train,lips_masked,no_face_detected,2026-09-09T17:01:10
age69_031360.jpg,train,lips_masked,no_face_detected,2026-09-09T17:01:10
age89_027375.jpg,train,lips_masked,no_face_detected,2026-09-09T17:01:10
age38_029110.jpg,train,lips_masked,no_face_detected,2026-09-09T17:01:10
age28_024727.jpg,train,lips_masked,no_face_detected,2026-09-09T17:01:10
age34_015088.jpg,train,lips_masked,no_face_detected,2026-09-09T17:01:11
age40_047836.jpg,train,lips_masked,no_face_detected,2026-09-09T17:01:11
age6_008545.jpg,train,lips_masked,no_face_detected,2026-09-09T17:01:11
age27_022336.jpg,train,lips_masked,no_face_detected,2026-09-09T17:01:11
age41_063130.jpg,train,lips_masked,no_face_detected,2026-09-09T17:01:11
age41_061164.jpg,train,lips_masked,no_face_detected,2026-09-09T17:01:11
age47_020294.jpg,train,lips_masked,no_face_detected,2026-09-09T17:01:11
age27_021203.jpg,train,lips_masked,no_face_detected,2026-09-09T17:01:12
age36_069862.jpg,train,lips_masked,no_face_detected,2026-09-09T17:01:12
age10_012393.jpg,train,lips_masked,no_face_detected,2026-09-09T17:01:12
age6_008177.jpg,train,lips_masked,no_face_detected,2026-09-09T17:01:12
age15_071967.jpg,train,lips_masked,no_face_detected,2026-09-09T17:01:12
age68_032645.jpg,train,lips_masked,no_face_detected,2026-09-09T17:01:12
age57_075138.jpg,train,lips_masked,no_face_detected,2026-09-09T17:01:13
age41_062187.jpg,train,lips_masked,no_face_detected,2026-09-09T17:01:13
age65_070167.jpg,train,lips_masked,no_face_detected,2026-09-09T17:01:13
age57_077553.jpg,train,lips_masked,no_face_detected,2026-09-09T17:01:13
age62_080310.jpg,train,lips_masked,no_face_detected,2026-09-09T17:01:13
age31_015620.jpg,train,lips_masked,no_face_detected,2026-09-09T17:01:13
age34_020330.jpg,train,lips_masked,no_face_detected,2026-09-09T17:01:14
age34_020464.jpg,train,lips_masked,no_face_detected,2026-09-09T17:01:14
age9_003111.jpg,train,lips_masked,no_face_detected,2026-09-09T17:01:14
age27_021385.jpg,train,lips_masked,no_face_detected,2026-09-09T17:01:14
age11_005683.jpg,train,lips_masked,no_face_detected,2026-09-09T17:01:14
age20_071365.jpg,train,lips_masked,no_face_detected,2026-09-09T17:01:14
age6_009523.jpg,train,lips_masked,no_face_detected,2026-09-09T17:01:15
age44_060832.jpg,train,lips_masked,no_face_detected,2026-09-09T17:01:15
age37_065691.jpg,train,lips_masked,no_face_detected,2026-09-09T17:01:15
age42_046224.jpg,train,lips_masked,no_face_detected,2026-09-09T17:01:15
age31_015120.jpg,train,lips_masked,no_face_detected,2026-09-09T17:01:16
age68_034304.jpg,train,lips_masked,no_face_detected,2026-09-09T17:01:16
age61_080378.jpg,train,lips_masked,no_face_detected,2026-09-09T17:01:16
age4_052831.jpg,train,lips_masked,no_face_detected,2026-09-09T17:01:16
age4_054017.jpg,train,lips_masked,no_face_detected,2026-09-09T17:01:16
age21_055772.jpg,train,lips_masked,no_face_detected,2026-09-09T17:01:16
age66_033810.jpg,train,lips_masked,no_face_detected,2026-09-09T17:01:17
age11_000842.jpg,train,lips_masked,no_face_detected,2026-09-09T17:01:17
age38_068369.jpg,train,lips_masked,no_face_detected,2026-09-09T17:01:17
age13_004225.jpg,train,lips_masked,no_face_detected,2026-09-09T17:01:17
age66_032773.jpg,train,lips_masked,no_face_detected,2026-09-09T17:01:17
age73_027446.jpg,train,lips_masked,no_face_detected,2026-09-09T17:01:17
age78_082762.jpg,train,lips_masked,no_face_detected,2026-09-09T17:01:17
age34_016923.jpg,train,lips_masked,no_face_detected,2026-09-09T17:01:18
age6_005593.jpg,train,lips_masked,no_face_detected,2026-09-09T17:01:18
age47_039869.jpg,train,lips_masked,no_face_detected,2026-09-09T17:01:18
age47_037422.jpg,train,lips_masked,no_face_detected,2026-09-09T17:01:18
age42_025558.jpg,train,lips_masked,no_face_detected,2026-09-09T17:01:18
age37_068982.jpg,train,lips_masked,no_face_detected,2026-09-09T17:01:19
age40_061084.jpg,train,lips_masked,no_face_detected,2026-09-09T17:01:19
age64_081361.jpg,train,lips_masked,no_face_detected,2026-09-09T17:01:19
age30_022925.jpg,train,lips_masked,no_face_detected,2026-09-09T17:01:19
age21_057651.jpg,train,lips_masked,no_face_detected,2026-09-09T17:01:19
age34_016102.jpg,train,lips_masked,no_face_detected,2026-09-09T17:01:19
age80_050937.jpg,train,lips_masked,no_face_detected,2026-09-09T17:01:19
age23_059907.jpg,train,lips_masked,no_face_detected,2026-09-09T17:01:20
age51_031133.jpg,train,lips_masked,no_face_detected,2026-09-09T17:01:20
age10_009552.jpg,train,lips_masked,no_face_detected,2026-09-09T17:01:20
age50_044019.jpg,train,lips_masked,no_face_detected,2026-09-09T17:01:20
age66_032257.jpg,train,lips_masked,no_face_detected,2026-09-09T17:01:20
age7_008866.jpg,train,lips_masked,no_face_detected,2026-09-09T17:01:20
age10_000412.jpg,train,lips_masked,no_face_detected,2026-09-09T17:01:20
age77_083192.jpg,train,lips_masked,no_face_detected,2026-09-09T17:01:20
age84_083867.jpg,train,lips_masked,no_face_detected,2026-09-09T17:01:21
age34_015212.jpg,train,lips_masked,no_face_detected,2026-09-09T17:01:21
age6_011410.jpg,train,lips_masked,no_face_detected,2026-09-09T17:01:21
age37_067569.jpg,train,lips_masked,no_face_detected,2026-09-09T17:01:21
age25_057759.jpg,train,lips_masked,no_face_detected,2026-09-09T17:01:21
age27_021044.jpg,train,lips_masked,no_face_detected,2026-09-09T17:01:22
age18_074359.jpg,train,lips_masked,no_face_detected,2026-09-09T17:01:22
age10_005291.jpg,train,lips_masked,no_face_detected,2026-09-09T17:01:22
age40_063753.jpg,train,lips_masked,no_face_detected,2026-09-09T17:01:22
age64_082724.jpg,train,lips_masked,no_face_detected,2026-09-09T17:01:22
age37_067466.jpg,train,lips_masked,no_face_detected,2026-09-09T17:01:22
age38_068999.jpg,train,lips_masked,no_face_detected,2026-09-09T17:01:22
age76_083437.jpg,train,lips_masked,no_face_detected,2026-09-09T17:01:22
age64_058250.jpg,train,lips_masked,no_face_detected,2026-09-09T17:01:22
age27_024247.jpg,train,lips_masked,no_face_detected,2026-09-09T17:01:23
age10_004746.jpg,train,lips_masked,no_face_detected,2026-09-09T17:01:23
age42_028234.jpg,train,lips_masked,no_face_detected,2026-09-09T17:01:23
age37_068332.jpg,train,lips_masked,no_face_detected,2026-09-09T17:01:23
age73_028433.jpg,train,lips_masked,no_face_detected,2026-09-09T17:01:23
age25_022800.jpg,train,lips_masked,no_face_detected,2026-09-09T17:01:24
age36_067629.jpg,train,lips_masked,no_face_detected,2026-09-09T17:01:24
age13_005246.jpg,train,lips_masked,no_face_detected,2026-09-09T17:01:24
age61_080374.jpg,train,lips_masked,no_face_detected,2026-09-09T17:01:24
age66_034437.jpg,train,lips_masked,no_face_detected,2026-09-09T17:01:24
age45_038979.jpg,train,lips_masked,no_face_detected,2026-09-09T17:01:25
age3_050795.jpg,train,lips_masked,no_face_detected,2026-09-09T17:01:25
age20_059593.jpg,train,lips_masked,no_face_detected,2026-09-09T17:01:25
age54_047231.jpg,train,lips_masked,no_face_detected,2026-09-09T17:01:25
age49_030703.jpg,train,lips_masked,no_face_detected,2026-09-09T17:01:25
age29_003508.jpg,train,lips_masked,no_face_detected,2026-09-09T17:01:25
age25_056379.jpg,train,lips_masked,no_face_detected,2026-09-09T17:01:26
age41_024552.jpg,train,lips_masked,no_face_detected,2026-09-09T17:01:26
age58_077501.jpg,train,lips_masked,no_face_detected,2026-09-09T17:01:26
age57_063110.jpg,train,lips_masked,no_face_detected,2026-09-09T17:01:26
age65_031752.jpg,train,lips_masked,no_face_detected,2026-09-09T17:01:26
age25_056394.jpg,train,lips_masked,no_face_detected,2026-09-09T17:01:26
age12_003800.jpg,train,lips_masked,no_face_detected,2026-09-09T17:01:26
age71_030411.jpg,train,lips_masked,no_face_detected,2026-09-09T17:01:27
age20_045726.jpg,train,lips_masked,no_face_detected,2026-09-09T17:01:27
age22_058184.jpg,train,lips_masked,no_face_detected,2026-09-09T17:01:27
age17_072918.jpg,train,lips_masked,no_face_detected,2026-09-09T17:01:27
age60_037056.jpg,train,lips_masked,no_face_detected,2026-09-09T17:01:28
age47_038526.jpg,train,lips_masked,no_face_detected,2026-09-09T17:01:28
age5_007760.jpg,train,lips_masked,no_face_detected,2026-09-09T17:01:28
age33_020132.jpg,train,lips_masked,no_face_detected,2026-09-09T17:01:28
age8_011486.jpg,train,lips_masked,no_face_detected,2026-09-09T17:01:28
age37_069516.jpg,train,lips_masked,no_face_detected,2026-09-09T17:01:28
age48_040994.jpg,train,lips_masked,no_face_detected,2026-09-09T17:01:28
age26_026614.jpg,train,lips_masked,no_face_detected,2026-09-09T17:01:28
age15_003576.jpg,train,lips_masked,no_face_detected,2026-09-09T17:01:29
age21_057882.jpg,train,lips_masked,no_face_detected,2026-09-09T17:01:29
age73_029335.jpg,train,lips_masked,no_face_detected,2026-09-09T17:01:29
age41_060759.jpg,train,lips_masked,no_face_detected,2026-09-09T17:01:29
age61_081593.jpg,train,lips_masked,no_face_detected,2026-09-09T17:01:29
age27_025947.jpg,train,lips_masked,no_face_detected,2026-09-09T17:01:29
age6_008401.jpg,train,lips_masked,no_face_detected,2026-09-09T17:01:29
age69_031506.jpg,train,lips_masked,no_face_detected,2026-09-09T17:01:29
age38_070235.jpg,train,lips_masked,no_face_detected,2026-09-09T17:01:29
age7_008908.jpg,train,lips_masked,no_face_detected,2026-09-09T17:01:29
age57_078519.jpg,train,lips_masked,no_face_detected,2026-09-09T17:01:30
age50_049941.jpg,train,lips_masked,no_face_detected,2026-09-09T17:01:30
age19_074458.jpg,train,lips_masked,no_face_detected,2026-09-09T17:01:30
age37_069951.jpg,train,lips_masked,no_face_detected,2026-09-09T17:01:30
age50_048508.jpg,train,lips_masked,no_face_detected,2026-09-09T17:01:27
age48_025622.jpg,train,lips_masked,no_face_detected,2026-09-09T17:01:27
age52_030459.jpg,train,lips_masked,no_face_detected,2026-09-09T17:01:27
age33_020887.jpg,train,lips_masked,no_face_detected,2026-09-09T17:01:28
age50_035561.jpg,train,lips_masked,no_face_detected,2026-09-09T17:01:28
age6_013692.jpg,train,lips_masked,no_face_detected,2026-09-09T17:01:28
age37_067368.jpg,train,lips_masked,no_face_detected,2026-09-09T17:01:28
age15_003303.jpg,train,lips_masked,no_face_detected,2026-09-09T17:01:28
age50_041795.jpg,train,lips_masked,no_face_detected,2026-09-09T17:01:28
age48_041822.jpg,train,lips_masked,no_face_detected,2026-09-09T17:01:28
age25_024915.jpg,train,lips_masked,no_face_detected,2026-09-09T17:01:28
age47_038664.jpg,train,lips_masked,no_face_detected,2026-09-09T17:01:28
age73_027588.jpg,train,lips_masked,no_face_detected,2026-09-09T17:01:29
age40_065462.jpg,train,lips_masked,no_face_detected,2026-09-09T17:01:29
age55_077551.jpg,train,lips_masked,no_face_detected,2026-09-09T17:01:29
age54_040140.jpg,train,lips_masked,no_face_detected,2026-09-09T17:01:29
age47_037061.jpg,train,lips_masked,no_face_detected,2026-09-09T17:01:29
age31_020854.jpg,train,lips_masked,no_face_detected,2026-09-09T17:01:30
age27_025277.jpg,train,lips_masked,no_face_detected,2026-09-09T17:01:30
age31_016828.jpg,train,lips_masked,no_face_detected,2026-09-09T17:01:30
age33_018930.jpg,train,lips_masked,no_face_detected,2026-09-09T17:01:30
age38_070268.jpg,train,lips_masked,no_face_detected,2026-09-09T17:01:30
age28_023381.jpg,train,lips_masked,no_face_detected,2026-09-09T17:01:30
age19_070979.jpg,train,lips_masked,no_face_detected,2026-09-09T17:01:30
age48_044115.jpg,train,lips_masked,no_face_detected,2026-09-09T17:01:30
age6_011599.jpg,train,lips_masked,no_face_detected,2026-09-09T17:01:30
age17_070964.jpg,train,lips_masked,no_face_detected,2026-09-09T17:01:31
age41_060548.jpg,train,lips_masked,no_face_detected,2026-09-09T17:01:31
age82_063426.jpg,train,lips_masked,no_face_detected,2026-09-09T17:01:31
age34_018000.jpg,train,lips_masked,no_face_detected,2026-09-09T17:01:31
age10_009827.jpg,train,lips_masked,no_face_detected,2026-09-09T17:01:31
age48_042764.jpg,train,lips_masked,no_face_detected,2026-09-09T17:01:31
age15_071519.jpg,train,lips_masked,no_face_detected,2026-09-09T17:01:32
age49_036724.jpg,train,lips_masked,no_face_detected,2026-09-09T17:01:32
age15_074427.jpg,train,lips_masked,no_face_detected,2026-09-09T17:01:32
age6_011990.jpg,train,lips_masked,no_face_detected,2026-09-09T17:01:32
age4_053998.jpg,train,lips_masked,no_face_detected,2026-09-09T17:01:32
age70_034485.jpg,train,lips_masked,no_face_detected,2026-09-09T17:01:32
age78_083493.jpg,train,lips_masked,no_face_detected,2026-09-09T17:01:32
age68_035783.jpg,train,lips_masked,no_face_detected,2026-09-09T17:01:32
age31_017606.jpg,train,lips_masked,no_face_detected,2026-09-09T17:01:32
age48_043964.jpg,train,lips_masked,no_face_detected,2026-09-09T17:01:33
age37_068544.jpg,train,lips_masked,no_face_detected,2026-09-09T17:01:33
age53_014462.jpg,train,lips_masked,no_face_detected,2026-09-09T17:01:33
age34_020422.jpg,train,lips_masked,no_face_detected,2026-09-09T17:01:33
age19_071832.jpg,train,lips_masked,no_face_detected,2026-09-09T17:01:33
age32_014564.jpg,train,lips_masked,no_face_detected,2026-09-09T17:01:33
age58_033378.jpg,train,lips_masked,no_face_detected,2026-09-09T17:01:33
age54_049935.jpg,train,lips_masked,no_face_detected,2026-09-09T17:01:33
age26_021817.jpg,train,lips_masked,no_face_detected,2026-09-09T17:01:34
age59_032464.jpg,train,lips_masked,no_face_detected,2026-09-09T17:01:34
age4_053500.jpg,train,lips_masked,no_face_detected,2026-09-09T17:01:34
age19_074561.jpg,train,lips_masked,no_face_detected,2026-09-09T17:01:34
age28_022809.jpg,train,lips_masked,no_face_detected,2026-09-09T17:01:34
age45_017226.jpg,train,lips_masked,no_face_detected,2026-09-09T17:01:34
age4_052149.jpg,train,lips_masked,no_face_detected,2026-09-09T17:01:35
age48_041222.jpg,train,lips_masked,no_face_detected,2026-09-09T17:01:35
age19_072470.jpg,train,lips_masked,no_face_detected,2026-09-09T17:01:35
age22_060371.jpg,train,lips_masked,no_face_detected,2026-09-09T17:01:35
age27_008321.jpg,train,lips_masked,no_face_detected,2026-09-09T17:01:35
age33_020091.jpg,train,lips_masked,no_face_detected,2026-09-09T17:01:35
age47_019784.jpg,train,lips_masked,no_face_detected,2026-09-09T17:01:36
age80_083924.jpg,train,lips_masked,no_face_detected,2026-09-09T17:01:36
age15_071224.jpg,train,lips_masked,no_face_detected,2026-09-09T17:01:36
age54_047059.jpg,train,lips_masked,no_face_detected,2026-09-09T17:01:36
age61_080727.jpg,train,lips_masked,no_face_detected,2026-09-09T17:01:36
age38_065093.jpg,train,lips_masked,no_face_detected,2026-09-09T17:01:36
age50_045779.jpg,train,lips_masked,no_face_detected,2026-09-09T17:01:36
age64_061756.jpg,train,lips_masked,no_face_detected,2026-09-09T17:01:36
age28_024881.jpg,train,lips_masked,no_face_detected,2026-09-09T17:01:36
age6_013387.jpg,train,lips_masked,no_face_detected,2026-09-09T17:01:36
age56_044417.jpg,train,lips_masked,no_face_detected,2026-09-09T17:01:37
age6_012547.jpg,train,lips_masked,no_face_detected,2026-09-09T17:01:37
age61_008983.jpg,train,lips_masked,no_face_detected,2026-09-09T17:01:37
age7_007385.jpg,train,lips_masked,no_face_detected,2026-09-09T17:01:37
age34_020154.jpg,train,lips_masked,no_face_detected,2026-09-09T17:01:38
age71_028726.jpg,train,lips_masked,no_face_detected,2026-09-09T17:01:38
age34_015894.jpg,train,lips_masked,no_face_detected,2026-09-09T17:01:38
age12_002768.jpg,train,lips_masked,no_face_detected,2026-09-09T17:01:38
age61_049930.jpg,train,lips_masked,no_face_detected,2026-09-09T17:01:38
age52_036234.jpg,train,lips_masked,no_face_detected,2026-09-09T17:01:38
age34_014166.jpg,train,lips_masked,no_face_detected,2026-09-09T17:01:38
age20_007570.jpg,train,lips_masked,no_face_detected,2026-09-09T17:01:38
age4_051397.jpg,train,lips_masked,no_face_detected,2026-09-09T17:01:38
age44_062483.jpg,train,lips_masked,no_face_detected,2026-09-09T17:01:39
age6_013386.jpg,train,lips_masked,no_face_detected,2026-09-09T17:01:39
age64_065190.jpg,train,lips_masked,no_face_detected,2026-09-09T17:01:39
age25_055910.jpg,train,lips_masked,no_face_detected,2026-09-09T17:01:39
age42_023755.jpg,train,lips_masked,no_face_detected,2026-09-09T17:01:39
age37_069310.jpg,train,lips_masked,no_face_detected,2026-09-09T17:01:39
age53_047382.jpg,train,lips_masked,no_face_detected,2026-09-09T17:01:39
age48_044203.jpg,train,lips_masked,no_face_detected,2026-09-09T17:01:39
age37_066140.jpg,train,lips_masked,no_face_detected,2026-09-09T17:01:40
age60_032280.jpg,train,lips_masked,no_face_detected,2026-09-09T17:01:40
age38_068281.jpg,train,lips_masked,no_face_detected,2026-09-09T17:01:40
age27_022502.jpg,train,lips_masked,no_face_detected,2026-09-09T17:01:40
age40_024325.jpg,train,lips_masked,no_face_detected,2026-09-09T17:01:40
age10_003814.jpg,train,lips_masked,no_face_detected,2026-09-09T17:01:40
age71_029415.jpg,train,lips_masked,no_face_detected,2026-09-09T17:01:41
age6_012858.jpg,train,lips_masked,no_face_detected,2026-09-09T17:01:41
age66_032620.jpg,train,lips_masked,no_face_detected,2026-09-09T17:01:41
age15_030869.jpg,train,lips_masked,no_face_detected,2026-09-09T17:01:41
age27_021384.jpg,train,lips_masked,no_face_detected,2026-09-09T17:01:41
age25_023814.jpg,train,lips_masked,no_face_detected,2026-09-09T17:01:41
age40_067342.jpg,train,lips_masked,no_face_detected,2026-09-09T17:01:41
age25_055883.jpg,train,lips_masked,no_face_detected,2026-09-09T17:01:41
age4_053926.jpg,train,lips_masked,no_face_detected,2026-09-09T17:01:41
age25_059998.jpg,train,lips_masked,no_face_detected,2026-09-09T17:01:42
age17_072255.jpg,train,lips_masked,no_face_detected,2026-09-09T17:01:42
age4_054798.jpg,train,lips_masked,no_face_detected,2026-09-09T17:01:42
age20_057897.jpg,train,lips_masked,no_face_detected,2026-09-09T17:01:42
age70_027543.jpg,train,lips_masked,no_face_detected,2026-09-09T17:01:42
age72_028745.jpg,train,lips_masked,no_face_detected,2026-09-09T17:01:42
age6_010967.jpg,train,lips_masked,no_face_detected,2026-09-09T17:01:43
age26_023318.jpg,train,lips_masked,no_face_detected,2026-09-09T17:01:43
age11_003229.jpg,train,lips_masked,no_face_detected,2026-09-09T17:01:43
age71_027474.jpg,train,lips_masked,no_face_detected,2026-09-09T17:01:43
age46_040888.jpg,train,lips_masked,no_face_detected,2026-09-09T17:01:43
age48_038708.jpg,train,lips_masked,no_face_detected,2026-09-09T17:01:43
age27_026631.jpg,train,lips_masked,no_face_detected,2026-09-09T17:01:44
age21_057777.jpg,train,lips_masked,no_face_detected,2026-09-09T17:01:44
age58_045268.jpg,train,lips_masked,no_face_detected,2026-09-09T17:01:44
age13_004769.jpg,train,lips_masked,no_face_detected,2026-09-09T17:01:44
age37_068601.jpg,train,lips_masked,no_face_detected,2026-09-09T17:01:44
age43_041125.jpg,train,lips_masked,no_face_detected,2026-09-09T17:01:44
age4_055045.jpg,train,lips_masked,no_face_detected,2026-09-09T17:01:44
age31_015124.jpg,train,lips_masked,no_face_detected,2026-09-09T17:01:44
age60_076419.jpg,train,lips_masked,no_face_detected,2026-09-09T17:01:45
age47_038054.jpg,train,lips_masked,no_face_detected,2026-09-09T17:01:45
age79_082787.jpg,train,lips_masked,no_face_detected,2026-09-09T17:01:45
age6_009670.jpg,train,lips_masked,no_face_detected,2026-09-09T17:01:45
age38_065460.jpg,train,lips_masked,no_face_detected,2026-09-09T17:01:45
age4_051460.jpg,train,lips_masked,no_face_detected,2026-09-09T17:01:45
age38_070102.jpg,train,lips_masked,no_face_detected,2026-09-09T17:01:45
age55_049200.jpg,train,lips_masked,no_face_detected,2026-09-09T17:01:45
age38_068094.jpg,train,lips_masked,no_face_detected,2026-09-09T17:01:45
age52_032795.jpg,train,lips_masked,no_face_detected,2026-09-09T17:01:46
age54_048647.jpg,train,lips_masked,no_face_detected,2026-09-09T17:01:46
age56_029311.jpg,train,lips_masked,no_face_detected,2026-09-09T17:01:46
age21_056309.jpg,train,lips_masked,no_face_detected,2026-09-09T17:01:46
age62_077281.jpg,train,lips_masked,no_face_detected,2026-09-09T17:01:46
age2_051732.jpg,train,lips_masked,no_face_detected,2026-09-09T17:01:46
age21_060245.jpg,train,lips_masked,no_face_detected,2026-09-09T17:01:46
age37_067418.jpg,train,lips_masked,no_face_detected,2026-09-09T17:01:47
age27_026423.jpg,train,lips_masked,no_face_detected,2026-09-09T17:01:47
age6_008618.jpg,train,lips_masked,no_face_detected,2026-09-09T17:01:47
age70_031986.jpg,train,lips_masked,no_face_detected,2026-09-09T17:01:47
age58_076504.jpg,train,lips_masked,no_face_detected,2026-09-09T17:01:47
age20_070887.jpg,train,lips_masked,no_face_detected,2026-09-09T17:01:47
age6_009439.jpg,train,lips_masked,no_face_detected,2026-09-09T17:01:47
age69_035782.jpg,train,lips_masked,no_face_detected,2026-09-09T17:01:48
age41_061896.jpg,train,lips_masked,no_face_detected,2026-09-09T17:01:48
age40_067953.jpg,train,lips_masked,no_face_detected,2026-09-09T17:01:48
age22_058450.jpg,train,lips_masked,no_face_detected,2026-09-09T17:01:48
age19_070768.jpg,train,lips_masked,no_face_detected,2026-09-09T17:01:48
age62_036106.jpg,train,lips_masked,no_face_detected,2026-09-09T17:01:48
age65_080103.jpg,train,lips_masked,no_face_detected,2026-09-09T17:01:48
age67_031650.jpg,train,lips_masked,no_face_detected,2026-09-09T17:01:48
age48_042744.jpg,train,lips_masked,no_face_detected,2026-09-09T17:01:48
age31_014025.jpg,train,lips_masked,no_face_detected,2026-09-09T17:01:49
age20_059661.jpg,train,lips_masked,no_face_detected,2026-09-09T17:01:49
age54_045417.jpg,train,lips_masked,no_face_detected,2026-09-09T17:01:49
age45_042201.jpg,train,lips_masked,no_face_detected,2026-09-09T17:01:49
age9_003359.jpg,train,lips_masked,no_face_detected,2026-09-09T17:01:49
age31_020480.jpg,train,lips_masked,no_face_detected,2026-09-09T17:01:49
age57_077827.jpg,train,lips_masked,no_face_detected,2026-09-09T17:01:50
age47_037958.jpg,train,lips_masked,no_face_detected,2026-09-09T17:01:50
age25_025106.jpg,train,lips_masked,no_face_detected,2026-09-09T17:01:50
age39_065500.jpg,train,lips_masked,no_face_detected,2026-09-09T17:01:50
age27_026686.jpg,train,lips_masked,no_face_detected,2026-09-09T17:01:51
age4_052641.jpg,train,lips_masked,no_face_detected,2026-09-09T17:01:51
age10_008370.jpg,train,lips_masked,no_face_detected,2026-09-09T17:01:51
age17_072891.jpg,train,lips_masked,no_face_detected,2026-09-09T17:01:51
age27_021837.jpg,train,lips_masked,no_face_detected,2026-09-09T17:01:51
age50_042420.jpg,train,lips_masked,no_face_detected,2026-09-09T17:01:51
age58_045758.jpg,train,lips_masked,no_face_detected,2026-09-09T17:01:51
age54_050246.jpg,train,lips_masked,no_face_detected,2026-09-09T17:01:51
age48_037948.jpg,train,lips_masked,no_face_detected,2026-09-09T17:01:52
age6_008196.jpg,train,lips_masked,no_face_detected,2026-09-09T17:01:52
age45_062886.jpg,train,lips_masked,no_face_detected,2026-09-09T17:01:52
age9_002332.jpg,train,lips_masked,no_face_detected,2026-09-09T17:01:52
age67_032248.jpg,train,lips_masked,no_face_detected,2026-09-09T17:01:53
age11_000069.jpg,train,lips_masked,no_face_detected,2026-09-09T17:01:53
age2_054735.jpg,train,lips_masked,no_face_detected,2026-09-09T17:01:53
age21_056128.jpg,train,lips_masked,no_face_detected,2026-09-09T17:01:53
age4_009142.jpg,train,lips_masked,no_face_detected,2026-09-09T17:01:53
age11_003763.jpg,train,lips_masked,no_face_detected,2026-09-09T17:01:53
age38_065140.jpg,train,lips_masked,no_face_detected,2026-09-09T17:01:54
age6_012913.jpg,train,lips_masked,no_face_detected,2026-09-09T17:01:54
age34_016689.jpg,train,lips_masked,no_face_detected,2026-09-09T17:01:54
age27_025321.jpg,train,lips_masked,no_face_detected,2026-09-09T17:01:54
age65_036448.jpg,train,lips_masked,no_face_detected,2026-09-09T17:01:54
age4_051037.jpg,train,lips_masked,no_face_detected,2026-09-09T17:01:54
age40_063336.jpg,train,lips_masked,no_face_detected,2026-09-09T17:01:54
age67_036677.jpg,train,lips_masked,no_face_detected,2026-09-09T17:01:55
age27_026489.jpg,train,lips_masked,no_face_detected,2026-09-09T17:01:55
age67_033232.jpg,train,lips_masked,no_face_detected,2026-09-09T17:01:55
age27_026624.jpg,train,lips_masked,no_face_detected,2026-09-09T17:01:55
age50_030635.jpg,train,lips_masked,no_face_detected,2026-09-09T17:01:55
age60_078759.jpg,train,lips_masked,no_face_detected,2026-09-09T17:01:55
age38_067124.jpg,train,lips_masked,no_face_detected,2026-09-09T17:01:55
age31_017144.jpg,train,lips_masked,no_face_detected,2026-09-09T17:01:55
age13_001910.jpg,train,lips_masked,no_face_detected,2026-09-09T17:01:55
age19_071884.jpg,train,lips_masked,no_face_detected,2026-09-09T17:01:55
age2_051945.jpg,train,lips_masked,no_face_detected,2026-09-09T17:01:56
age67_031100.jpg,train,lips_masked,no_face_detected,2026-09-09T17:01:56
age31_017125.jpg,train,lips_masked,no_face_detected,2026-09-09T17:01:56
age37_029435.jpg,train,lips_masked,no_face_detected,2026-09-09T17:01:57
age64_046469.jpg,train,lips_masked,no_face_detected,2026-09-09T17:01:57
age10_006105.jpg,train,lips_masked,no_face_detected,2026-09-09T17:01:57
age31_020700.jpg,train,lips_masked,no_face_detected,2026-09-09T17:01:57
age73_027688.jpg,train,lips_masked,no_face_detected,2026-09-09T17:01:57
age26_024204.jpg,train,lips_masked,no_face_detected,2026-09-09T17:01:57
age21_060292.jpg,train,lips_masked,no_face_detected,2026-09-09T17:01:57
age49_015963.jpg,train,lips_masked,no_face_detected,2026-09-09T17:01:57
age58_076567.jpg,train,lips_masked,no_face_detected,2026-09-09T17:01:57
age57_077582.jpg,train,lips_masked,no_face_detected,2026-09-09T17:01:58
age57_076876.jpg,train,lips_masked,no_face_detected,2026-09-09T17:01:58
age67_033025.jpg,train,lips_masked,no_face_detected,2026-09-09T17:01:58
age87_027273.jpg,train,lips_masked,no_face_detected,2026-09-09T17:01:58
age64_081233.jpg,train,lips_masked,no_face_detected,2026-09-09T17:01:58
age4_053676.jpg,train,lips_masked,no_face_detected,2026-09-09T17:01:58
age42_064306.jpg,train,lips_masked,no_face_detected,2026-09-09T17:01:59
age67_033313.jpg,train,lips_masked,no_face_detected,2026-09-09T17:01:59
31_0_0_20170104165835728.jpg,train,lips_masked,no_face_detected,2026-09-09T17:01:59
age83_084026.jpg,train,lips_masked,no_face_detected,2026-09-09T17:01:59
age62_081804.jpg,train,lips_masked,no_face_detected,2026-09-09T17:01:59
age55_045736.jpg,train,lips_masked,no_face_detected,2026-09-09T17:02:00
age37_066412.jpg,train,lips_masked,no_face_detected,2026-09-09T17:01:57
age27_021939.jpg,train,lips_masked,no_face_detected,2026-09-09T17:01:57
age12_003003.jpg,train,lips_masked,no_face_detected,2026-09-09T17:01:57
age37_066675.jpg,train,lips_masked,no_face_detected,2026-09-09T17:01:57
age54_045832.jpg,train,lips_masked,no_face_detected,2026-09-09T17:01:58
age71_028568.jpg,train,lips_masked,no_face_detected,2026-09-09T17:01:58
age57_077971.jpg,train,lips_masked,no_face_detected,2026-09-09T17:01:58
age66_031341.jpg,train,lips_masked,no_face_detected,2026-09-09T17:01:58
age55_078934.jpg,train,lips_masked,no_face_detected,2026-09-09T17:01:58
25_1_3_20170119171206287.jpg,train,lips_masked,no_face_detected,2026-09-09T17:01:58
age13_005817.jpg,train,lips_masked,no_face_detected,2026-09-09T17:01:59
age72_029820.jpg,train,lips_masked,no_face_detected,2026-09-09T17:01:59
age62_082234.jpg,train,lips_masked,no_face_detected,2026-09-09T17:01:59
age11_005701.jpg,train,lips_masked,no_face_detected,2026-09-09T17:01:59
age41_063987.jpg,train,lips_masked,no_face_detected,2026-09-09T17:01:59
age11_005749.jpg,train,lips_masked,no_face_detected,2026-09-09T17:01:59
age6_012203.jpg,train,lips_masked,no_face_detected,2026-09-09T17:02:00
age60_031659.jpg,train,lips_masked,no_face_detected,2026-09-09T17:02:00
age41_064693.jpg,train,lips_masked,no_face_detected,2026-09-09T17:02:00
age28_021832.jpg,train,lips_masked,no_face_detected,2026-09-09T17:02:00
age2_052268.jpg,train,lips_masked,no_face_detected,2026-09-09T17:02:00
age47_038059.jpg,train,lips_masked,no_face_detected,2026-09-09T17:02:00
age50_017572.jpg,train,lips_masked,no_face_detected,2026-09-09T17:02:00
age22_058595.jpg,train,lips_masked,no_face_detected,2026-09-09T17:02:01
age74_030756.jpg,train,lips_masked,no_face_detected,2026-09-09T17:02:01
age55_034191.jpg,train,lips_masked,no_face_detected,2026-09-09T17:02:01
age41_062651.jpg,train,lips_masked,no_face_detected,2026-09-09T17:02:01
age1_054554.jpg,train,lips_masked,no_face_detected,2026-09-09T17:02:01
age47_036878.jpg,train,lips_masked,no_face_detected,2026-09-09T17:02:01
age48_036976.jpg,train,lips_masked,no_face_detected,2026-09-09T17:02:01
age62_082323.jpg,train,lips_masked,no_face_detected,2026-09-09T17:02:02
age14_001758.jpg,train,lips_masked,no_face_detected,2026-09-09T17:02:02
age60_078592.jpg,train,lips_masked,no_face_detected,2026-09-09T17:02:02
age20_059415.jpg,train,lips_masked,no_face_detected,2026-09-09T17:02:02
age11_005421.jpg,train,lips_masked,no_face_detected,2026-09-09T17:02:02
age19_059544.jpg,train,lips_masked,no_face_detected,2026-09-09T17:02:02
age53_048042.jpg,train,lips_masked,no_face_detected,2026-09-09T17:02:03
age18_071699.jpg,train,lips_masked,no_face_detected,2026-09-09T17:02:03
age10_012383.jpg,train,lips_masked,no_face_detected,2026-09-09T17:02:03
age57_076719.jpg,train,lips_masked,no_face_detected,2026-09-09T17:02:03
age6_011320.jpg,train,lips_masked,no_face_detected,2026-09-09T17:02:03
age38_065312.jpg,train,lips_masked,no_face_detected,2026-09-09T17:02:03
age17_073229.jpg,train,lips_masked,no_face_detected,2026-09-09T17:02:03
age68_033827.jpg,train,lips_masked,no_face_detected,2026-09-09T17:02:04
age54_048621.jpg,train,lips_masked,no_face_detected,2026-09-09T17:02:04
age45_037171.jpg,train,lips_masked,no_face_detected,2026-09-09T17:02:04
age15_003012.jpg,train,lips_masked,no_face_detected,2026-09-09T17:02:04
age45_061250.jpg,train,lips_masked,no_face_detected,2026-09-09T17:02:04
age79_083431.jpg,train,lips_masked,no_face_detected,2026-09-09T17:02:04
age55_076663.jpg,train,lips_masked,no_face_detected,2026-09-09T17:02:05
age41_064088.jpg,train,lips_masked,no_face_detected,2026-09-09T17:02:05
age54_024293.jpg,train,lips_masked,no_face_detected,2026-09-09T17:02:05
age54_046904.jpg,train,lips_masked,no_face_detected,2026-09-09T17:02:05
age20_059575.jpg,train,lips_masked,no_face_detected,2026-09-09T17:02:05
age38_067984.jpg,train,lips_masked,no_face_detected,2026-09-09T17:02:05
age31_016843.jpg,train,lips_masked,no_face_detected,2026-09-09T17:02:05
age31_016377.jpg,train,lips_masked,no_face_detected,2026-09-09T17:02:06
age38_066216.jpg,train,lips_masked,no_face_detected,2026-09-09T17:02:06
age4_050719.jpg,train,lips_masked,no_face_detected,2026-09-09T17:02:06
age5_043944.jpg,train,lips_masked,no_face_detected,2026-09-09T17:02:06
age5_011606.jpg,train,lips_masked,no_face_detected,2026-09-09T17:02:06
age9_006749.jpg,train,lips_masked,no_face_detected,2026-09-09T17:02:07
age55_044888.jpg,train,lips_masked,no_face_detected,2026-09-09T17:02:07
age55_077651.jpg,train,lips_masked,no_face_detected,2026-09-09T17:02:08
age54_044793.jpg,train,lips_masked,no_face_detected,2026-09-09T17:02:08
age34_017571.jpg,train,lips_masked,no_face_detected,2026-09-09T17:02:08
age20_046149.jpg,train,lips_masked,no_face_detected,2026-09-09T17:02:08
age6_007755.jpg,train,lips_masked,no_face_detected,2026-09-09T17:02:08
age15_004466.jpg,train,lips_masked,no_face_detected,2026-09-09T17:02:08
age4_054422.jpg,train,lips_masked,no_face_detected,2026-09-09T17:02:09
age41_063366.jpg,train,lips_masked,no_face_detected,2026-09-09T17:02:09
age15_074767.jpg,train,lips_masked,no_face_detected,2026-09-09T17:02:09
age40_061968.jpg,train,lips_masked,no_face_detected,2026-09-09T17:02:09
age68_033983.jpg,train,lips_masked,no_face_detected,2026-09-09T17:02:09
age62_081372.jpg,train,lips_masked,no_face_detected,2026-09-09T17:02:09
age53_045697.jpg,train,lips_masked,no_face_detected,2026-09-09T17:02:10
age26_021403.jpg,train,lips_masked,no_face_detected,2026-09-09T17:02:10
age35_068989.jpg,train,lips_masked,no_face_detected,2026-09-09T17:02:10
age25_026755.jpg,train,lips_masked,no_face_detected,2026-09-09T17:02:10
age38_066835.jpg,train,lips_masked,no_face_detected,2026-09-09T17:02:10
age42_062427.jpg,train,lips_masked,no_face_detected,2026-09-09T17:02:10
age5_011268.jpg,train,lips_masked,no_face_detected,2026-09-09T17:02:10
age42_064970.jpg,train,lips_masked,no_face_detected,2026-09-09T17:02:11
age62_081392.jpg,train,lips_masked,no_face_detected,2026-09-09T17:02:11
age10_000873.jpg,train,lips_masked,no_face_detected,2026-09-09T17:02:11
age17_074635.jpg,train,lips_masked,no_face_detected,2026-09-09T17:02:11
age55_036915.jpg,train,lips_masked,no_face_detected,2026-09-09T17:02:11
age4_052115.jpg,train,lips_masked,no_face_detected,2026-09-09T17:02:11
age45_062921.jpg,train,lips_masked,no_face_detected,2026-09-09T17:02:12
age60_080365.jpg,train,lips_masked,no_face_detected,2026-09-09T17:02:12
age61_080403.jpg,train,lips_masked,no_face_detected,2026-09-09T17:02:12
age60_037871.jpg,train,lips_masked,no_face_detected,2026-09-09T17:02:12
age37_068793.jpg,train,lips_masked,no_face_detected,2026-09-09T17:02:12
age2_053271.jpg,train,lips_masked,no_face_detected,2026-09-09T17:02:12
age71_028674.jpg,train,lips_masked,no_face_detected,2026-09-09T17:02:13
age28_022159.jpg,train,lips_masked,no_face_detected,2026-09-09T17:02:13
age48_040269.jpg,train,lips_masked,no_face_detected,2026-09-09T17:02:13
age53_044627.jpg,train,lips_masked,no_face_detected,2026-09-09T17:02:13
age62_082473.jpg,train,lips_masked,no_face_detected,2026-09-09T17:02:13
age12_006063.jpg,train,lips_masked,no_face_detected,2026-09-09T17:02:13
age6_007850.jpg,train,lips_masked,no_face_detected,2026-09-09T17:02:14
age47_043770.jpg,train,lips_masked,no_face_detected,2026-09-09T17:02:14
age70_031193.jpg,train,lips_masked,no_face_detected,2026-09-09T17:02:14
age4_051934.jpg,train,lips_masked,no_face_detected,2026-09-09T17:02:14
age21_058039.jpg,train,lips_masked,no_face_detected,2026-09-09T17:02:14
age70_028809.jpg,train,lips_masked,no_face_detected,2026-09-09T17:02:14
age27_023118.jpg,train,lips_masked,no_face_detected,2026-09-09T17:02:14
age34_016328.jpg,train,lips_masked,no_face_detected,2026-09-09T17:02:14
age4_051986.jpg,train,lips_masked,no_face_detected,2026-09-09T17:02:14
age5_003071.jpg,train,lips_masked,no_face_detected,2026-09-09T17:02:14
age47_038957.jpg,train,lips_masked,no_face_detected,2026-09-09T17:02:14
age37_068669.jpg,train,lips_masked,no_face_detected,2026-09-09T17:02:14
age50_043987.jpg,train,lips_masked,no_face_detected,2026-09-09T17:02:15
age21_059305.jpg,train,lips_masked,no_face_detected,2026-09-09T17:02:15
age70_029316.jpg,train,lips_masked,no_face_detected,2026-09-09T17:02:15
age38_065960.jpg,train,lips_masked,no_face_detected,2026-09-09T17:02:15
age34_016473.jpg,train,lips_masked,no_face_detected,2026-09-09T17:02:15
age18_072370.jpg,train,lips_masked,no_face_detected,2026-09-09T17:02:15
age38_067153.jpg,train,lips_masked,no_face_detected,2026-09-09T17:02:15
age61_082023.jpg,train,lips_masked,no_face_detected,2026-09-09T17:02:15
age4_054818.jpg,train,lips_masked,no_face_detected,2026-09-09T17:02:15
age58_075325.jpg,train,lips_masked,no_face_detected,2026-09-09T17:02:16
age5_010187.jpg,train,lips_masked,no_face_detected,2026-09-09T17:02:16
age31_016356.jpg,train,lips_masked,no_face_detected,2026-09-09T17:02:16
age48_042566.jpg,train,lips_masked,no_face_detected,2026-09-09T17:02:16
age58_078685.jpg,train,lips_masked,no_face_detected,2026-09-09T17:02:16
age34_014364.jpg,train,lips_masked,no_face_detected,2026-09-09T17:02:16
age36_066968.jpg,train,lips_masked,no_face_detected,2026-09-09T17:02:17
age31_013969.jpg,train,lips_masked,no_face_detected,2026-09-09T17:02:17
age61_076227.jpg,train,lips_masked,no_face_detected,2026-09-09T17:02:17
age55_046725.jpg,train,lips_masked,no_face_detected,2026-09-09T17:02:17
age45_064386.jpg,train,lips_masked,no_face_detected,2026-09-09T17:02:17
age34_014878.jpg,train,lips_masked,no_face_detected,2026-09-09T17:02:17
age3_053643.jpg,train,lips_masked,no_face_detected,2026-09-09T17:02:17
age38_064337.jpg,train,lips_masked,no_face_detected,2026-09-09T17:02:17
age71_027642.jpg,train,lips_masked,no_face_detected,2026-09-09T17:02:18
age12_005608.jpg,train,lips_masked,no_face_detected,2026-09-09T17:02:18
age68_032188.jpg,train,lips_masked,no_face_detected,2026-09-09T17:02:18
age18_067694.jpg,train,lips_masked,no_face_detected,2026-09-09T17:02:18
age61_079568.jpg,train,lips_masked,no_face_detected,2026-09-09T17:02:18
age42_063777.jpg,train,lips_masked,no_face_detected,2026-09-09T17:02:18
age25_057093.jpg,train,lips_masked,no_face_detected,2026-09-09T17:02:18
age38_066963.jpg,train,lips_masked,no_face_detected,2026-09-09T17:02:19
age62_082663.jpg,train,lips_masked,no_face_detected,2026-09-09T17:02:19
age5_053336.jpg,train,lips_masked,no_face_detected,2026-09-09T17:02:19
age4_051170.jpg,train,lips_masked,no_face_detected,2026-09-09T17:02:19
age58_078777.jpg,train,lips_masked,no_face_detected,2026-09-09T17:02:19
age36_068652.jpg,train,lips_masked,no_face_detected,2026-09-09T17:02:19
age40_067855.jpg,train,lips_masked,no_face_detected,2026-09-09T17:02:19
age64_079865.jpg,train,lips_masked,no_face_detected,2026-09-09T17:02:20
age53_047493.jpg,train,lips_masked,no_face_detected,2026-09-09T17:02:20
age60_077884.jpg,train,lips_masked,no_face_detected,2026-09-09T17:02:20
age42_046482.jpg,train,lips_masked,no_face_detected,2026-09-09T17:02:20
age70_034221.jpg,train,lips_masked,no_face_detected,2026-09-09T17:02:20
age45_038716.jpg,train,lips_masked,no_face_detected,2026-09-09T17:02:20
age45_064383.jpg,train,lips_masked,no_face_detected,2026-09-09T17:02:21
age6_013751.jpg,train,lips_masked,no_face_detected,2026-09-09T17:02:21
age32_014690.jpg,train,lips_masked,no_face_detected,2026-09-09T17:02:21
age24_056595.jpg,train,lips_masked,no_face_detected,2026-09-09T17:02:21
age20_057500.jpg,train,lips_masked,no_face_detected,2026-09-09T17:02:22
age21_059026.jpg,train,lips_masked,no_face_detected,2026-09-09T17:02:22
age4_054408.jpg,train,lips_masked,no_face_detected,2026-09-09T17:02:22
age21_060193.jpg,train,lips_masked,no_face_detected,2026-09-09T17:02:22
age22_057704.jpg,train,lips_masked,no_face_detected,2026-09-09T17:02:22
age4_051048.jpg,train,lips_masked,no_face_detected,2026-09-09T17:02:22
age11_001234.jpg,train,lips_masked,no_face_detected,2026-09-09T17:02:23
age87_027299.jpg,train,lips_masked,no_face_detected,2026-09-09T17:02:23
age27_026646.jpg,train,lips_masked,no_face_detected,2026-09-09T17:02:23
age33_015991.jpg,train,lips_masked,no_face_detected,2026-09-09T17:02:23
age61_078082.jpg,train,lips_masked,no_face_detected,2026-09-09T17:02:23
age41_063274.jpg,train,lips_masked,no_face_detected,2026-09-09T17:02:23
age67_034244.jpg,train,lips_masked,no_face_detected,2026-09-09T17:02:23
age47_038062.jpg,train,lips_masked,no_face_detected,2026-09-09T17:02:24
age74_028276.jpg,train,lips_masked,no_face_detected,2026-09-09T17:02:24
age4_053628.jpg,train,lips_masked,no_face_detected,2026-09-09T17:02:24
age47_037564.jpg,train,lips_masked,no_face_detected,2026-09-09T17:02:24
age60_077422.jpg,train,lips_masked,no_face_detected,2026-09-09T17:02:24
age20_057960.jpg,train,lips_masked,no_face_detected,2026-09-09T17:02:25
age6_009667.jpg,train,lips_masked,no_face_detected,2026-09-09T17:02:25
age38_067909.jpg,train,lips_masked,no_face_detected,2026-09-09T17:02:25
age62_078998.jpg,train,lips_masked,no_face_detected,2026-09-09T17:02:25
age19_073006.jpg,train,lips_masked,no_face_detected,2026-09-09T17:02:25
age41_062714.jpg,train,lips_masked,no_face_detected,2026-09-09T17:02:26
age61_040193.jpg,train,lips_masked,no_face_detected,2026-09-09T17:02:26
age4_050620.jpg,train,lips_masked,no_face_detected,2026-09-09T17:02:26
age64_046760.jpg,train,lips_masked,no_face_detected,2026-09-09T17:02:26
age6_009395.jpg,train,lips_masked,no_face_detected,2026-09-09T17:02:27
age20_059278.jpg,train,lips_masked,no_face_detected,2026-09-09T17:02:27
age9_010917.jpg,train,lips_masked,no_face_detected,2026-09-09T17:02:27
age21_059997.jpg,train,lips_masked,no_face_detected,2026-09-09T17:02:27
age34_017848.jpg,train,lips_masked,no_face_detected,2026-09-09T17:02:27
age21_057530.jpg,train,lips_masked,no_face_detected,2026-09-09T17:02:28
age10_011260.jpg,train,lips_masked,no_face_detected,2026-09-09T17:02:28
age48_044023.jpg,train,lips_masked,no_face_detected,2026-09-09T17:02:28
age73_030889.jpg,train,lips_masked,no_face_detected,2026-09-09T17:02:28
age4_051988.jpg,train,lips_masked,no_face_detected,2026-09-09T17:02:28
age54_045676.jpg,train,lips_masked,no_face_detected,2026-09-09T17:02:28
age18_074795.jpg,train,lips_masked,no_face_detected,2026-09-09T17:02:29
age40_069997.jpg,train,lips_masked,no_face_detected,2026-09-09T17:02:29
age19_005796.jpg,train,lips_masked,no_face_detected,2026-09-09T17:02:29
age80_082924.jpg,train,lips_masked,no_face_detected,2026-09-09T17:02:26
age50_041794.jpg,train,lips_masked,no_face_detected,2026-09-09T17:02:26
age27_024846.jpg,train,lips_masked,no_face_detected,2026-09-09T17:02:27
age22_055424.jpg,train,lips_masked,no_face_detected,2026-09-09T17:02:27
age50_037445.jpg,train,lips_masked,no_face_detected,2026-09-09T17:02:27
age5_006905.jpg,train,lips_masked,no_face_detected,2026-09-09T17:02:27
age43_045811.jpg,train,lips_masked,no_face_detected,2026-09-09T17:02:28
age53_045267.jpg,train,lips_masked,no_face_detected,2026-09-09T17:02:28
age70_032505.jpg,train,lips_masked,no_face_detected,2026-09-09T17:02:28
age65_035853.jpg,train,lips_masked,no_face_detected,2026-09-09T17:02:28
age40_069460.jpg,train,lips_masked,no_face_detected,2026-09-09T17:02:28
age66_034450.jpg,train,lips_masked,no_face_detected,2026-09-09T17:02:28
age54_034039.jpg,train,lips_masked,no_face_detected,2026-09-09T17:02:28
age55_045882.jpg,train,lips_masked,no_face_detected,2026-09-09T17:02:28
age67_031205.jpg,train,lips_masked,no_face_detected,2026-09-09T17:02:28
age68_031424.jpg,train,lips_masked,no_face_detected,2026-09-09T17:02:29
age20_054371.jpg,train,lips_masked,no_face_detected,2026-09-09T17:02:29
age70_032317.jpg,train,lips_masked,no_face_detected,2026-09-09T17:02:29
age7_009426.jpg,train,lips_masked,no_face_detected,2026-09-09T17:02:29
age79_083414.jpg,train,lips_masked,no_face_detected,2026-09-09T17:02:29
age6_007997.jpg,train,lips_masked,no_face_detected,2026-09-09T17:02:29
age18_060153.jpg,train,lips_masked,no_face_detected,2026-09-09T17:02:29
age31_014749.jpg,train,lips_masked,no_face_detected,2026-09-09T17:02:29
age64_062045.jpg,train,lips_masked,no_face_detected,2026-09-09T17:02:30
age73_028119.jpg,train,lips_masked,no_face_detected,2026-09-09T17:02:30
age34_018708.jpg,train,lips_masked,no_face_detected,2026-09-09T17:02:30
age38_069075.jpg,train,lips_masked,no_face_detected,2026-09-09T17:02:30
age57_076454.jpg,train,lips_masked,no_face_detected,2026-09-09T17:02:30
age11_005644.jpg,train,lips_masked,no_face_detected,2026-09-09T17:02:31
age61_061287.jpg,train,lips_masked,no_face_detected,2026-09-09T17:02:31
age57_077523.jpg,train,lips_masked,no_face_detected,2026-09-09T17:02:31
age84_083903.jpg,train,lips_masked,no_face_detected,2026-09-09T17:02:31
age57_077547.jpg,train,lips_masked,no_face_detected,2026-09-09T17:02:32
age4_052971.jpg,train,lips_masked,no_face_detected,2026-09-09T17:02:32
age31_016943.jpg,train,lips_masked,no_face_detected,2026-09-09T17:02:32
age69_035659.jpg,train,lips_masked,no_face_detected,2026-09-09T17:02:32
age6_010022.jpg,train,lips_masked,no_face_detected,2026-09-09T17:02:32
age4_054193.jpg,train,lips_masked,no_face_detected,2026-09-09T17:02:32
age77_083079.jpg,train,lips_masked,no_face_detected,2026-09-09T17:02:33
age48_043561.jpg,train,lips_masked,no_face_detected,2026-09-09T17:02:33
age50_047668.jpg,train,lips_masked,no_face_detected,2026-09-09T17:02:33
age18_074205.jpg,train,lips_masked,no_face_detected,2026-09-09T17:02:33
age18_074207.jpg,train,lips_masked,no_face_detected,2026-09-09T17:02:33
age54_049729.jpg,train,lips_masked,no_face_detected,2026-09-09T17:02:33
age48_042492.jpg,train,lips_masked,no_face_detected,2026-09-09T17:02:33
age65_035277.jpg,train,lips_masked,no_face_detected,2026-09-09T17:02:33
age27_021516.jpg,train,lips_masked,no_face_detected,2026-09-09T17:02:34
age31_017640.jpg,train,lips_masked,no_face_detected,2026-09-09T17:02:34
age41_061072.jpg,train,lips_masked,no_face_detected,2026-09-09T17:02:34
age40_062888.jpg,train,lips_masked,no_face_detected,2026-09-09T17:02:34
age34_020514.jpg,train,lips_masked,no_face_detected,2026-09-09T17:02:34
age27_026419.jpg,train,lips_masked,no_face_detected,2026-09-09T17:02:35
age47_037869.jpg,train,lips_masked,no_face_detected,2026-09-09T17:02:35
age37_068392.jpg,train,lips_masked,no_face_detected,2026-09-09T17:02:35
age57_075099.jpg,train,lips_masked,no_face_detected,2026-09-09T17:02:35
age31_014131.jpg,train,lips_masked,no_face_detected,2026-09-09T17:02:35
age38_066478.jpg,train,lips_masked,no_face_detected,2026-09-09T17:02:35
age61_082043.jpg,train,lips_masked,no_face_detected,2026-09-09T17:02:35
age34_016068.jpg,train,lips_masked,no_face_detected,2026-09-09T17:02:36
age58_048531.jpg,train,lips_masked,no_face_detected,2026-09-09T17:02:36
age34_015009.jpg,train,lips_masked,no_face_detected,2026-09-09T17:02:36
age6_010073.jpg,train,lips_masked,no_face_detected,2026-09-09T17:02:36
age57_025832.jpg,train,lips_masked,no_face_detected,2026-09-09T17:02:36
age27_021083.jpg,train,lips_masked,no_face_detected,2026-09-09T17:02:36
age12_002303.jpg,train,lips_masked,no_face_detected,2026-09-09T17:02:36
age75_030312.jpg,train,lips_masked,no_face_detected,2026-09-09T17:02:37
age4_054707.jpg,train,lips_masked,no_face_detected,2026-09-09T17:02:37
age53_048799.jpg,train,lips_masked,no_face_detected,2026-09-09T17:02:37
age20_074367.jpg,train,lips_masked,no_face_detected,2026-09-09T17:02:37
age20_073194.jpg,train,lips_masked,no_face_detected,2026-09-09T17:02:37
age19_071332.jpg,train,lips_masked,no_face_detected,2026-09-09T17:02:37
age17_073493.jpg,train,lips_masked,no_face_detected,2026-09-09T17:02:38
age6_010760.jpg,train,lips_masked,no_face_detected,2026-09-09T17:02:38
age70_030801.jpg,train,lips_masked,no_face_detected,2026-09-09T17:02:38
age58_075148.jpg,train,lips_masked,no_face_detected,2026-09-09T17:02:38
age54_048239.jpg,train,lips_masked,no_face_detected,2026-09-09T17:02:38
age72_030629.jpg,train,lips_masked,no_face_detected,2026-09-09T17:02:38
age2_051398.jpg,train,lips_masked,no_face_detected,2026-09-09T17:02:38
age41_060609.jpg,train,lips_masked,no_face_detected,2026-09-09T17:02:38
age48_040683.jpg,train,lips_masked,no_face_detected,2026-09-09T17:02:38
age45_025532.jpg,train,lips_masked,no_face_detected,2026-09-09T17:02:39
age31_019516.jpg,train,lips_masked,no_face_detected,2026-09-09T17:02:39
age66_031594.jpg,train,lips_masked,no_face_detected,2026-09-09T17:02:39
age62_079503.jpg,train,lips_masked,no_face_detected,2026-09-09T17:02:39
age38_066414.jpg,train,lips_masked,no_face_detected,2026-09-09T17:02:39
age34_019631.jpg,train,lips_masked,no_face_detected,2026-09-09T17:02:39
age31_020461.jpg,train,lips_masked,no_face_detected,2026-09-09T17:02:39
age69_032033.jpg,train,lips_masked,no_face_detected,2026-09-09T17:02:40
age42_060967.jpg,train,lips_masked,no_face_detected,2026-09-09T17:02:40
age64_082178.jpg,train,lips_masked,no_face_detected,2026-09-09T17:02:40
age17_057462.jpg,train,lips_masked,no_face_detected,2026-09-09T17:02:40
age33_020977.jpg,train,lips_masked,no_face_detected,2026-09-09T17:02:40
age10_006147.jpg,train,lips_masked,no_face_detected,2026-09-09T17:02:40
age48_043189.jpg,train,lips_masked,no_face_detected,2026-09-09T17:02:41
age89_027212.jpg,train,lips_masked,no_face_detected,2026-09-09T17:02:41
age24_056456.jpg,train,lips_masked,no_face_detected,2026-09-09T17:02:41
age41_064729.jpg,train,lips_masked,no_face_detected,2026-09-09T17:02:41
age68_033522.jpg,train,lips_masked,no_face_detected,2026-09-09T17:02:41
age50_046330.jpg,train,lips_masked,no_face_detected,2026-09-09T17:02:41
age33_020432.jpg,train,lips_masked,no_face_detected,2026-09-09T17:02:41
age6_007445.jpg,train,lips_masked,no_face_detected,2026-09-09T17:02:41
age34_015247.jpg,train,lips_masked,no_face_detected,2026-09-09T17:02:41
age48_040663.jpg,train,lips_masked,no_face_detected,2026-09-09T17:02:41
age79_083121.jpg,train,lips_masked,no_face_detected,2026-09-09T17:02:42
age40_062709.jpg,train,lips_masked,no_face_detected,2026-09-09T17:02:42
age37_069221.jpg,train,lips_masked,no_face_detected,2026-09-09T17:02:42
age65_036311.jpg,train,lips_masked,no_face_detected,2026-09-09T17:02:42
age6_002802.jpg,train,lips_masked,no_face_detected,2026-09-09T17:02:42
age31_016570.jpg,train,lips_masked,no_face_detected,2026-09-09T17:02:42
age4_051900.jpg,train,lips_masked,no_face_detected,2026-09-09T17:02:42
age54_044615.jpg,train,lips_masked,no_face_detected,2026-09-09T17:02:43
age6_009000.jpg,train,lips_masked,no_face_detected,2026-09-09T17:02:43
age22_055470.jpg,train,lips_masked,no_face_detected,2026-09-09T17:02:43
age36_068963.jpg,train,lips_masked,no_face_detected,2026-09-09T17:02:43
age17_074656.jpg,train,lips_masked,no_face_detected,2026-09-09T17:02:43
age65_080732.jpg,train,lips_masked,no_face_detected,2026-09-09T17:02:43
age34_018476.jpg,train,lips_masked,no_face_detected,2026-09-09T17:02:43
age27_024995.jpg,train,lips_masked,no_face_detected,2026-09-09T17:02:43
age63_048714.jpg,train,lips_masked,no_face_detected,2026-09-09T17:02:44
age48_038357.jpg,train,lips_masked,no_face_detected,2026-09-09T17:02:44
age10_000282.jpg,train,lips_masked,no_face_detected,2026-09-09T17:02:44
age55_047190.jpg,train,lips_masked,no_face_detected,2026-09-09T17:02:44
age36_067667.jpg,train,lips_masked,no_face_detected,2026-09-09T17:02:44
age6_008331.jpg,train,lips_masked,no_face_detected,2026-09-09T17:02:44
age70_030846.jpg,train,lips_masked,no_face_detected,2026-09-09T17:02:44
age23_057163.jpg,train,lips_masked,no_face_detected,2026-09-09T17:02:44
age49_040984.jpg,train,lips_masked,no_face_detected,2026-09-09T17:02:44
age8_007999.jpg,train,lips_masked,no_face_detected,2026-09-09T17:02:44
age42_060439.jpg,train,lips_masked,no_face_detected,2026-09-09T17:02:44
age6_006780.jpg,train,lips_masked,no_face_detected,2026-09-09T17:02:45
age38_069847.jpg,train,lips_masked,no_face_detected,2026-09-09T17:02:45
age40_064226.jpg,train,lips_masked,no_face_detected,2026-09-09T17:02:45
age50_038538.jpg,train,lips_masked,no_face_detected,2026-09-09T17:02:45
age47_042677.jpg,train,lips_masked,no_face_detected,2026-09-09T17:02:45
age38_067742.jpg,train,lips_masked,no_face_detected,2026-09-09T17:02:46
age70_036624.jpg,train,lips_masked,no_face_detected,2026-09-09T17:02:46
age41_063763.jpg,train,lips_masked,no_face_detected,2026-09-09T17:02:46
age36_024794.jpg,train,lips_masked,no_face_detected,2026-09-09T17:02:46
age25_055788.jpg,train,lips_masked,no_face_detected,2026-09-09T17:02:46
age21_057820.jpg,train,lips_masked,no_face_detected,2026-09-09T17:02:46
age55_076677.jpg,train,lips_masked,no_face_detected,2026-09-09T17:02:47
age61_082090.jpg,train,lips_masked,no_face_detected,2026-09-09T17:02:47
age17_071503.jpg,train,lips_masked,no_face_detected,2026-09-09T17:02:47
age4_053590.jpg,train,lips_masked,no_face_detected,2026-09-09T17:02:49
age47_038060.jpg,train,lips_masked,no_face_detected,2026-09-09T17:02:49
age12_004168.jpg,train,lips_masked,no_face_detected,2026-09-09T17:02:50
age10_001239.jpg,train,lips_masked,no_face_detected,2026-09-09T17:02:50
age13_004309.jpg,train,lips_masked,no_face_detected,2026-09-09T17:02:50
age3_011424.jpg,train,lips_masked,no_face_detected,2026-09-09T17:02:50
age4_010474.jpg,train,lips_masked,no_face_detected,2026-09-09T17:02:50
age57_076985.jpg,train,lips_masked,no_face_detected,2026-09-09T17:02:51
age31_015995.jpg,train,lips_masked,no_face_detected,2026-09-09T17:02:51
age36_068072.jpg,train,lips_masked,no_face_detected,2026-09-09T17:02:51
age29_019228.jpg,train,lips_masked,no_face_detected,2026-09-09T17:02:51
age62_081060.jpg,train,lips_masked,no_face_detected,2026-09-09T17:02:51
age57_077294.jpg,train,lips_masked,no_face_detected,2026-09-09T17:02:51
age17_074563.jpg,train,lips_masked,no_face_detected,2026-09-09T17:02:52
age54_039752.jpg,train,lips_masked,no_face_detected,2026-09-09T17:02:52
age69_033438.jpg,train,lips_masked,no_face_detected,2026-09-09T17:02:52
age27_026922.jpg,train,lips_masked,no_face_detected,2026-09-09T17:02:52
age48_036987.jpg,train,lips_masked,no_face_detected,2026-09-09T17:02:52
age59_044955.jpg,train,lips_masked,no_face_detected,2026-09-09T17:02:52
age54_037340.jpg,train,lips_masked,no_face_detected,2026-09-09T17:02:53
age10_001853.jpg,train,lips_masked,no_face_detected,2026-09-09T17:02:53
age36_021104.jpg,train,lips_masked,no_face_detected,2026-09-09T17:02:53
age10_011096.jpg,train,lips_masked,no_face_detected,2026-09-09T17:02:53
age77_082987.jpg,train,lips_masked,no_face_detected,2026-09-09T17:02:53
age70_035934.jpg,train,lips_masked,no_face_detected,2026-09-09T17:02:53
age11_004727.jpg,train,lips_masked,no_face_detected,2026-09-09T17:02:53
age70_007761.jpg,train,lips_masked,no_face_detected,2026-09-09T17:02:53
age54_046655.jpg,train,lips_masked,no_face_detected,2026-09-09T17:02:53
age15_072682.jpg,train,lips_masked,no_face_detected,2026-09-09T17:02:54
age20_057967.jpg,train,lips_masked,no_face_detected,2026-09-09T17:02:54
age21_057041.jpg,train,lips_masked,no_face_detected,2026-09-09T17:02:54
age66_032006.jpg,train,lips_masked,no_face_detected,2026-09-09T17:02:54
age38_067695.jpg,train,lips_masked,no_face_detected,2026-09-09T17:02:55
age37_065468.jpg,train,lips_masked,no_face_detected,2026-09-09T17:02:55
age58_076118.jpg,train,lips_masked,no_face_detected,2026-09-09T17:02:55
age15_060560.jpg,train,lips_masked,no_face_detected,2026-09-09T17:02:55
age31_019271.jpg,train,lips_masked,no_face_detected,2026-09-09T17:02:55
age12_004427.jpg,train,lips_masked,no_face_detected,2026-09-09T17:02:55
age54_045818.jpg,train,lips_masked,no_face_detected,2026-09-09T17:02:55
age21_055553.jpg,train,lips_masked,no_face_detected,2026-09-09T17:02:55
age25_058397.jpg,train,lips_masked,no_face_detected,2026-09-09T17:02:56
age60_079450.jpg,train,lips_masked,no_face_detected,2026-09-09T17:02:56
age29_021251.jpg,train,lips_masked,no_face_detected,2026-09-09T17:02:56
age31_014816.jpg,train,lips_masked,no_face_detected,2026-09-09T17:02:56
age57_076402.jpg,train,lips_masked,no_face_detected,2026-09-09T17:02:56
age40_069636.jpg,train,lips_masked,no_face_detected,2026-09-09T17:02:56
age40_065313.jpg,train,lips_masked,no_face_detected,2026-09-09T17:02:56
age47_039774.jpg,train,lips_masked,no_face_detected,2026-09-09T17:02:56
age65_033764.jpg,train,lips_masked,no_face_detected,2026-09-09T17:02:56
age38_065179.jpg,train,lips_masked,no_face_detected,2026-09-09T17:02:57
age41_061116.jpg,train,lips_masked,no_face_detected,2026-09-09T17:02:57
age73_028654.jpg,train,lips_masked,no_face_detected,2026-09-09T17:02:57
age29_022063.jpg,train,lips_masked,no_face_detected,2026-09-09T17:02:57
age70_031994.jpg,train,lips_masked,no_face_detected,2026-09-09T17:02:57
age55_047191.jpg,train,lips_masked,no_face_detected,2026-09-09T17:02:57
age26_022521.jpg,train,lips_masked,no_face_detected,2026-09-09T17:02:57
age18_057715.jpg,train,lips_masked,no_face_detected,2026-09-09T17:02:58
age18_073297.jpg,train,lips_masked,no_face_detected,2026-09-09T17:02:58
age28_021360.jpg,train,lips_masked,no_face_detected,2026-09-09T17:02:58
age37_069104.jpg,train,lips_masked,no_face_detected,2026-09-09T17:02:58
age61_082394.jpg,train,lips_masked,no_face_detected,2026-09-09T17:02:58
age21_056017.jpg,train,lips_masked,no_face_detected,2026-09-09T17:02:58
age27_023109.jpg,train,lips_masked,no_face_detected,2026-09-09T17:02:56
age72_028153.jpg,train,lips_masked,no_face_detected,2026-09-09T17:02:56
age57_077715.jpg,train,lips_masked,no_face_detected,2026-09-09T17:02:56
age27_025319.jpg,train,lips_masked,no_face_detected,2026-09-09T17:02:56
age15_004185.jpg,train,lips_masked,no_face_detected,2026-09-09T17:02:56
age62_079261.jpg,train,lips_masked,no_face_detected,2026-09-09T17:02:57
age31_014401.jpg,train,lips_masked,no_face_detected,2026-09-09T17:02:57
age38_032800.jpg,train,lips_masked,no_face_detected,2026-09-09T17:02:57
age34_019345.jpg,train,lips_masked,no_face_detected,2026-09-09T17:02:57
age61_080257.jpg,train,lips_masked,no_face_detected,2026-09-09T17:02:57
age45_040431.jpg,train,lips_masked,no_face_detected,2026-09-09T17:02:57
age34_015908.jpg,train,lips_masked,no_face_detected,2026-09-09T17:02:57
age53_047185.jpg,train,lips_masked,no_face_detected,2026-09-09T17:02:57
age7_001645.jpg,train,lips_masked,no_face_detected,2026-09-09T17:02:57
age27_024416.jpg,train,lips_masked,no_face_detected,2026-09-09T17:02:58
age45_043015.jpg,train,lips_masked,no_face_detected,2026-09-09T17:02:58
age58_079039.jpg,train,lips_masked,no_face_detected,2026-09-09T17:02:58
age22_059786.jpg,train,lips_masked,no_face_detected,2026-09-09T17:02:58
age25_056095.jpg,train,lips_masked,no_face_detected,2026-09-09T17:02:58
age62_082579.jpg,train,lips_masked,no_face_detected,2026-09-09T17:02:58
age70_032700.jpg,train,lips_masked,no_face_detected,2026-09-09T17:02:58
age37_070123.jpg,train,lips_masked,no_face_detected,2026-09-09T17:02:59
age37_070490.jpg,train,lips_masked,no_face_detected,2026-09-09T17:02:59
age58_076374.jpg,train,lips_masked,no_face_detected,2026-09-09T17:02:59
age53_049151.jpg,train,lips_masked,no_face_detected,2026-09-09T17:02:59
age50_043521.jpg,train,lips_masked,no_face_detected,2026-09-09T17:03:00
age19_009126.jpg,train,lips_masked,no_face_detected,2026-09-09T17:03:00
age4_052110.jpg,train,lips_masked,no_face_detected,2026-09-09T17:03:00
age6_012125.jpg,train,lips_masked,no_face_detected,2026-09-09T17:03:00
age27_022768.jpg,train,lips_masked,no_face_detected,2026-09-09T17:03:00
age40_040540.jpg,train,lips_masked,no_face_detected,2026-09-09T17:03:00
age61_079579.jpg,train,lips_masked,no_face_detected,2026-09-09T17:03:00
age27_023911.jpg,train,lips_masked,no_face_detected,2026-09-09T17:03:01
age34_017330.jpg,train,lips_masked,no_face_detected,2026-09-09T17:03:01
age4_054714.jpg,train,lips_masked,no_face_detected,2026-09-09T17:03:01
age6_007931.jpg,train,lips_masked,no_face_detected,2026-09-09T17:03:01
age13_000717.jpg,train,lips_masked,no_face_detected,2026-09-09T17:03:02
age55_047229.jpg,train,lips_masked,no_face_detected,2026-09-09T17:03:02
age2_052392.jpg,train,lips_masked,no_face_detected,2026-09-09T17:03:02
age17_038057.jpg,train,lips_masked,no_face_detected,2026-09-09T17:03:02
age26_023966.jpg,train,lips_masked,no_face_detected,2026-09-09T17:03:02
age31_015760.jpg,train,lips_masked,no_face_detected,2026-09-09T17:03:02
age42_062932.jpg,train,lips_masked,no_face_detected,2026-09-09T17:03:02
age11_000697.jpg,train,lips_masked,no_face_detected,2026-09-09T17:03:03
age41_024926.jpg,train,lips_masked,no_face_detected,2026-09-09T17:03:03
age38_067939.jpg,train,lips_masked,no_face_detected,2026-09-09T17:03:03
age25_025467.jpg,train,lips_masked,no_face_detected,2026-09-09T17:03:03
age48_040260.jpg,train,lips_masked,no_face_detected,2026-09-09T17:03:03
age31_019861.jpg,train,lips_masked,no_face_detected,2026-09-09T17:03:03
age48_043361.jpg,train,lips_masked,no_face_detected,2026-09-09T17:03:04
age76_083313.jpg,train,lips_masked,no_face_detected,2026-09-09T17:03:04
age71_027728.jpg,train,lips_masked,no_face_detected,2026-09-09T17:03:04
age10_005879.jpg,train,lips_masked,no_face_detected,2026-09-09T17:03:04
age10_002378.jpg,train,lips_masked,no_face_detected,2026-09-09T17:03:04
age15_004125.jpg,train,lips_masked,no_face_detected,2026-09-09T17:03:04
age36_069285.jpg,train,lips_masked,no_face_detected,2026-09-09T17:03:05
age25_021098.jpg,train,lips_masked,no_face_detected,2026-09-09T17:03:05
age27_026138.jpg,train,lips_masked,no_face_detected,2026-09-09T17:03:05
age40_061688.jpg,train,lips_masked,no_face_detected,2026-09-09T17:03:05
age10_010855.jpg,train,lips_masked,no_face_detected,2026-09-09T17:03:05
age67_031485.jpg,train,lips_masked,no_face_detected,2026-09-09T17:03:05
age6_012352.jpg,train,lips_masked,no_face_detected,2026-09-09T17:03:05
age42_063642.jpg,train,lips_masked,no_face_detected,2026-09-09T17:03:06
age2_054282.jpg,train,lips_masked,no_face_detected,2026-09-09T17:03:06
age48_038901.jpg,train,lips_masked,no_face_detected,2026-09-09T17:03:06
age54_047603.jpg,train,lips_masked,no_face_detected,2026-09-09T17:03:06
age37_068560.jpg,train,lips_masked,no_face_detected,2026-09-09T17:03:06
age13_001435.jpg,train,lips_masked,no_face_detected,2026-09-09T17:03:06
age39_019557.jpg,train,lips_masked,no_face_detected,2026-09-09T17:03:07
58_1_0_20170113210319682.jpg,train,lips_masked,no_face_detected,2026-09-09T17:03:07
age55_044255.jpg,train,lips_masked,no_face_detected,2026-09-09T17:03:07
age34_018635.jpg,train,lips_masked,no_face_detected,2026-09-09T17:03:07
age1_050954.jpg,train,lips_masked,no_face_detected,2026-09-09T17:03:07
age46_043548.jpg,train,lips_masked,no_face_detected,2026-09-09T17:03:07
age13_003053.jpg,train,lips_masked,no_face_detected,2026-09-09T17:03:07
age20_059435.jpg,train,lips_masked,no_face_detected,2026-09-09T17:03:07
age68_031324.jpg,train,lips_masked,no_face_detected,2026-09-09T17:03:07
age60_080978.jpg,train,lips_masked,no_face_detected,2026-09-09T17:03:08
age64_029190.jpg,train,lips_masked,no_face_detected,2026-09-09T17:03:08
age27_017406.jpg,train,lips_masked,no_face_detected,2026-09-09T17:03:08
age40_067431.jpg,train,lips_masked,no_face_detected,2026-09-09T17:03:08
age64_081208.jpg,train,lips_masked,no_face_detected,2026-09-09T17:03:08
age13_002035.jpg,train,lips_masked,no_face_detected,2026-09-09T17:03:08
age74_028538.jpg,train,lips_masked,no_face_detected,2026-09-09T17:03:08
age15_000351.jpg,train,lips_masked,no_face_detected,2026-09-09T17:03:09
age10_000850.jpg,train,lips_masked,no_face_detected,2026-09-09T17:03:09
age41_061855.jpg,train,lips_masked,no_face_detected,2026-09-09T17:03:09
age54_044545.jpg,train,lips_masked,no_face_detected,2026-09-09T17:03:09
age48_040081.jpg,train,lips_masked,no_face_detected,2026-09-09T17:03:09
age26_023283.jpg,train,lips_masked,no_face_detected,2026-09-09T17:03:09
age66_031969.jpg,train,lips_masked,no_face_detected,2026-09-09T17:03:09
age33_020206.jpg,train,lips_masked,no_face_detected,2026-09-09T17:03:09
age54_044563.jpg,train,lips_masked,no_face_detected,2026-09-09T17:03:10
age21_056875.jpg,train,lips_masked,no_face_detected,2026-09-09T17:03:10
age75_082853.jpg,train,lips_masked,no_face_detected,2026-09-09T17:03:10
age11_002646.jpg,train,lips_masked,no_face_detected,2026-09-09T17:03:10
age37_066641.jpg,train,lips_masked,no_face_detected,2026-09-09T17:03:10
age38_068064.jpg,train,lips_masked,no_face_detected,2026-09-09T17:03:11
age60_031754.jpg,train,lips_masked,no_face_detected,2026-09-09T17:03:11
age17_072099.jpg,train,lips_masked,no_face_detected,2026-09-09T17:03:11
age67_034753.jpg,train,lips_masked,no_face_detected,2026-09-09T17:03:11
age27_024052.jpg,train,lips_masked,no_face_detected,2026-09-09T17:03:11
age9_012031.jpg,train,lips_masked,no_face_detected,2026-09-09T17:03:11
age65_034521.jpg,train,lips_masked,no_face_detected,2026-09-09T17:03:11
age40_064277.jpg,train,lips_masked,no_face_detected,2026-09-09T17:03:12
age48_037651.jpg,train,lips_masked,no_face_detected,2026-09-09T17:03:12
age21_057037.jpg,train,lips_masked,no_face_detected,2026-09-09T17:03:12
age17_072025.jpg,train,lips_masked,no_face_detected,2026-09-09T17:03:12
age4_050788.jpg,train,lips_masked,no_face_detected,2026-09-09T17:03:12
age19_000852.jpg,train,lips_masked,no_face_detected,2026-09-09T17:03:13
age27_022861.jpg,train,lips_masked,no_face_detected,2026-09-09T17:03:13
age40_062580.jpg,train,lips_masked,no_face_detected,2026-09-09T17:03:13
age27_026853.jpg,train,lips_masked,no_face_detected,2026-09-09T17:03:13
age7_006071.jpg,train,lips_masked,no_face_detected,2026-09-09T17:03:14
age69_034201.jpg,train,lips_masked,no_face_detected,2026-09-09T17:03:14
age38_025468.jpg,train,lips_masked,no_face_detected,2026-09-09T17:03:14
age58_013847.jpg,train,lips_masked,no_face_detected,2026-09-09T17:03:14
age42_060897.jpg,train,lips_masked,no_face_detected,2026-09-09T17:03:14
age64_070204.jpg,train,lips_masked,no_face_detected,2026-09-09T17:03:14
age10_011354.jpg,train,lips_masked,no_face_detected,2026-09-09T17:03:14
age17_071601.jpg,train,lips_masked,no_face_detected,2026-09-09T17:03:15
age6_011825.jpg,train,lips_masked,no_face_detected,2026-09-09T17:03:15
age47_039468.jpg,train,lips_masked,no_face_detected,2026-09-09T17:03:15
age49_042813.jpg,train,lips_masked,no_face_detected,2026-09-09T17:03:15
age22_055792.jpg,train,lips_masked,no_face_detected,2026-09-09T17:03:15
age69_035525.jpg,train,lips_masked,no_face_detected,2026-09-09T17:03:15
age53_048136.jpg,train,lips_masked,no_face_detected,2026-09-09T17:03:15
age65_034427.jpg,train,lips_masked,no_face_detected,2026-09-09T17:03:15
age64_044855.jpg,train,lips_masked,no_face_detected,2026-09-09T17:03:16
age50_042278.jpg,train,lips_masked,no_face_detected,2026-09-09T17:03:16
age25_026250.jpg,train,lips_masked,no_face_detected,2026-09-09T17:03:16
age11_003498.jpg,train,lips_masked,no_face_detected,2026-09-09T17:03:16
age20_059934.jpg,train,lips_masked,no_face_detected,2026-09-09T17:03:16
age17_074954.jpg,train,lips_masked,no_face_detected,2026-09-09T17:03:17
age25_022269.jpg,train,lips_masked,no_face_detected,2026-09-09T17:03:17
age38_069191.jpg,train,lips_masked,no_face_detected,2026-09-09T17:03:17
age37_065267.jpg,train,lips_masked,no_face_detected,2026-09-09T17:03:17
age11_000798.jpg,train,lips_masked,no_face_detected,2026-09-09T17:03:17
age31_016591.jpg,train,lips_masked,no_face_detected,2026-09-09T17:03:17
age11_001405.jpg,train,lips_masked,no_face_detected,2026-09-09T17:03:17
age17_072678.jpg,train,lips_masked,no_face_detected,2026-09-09T17:03:18
age55_048105.jpg,train,lips_masked,no_face_detected,2026-09-09T17:03:18
age66_036293.jpg,train,lips_masked,no_face_detected,2026-09-09T17:03:18
age13_005446.jpg,train,lips_masked,no_face_detected,2026-09-09T17:03:18
age41_061508.jpg,train,lips_masked,no_face_detected,2026-09-09T17:03:18
age25_014314.jpg,train,lips_masked,no_face_detected,2026-09-09T17:03:19
age38_070275.jpg,train,lips_masked,no_face_detected,2026-09-09T17:03:19
age79_082891.jpg,train,lips_masked,no_face_detected,2026-09-09T17:03:19
age20_074453.jpg,train,lips_masked,no_face_detected,2026-09-09T17:03:19
age10_008225.jpg,train,lips_masked,no_face_detected,2026-09-09T17:03:19
age41_060868.jpg,train,lips_masked,no_face_detected,2026-09-09T17:03:19
age34_017999.jpg,train,lips_masked,no_face_detected,2026-09-09T17:03:19
age78_083180.jpg,train,lips_masked,no_face_detected,2026-09-09T17:03:19
age27_025345.jpg,train,lips_masked,no_face_detected,2026-09-09T17:03:19
age62_079100.jpg,train,lips_masked,no_face_detected,2026-09-09T17:03:20
age31_016181.jpg,train,lips_masked,no_face_detected,2026-09-09T17:03:20
age20_071385.jpg,train,lips_masked,no_face_detected,2026-09-09T17:03:20
age19_074183.jpg,train,lips_masked,no_face_detected,2026-09-09T17:03:20
age55_078933.jpg,train,lips_masked,no_face_detected,2026-09-09T17:03:20
age78_083405.jpg,train,lips_masked,no_face_detected,2026-09-09T17:03:20
age62_080133.jpg,train,lips_masked,no_face_detected,2026-09-09T17:03:20
age38_069907.jpg,train,lips_masked,no_face_detected,2026-09-09T17:03:20
age48_042993.jpg,train,lips_masked,no_face_detected,2026-09-09T17:03:20
age73_030634.jpg,train,lips_masked,no_face_detected,2026-09-09T17:03:21
age47_040691.jpg,train,lips_masked,no_face_detected,2026-09-09T17:03:21
age71_029973.jpg,train,lips_masked,no_face_detected,2026-09-09T17:03:21
age25_022318.jpg,train,lips_masked,no_face_detected,2026-09-09T17:03:21
age60_079554.jpg,train,lips_masked,no_face_detected,2026-09-09T17:03:21
age10_007930.jpg,train,lips_masked,no_face_detected,2026-09-09T17:03:21
age44_017342.jpg,train,lips_masked,no_face_detected,2026-09-09T17:03:21
age10_003538.jpg,train,lips_masked,no_face_detected,2026-09-09T17:03:22
age50_042237.jpg,train,lips_masked,no_face_detected,2026-09-09T17:03:22
age20_057488.jpg,train,lips_masked,no_face_detected,2026-09-09T17:03:22
age4_051026.jpg,train,lips_masked,no_face_detected,2026-09-09T17:03:22
age11_003060.jpg,train,lips_masked,no_face_detected,2026-09-09T17:03:22
age38_068761.jpg,train,lips_masked,no_face_detected,2026-09-09T17:03:22
age82_083967.jpg,train,lips_masked,no_face_detected,2026-09-09T17:03:23
age65_026219.jpg,train,lips_masked,no_face_detected,2026-09-09T17:03:23
age2_050648.jpg,train,lips_masked,no_face_detected,2026-09-09T17:03:23
age2_054433.jpg,train,lips_masked,no_face_detected,2026-09-09T17:03:23
age73_027604.jpg,train,lips_masked,no_face_detected,2026-09-09T17:03:23
age54_049305.jpg,train,lips_masked,no_face_detected,2026-09-09T17:03:24
age7_005256.jpg,train,lips_masked,no_face_detected,2026-09-09T17:03:24
age45_062629.jpg,train,lips_masked,no_face_detected,2026-09-09T17:03:24
age26_024456.jpg,train,lips_masked,no_face_detected,2026-09-09T17:03:25
age29_013394.jpg,train,lips_masked,no_face_detected,2026-09-09T17:03:25
age1_054543.jpg,train,lips_masked,no_face_detected,2026-09-09T17:03:25
age54_049929.jpg,train,lips_masked,no_face_detected,2026-09-09T17:03:25
age65_033564.jpg,train,lips_masked,no_face_detected,2026-09-09T17:03:25
age16_055568.jpg,train,lips_masked,no_face_detected,2026-09-09T17:03:25
age77_079679.jpg,train,lips_masked,no_face_detected,2026-09-09T17:03:26
age36_037355.jpg,train,lips_masked,no_face_detected,2026-09-09T17:03:26
age55_077313.jpg,train,lips_masked,no_face_detected,2026-09-09T17:03:26
age66_033384.jpg,train,lips_masked,no_face_detected,2026-09-09T17:03:26
age67_035916.jpg,train,lips_masked,no_face_detected,2026-09-09T17:03:26
age31_018234.jpg,train,lips_masked,no_face_detected,2026-09-09T17:03:26
age4_053376.jpg,train,lips_masked,no_face_detected,2026-09-09T17:03:26
age70_029530.jpg,train,lips_masked,no_face_detected,2026-09-09T17:03:27
age36_069954.jpg,train,lips_masked,no_face_detected,2026-09-09T17:03:27
age58_078444.jpg,train,lips_masked,no_face_detected,2026-09-09T17:03:27
age75_029323.jpg,train,lips_masked,no_face_detected,2026-09-09T17:03:27
age4_023166.jpg,train,lips_masked,no_face_detected,2026-09-09T17:03:27
age17_072238.jpg,train,lips_masked,no_face_detected,2026-09-09T17:03:27
age62_082012.jpg,train,lips_masked,no_face_detected,2026-09-09T17:03:27
age41_030211.jpg,train,lips_masked,no_face_detected,2026-09-09T17:03:25
age20_005664.jpg,train,lips_masked,no_face_detected,2026-09-09T17:03:25
age32_014450.jpg,train,lips_masked,no_face_detected,2026-09-09T17:03:25
age18_071599.jpg,train,lips_masked,no_face_detected,2026-09-09T17:03:25
age8_009564.jpg,train,lips_masked,no_face_detected,2026-09-09T17:03:25
age20_055238.jpg,train,lips_masked,no_face_detected,2026-09-09T17:03:25
age66_033639.jpg,train,lips_masked,no_face_detected,2026-09-09T17:03:25
age38_067258.jpg,train,lips_masked,no_face_detected,2026-09-09T17:03:26
age83_083857.jpg,train,lips_masked,no_face_detected,2026-09-09T17:03:26
age27_022737.jpg,train,lips_masked,no_face_detected,2026-09-09T17:03:26
age31_014144.jpg,train,lips_masked,no_face_detected,2026-09-09T17:03:26
age61_082359.jpg,train,lips_masked,no_face_detected,2026-09-09T17:03:30
age27_026145.jpg,train,lips_masked,no_face_detected,2026-09-09T17:03:30
age64_082262.jpg,train,lips_masked,no_face_detected,2026-09-09T17:03:31
age64_079553.jpg,train,lips_masked,no_face_detected,2026-09-09T17:03:31
age65_080410.jpg,train,lips_masked,no_face_detected,2026-09-09T17:03:31
age28_018839.jpg,train,lips_masked,no_face_detected,2026-09-09T17:03:31
age50_044672.jpg,train,lips_masked,no_face_detected,2026-09-09T17:03:31
age5_010377.jpg,train,lips_masked,no_face_detected,2026-09-09T17:03:31
age47_044122.jpg,train,lips_masked,no_face_detected,2026-09-09T17:03:31
age77_082807.jpg,train,lips_masked,no_face_detected,2026-09-09T17:03:31
age53_046753.jpg,train,lips_masked,no_face_detected,2026-09-09T17:03:31
age4_050885.jpg,train,lips_masked,no_face_detected,2026-09-09T17:03:32
age38_069990.jpg,train,lips_masked,no_face_detected,2026-09-09T17:03:32
age59_032619.jpg,train,lips_masked,no_face_detected,2026-09-09T17:03:32
age74_019126.jpg,train,lips_masked,no_face_detected,2026-09-09T17:03:32
age2_053054.jpg,train,lips_masked,no_face_detected,2026-09-09T17:03:32
age31_014283.jpg,train,lips_masked,no_face_detected,2026-09-09T17:03:32
age6_011811.jpg,train,lips_masked,no_face_detected,2026-09-09T17:03:32
age58_075709.jpg,train,lips_masked,no_face_detected,2026-09-09T17:03:32
age46_041747.jpg,train,lips_masked,no_face_detected,2026-09-09T17:03:32
age60_079491.jpg,train,lips_masked,no_face_detected,2026-09-09T17:03:33
age21_056904.jpg,train,lips_masked,no_face_detected,2026-09-09T17:03:33
age55_047487.jpg,train,lips_masked,no_face_detected,2026-09-09T17:03:33
age38_068608.jpg,train,lips_masked,no_face_detected,2026-09-09T17:03:33
age31_016027.jpg,train,lips_masked,no_face_detected,2026-09-09T17:03:33
age20_025460.jpg,train,lips_masked,no_face_detected,2026-09-09T17:03:33
age4_052240.jpg,train,lips_masked,no_face_detected,2026-09-09T17:03:33
age37_069505.jpg,train,lips_masked,no_face_detected,2026-09-09T17:03:34
age69_036822.jpg,train,lips_masked,no_face_detected,2026-09-09T17:03:34
age8_003724.jpg,train,lips_masked,no_face_detected,2026-09-09T17:03:34
age7_009782.jpg,train,lips_masked,no_face_detected,2026-09-09T17:03:34
age33_015443.jpg,train,lips_masked,no_face_detected,2026-09-09T17:03:34
age4_054528.jpg,train,lips_masked,no_face_detected,2026-09-09T17:03:34
age20_059787.jpg,train,lips_masked,no_face_detected,2026-09-09T17:03:35
age10_008841.jpg,train,lips_masked,no_face_detected,2026-09-09T17:03:35
age50_037541.jpg,train,lips_masked,no_face_detected,2026-09-09T17:03:35
age37_065850.jpg,train,lips_masked,no_face_detected,2026-09-09T17:03:35
age20_060792.jpg,train,lips_masked,no_face_detected,2026-09-09T17:03:35
age18_073787.jpg,train,lips_masked,no_face_detected,2026-09-09T17:03:35
age27_025995.jpg,train,lips_masked,no_face_detected,2026-09-09T17:03:35
age34_017020.jpg,train,lips_masked,no_face_detected,2026-09-09T17:03:35
age67_034737.jpg,train,lips_masked,no_face_detected,2026-09-09T17:03:35
age40_061009.jpg,train,lips_masked,no_face_detected,2026-09-09T17:03:35
age66_031700.jpg,train,lips_masked,no_face_detected,2026-09-09T17:03:36
age4_051728.jpg,train,lips_masked,no_face_detected,2026-09-09T17:03:36
age31_017175.jpg,train,lips_masked,no_face_detected,2026-09-09T17:03:36
age47_043930.jpg,train,lips_masked,no_face_detected,2026-09-09T17:03:36
age81_083971.jpg,train,lips_masked,no_face_detected,2026-09-09T17:03:36
age33_019405.jpg,train,lips_masked,no_face_detected,2026-09-09T17:03:36
age77_030520.jpg,train,lips_masked,no_face_detected,2026-09-09T17:03:36
age6_010517.jpg,train,lips_masked,no_face_detected,2026-09-09T17:03:36
age40_066597.jpg,train,lips_masked,no_face_detected,2026-09-09T17:03:36
age64_081369.jpg,train,lips_masked,no_face_detected,2026-09-09T17:03:36
age25_059108.jpg,train,lips_masked,no_face_detected,2026-09-09T17:03:37
age6_011119.jpg,train,lips_masked,no_face_detected,2026-09-09T17:03:37
age70_033981.jpg,train,lips_masked,no_face_detected,2026-09-09T17:03:37
age54_049973.jpg,train,lips_masked,no_face_detected,2026-09-09T17:03:37
age20_072341.jpg,train,lips_masked,no_face_detected,2026-09-09T17:03:37
age65_035379.jpg,train,lips_masked,no_face_detected,2026-09-09T17:03:37
age10_003278.jpg,train,lips_masked,no_face_detected,2026-09-09T17:03:37
age68_034544.jpg,train,lips_masked,no_face_detected,2026-09-09T17:03:37
age45_018135.jpg,train,lips_masked,no_face_detected,2026-09-09T17:03:37
age20_057114.jpg,train,lips_masked,no_face_detected,2026-09-09T17:03:38
age71_028182.jpg,train,lips_masked,no_face_detected,2026-09-09T17:03:38
age57_075312.jpg,train,lips_masked,no_face_detected,2026-09-09T17:03:38
age52_048442.jpg,train,lips_masked,no_face_detected,2026-09-09T17:03:38
age45_061498.jpg,train,lips_masked,no_face_detected,2026-09-09T17:03:38
age21_055658.jpg,train,lips_masked,no_face_detected,2026-09-09T17:03:39
age77_082911.jpg,train,lips_masked,no_face_detected,2026-09-09T17:03:39
age40_015826.jpg,train,lips_masked,no_face_detected,2026-09-09T17:03:39
age50_044986.jpg,train,lips_masked,no_face_detected,2026-09-09T17:03:39
age4_051626.jpg,train,lips_masked,no_face_detected,2026-09-09T17:03:39
age20_072322.jpg,train,lips_masked,no_face_detected,2026-09-09T17:03:40
age4_051541.jpg,train,lips_masked,no_face_detected,2026-09-09T17:03:40
age61_080673.jpg,train,lips_masked,no_face_detected,2026-09-09T17:03:40
age45_036904.jpg,train,lips_masked,no_face_detected,2026-09-09T17:03:40
age25_056339.jpg,train,lips_masked,no_face_detected,2026-09-09T17:03:40
age68_036133.jpg,train,lips_masked,no_face_detected,2026-09-09T17:03:40
age31_015537.jpg,train,lips_masked,no_face_detected,2026-09-09T17:03:40
age47_038842.jpg,train,lips_masked,no_face_detected,2026-09-09T17:03:41
age27_014565.jpg,train,lips_masked,no_face_detected,2026-09-09T17:03:41
age63_032108.jpg,train,lips_masked,no_face_detected,2026-09-09T17:03:41
age31_020947.jpg,train,lips_masked,no_face_detected,2026-09-09T17:03:41
age33_014578.jpg,train,lips_masked,no_face_detected,2026-09-09T17:03:41
age40_068702.jpg,train,lips_masked,no_face_detected,2026-09-09T17:03:41
age79_082806.jpg,train,lips_masked,no_face_detected,2026-09-09T17:03:42
age34_015248.jpg,train,lips_masked,no_face_detected,2026-09-09T17:03:42
age66_034049.jpg,train,lips_masked,no_face_detected,2026-09-09T17:03:42
age55_075219.jpg,train,lips_masked,no_face_detected,2026-09-09T17:03:42
age66_031880.jpg,train,lips_masked,no_face_detected,2026-09-09T17:03:42
age69_034764.jpg,train,lips_masked,no_face_detected,2026-09-09T17:03:43
age23_057048.jpg,train,lips_masked,no_face_detected,2026-09-09T17:03:43
age86_027231.jpg,train,lips_masked,no_face_detected,2026-09-09T17:03:43
age48_037032.jpg,train,lips_masked,no_face_detected,2026-09-09T17:03:43
age38_048252.jpg,train,lips_masked,no_face_detected,2026-09-09T17:03:43
age38_067892.jpg,train,lips_masked,no_face_detected,2026-09-09T17:03:43
age9_013707.jpg,train,lips_masked,no_face_detected,2026-09-09T17:03:43
age29_023074.jpg,train,lips_masked,no_face_detected,2026-09-09T17:03:44
age69_036299.jpg,train,lips_masked,no_face_detected,2026-09-09T17:03:44
age68_036061.jpg,train,lips_masked,no_face_detected,2026-09-09T17:03:44
age28_023135.jpg,train,lips_masked,no_face_detected,2026-09-09T17:03:44
age33_018347.jpg,train,lips_masked,no_face_detected,2026-09-09T17:03:44
age20_011089.jpg,train,lips_masked,no_face_detected,2026-09-09T17:03:44
age42_048453.jpg,train,lips_masked,no_face_detected,2026-09-09T17:03:45
age21_059417.jpg,train,lips_masked,no_face_detected,2026-09-09T17:03:45
age6_012264.jpg,train,lips_masked,no_face_detected,2026-09-09T17:03:45
age20_060001.jpg,train,lips_masked,no_face_detected,2026-09-09T17:03:45
age64_065501.jpg,train,lips_masked,no_face_detected,2026-09-09T17:03:45
age37_070458.jpg,train,lips_masked,no_face_detected,2026-09-09T17:03:46
age27_021045.jpg,train,lips_masked,no_face_detected,2026-09-09T17:03:46
age40_070337.jpg,train,lips_masked,no_face_detected,2026-09-09T17:03:46
age54_046879.jpg,train,lips_masked,no_face_detected,2026-09-09T17:03:46
age21_056204.jpg,train,lips_masked,no_face_detected,2026-09-09T17:03:46
age11_006741.jpg,train,lips_masked,no_face_detected,2026-09-09T17:03:46
age69_032168.jpg,train,lips_masked,no_face_detected,2026-09-09T17:03:46
age38_069435.jpg,train,lips_masked,no_face_detected,2026-09-09T17:03:47
age68_031225.jpg,train,lips_masked,no_face_detected,2026-09-09T17:03:47
age75_029165.jpg,train,lips_masked,no_face_detected,2026-09-09T17:03:47
age60_075707.jpg,train,lips_masked,no_face_detected,2026-09-09T17:03:47
age18_049414.jpg,train,lips_masked,no_face_detected,2026-09-09T17:03:47
age55_045472.jpg,train,lips_masked,no_face_detected,2026-09-09T17:03:48
age21_056305.jpg,train,lips_masked,no_face_detected,2026-09-09T17:03:48
age42_061181.jpg,train,lips_masked,no_face_detected,2026-09-09T17:03:48
age27_021414.jpg,train,lips_masked,no_face_detected,2026-09-09T17:03:48
age4_051453.jpg,train,lips_masked,no_face_detected,2026-09-09T17:03:48
age6_008032.jpg,train,lips_masked,no_face_detected,2026-09-09T17:03:48
age64_031408.jpg,train,lips_masked,no_face_detected,2026-09-09T17:03:49
age10_009084.jpg,train,lips_masked,no_face_detected,2026-09-09T17:03:49
age32_017087.jpg,train,lips_masked,no_face_detected,2026-09-09T17:03:49
age42_063766.jpg,train,lips_masked,no_face_detected,2026-09-09T17:03:49
age70_027536.jpg,train,lips_masked,no_face_detected,2026-09-09T17:03:49
age7_011841.jpg,train,lips_masked,no_face_detected,2026-09-09T17:03:49
age15_070847.jpg,train,lips_masked,no_face_detected,2026-09-09T17:03:49
age6_007276.jpg,train,lips_masked,no_face_detected,2026-09-09T17:03:49
age27_024593.jpg,train,lips_masked,no_face_detected,2026-09-09T17:03:50
age72_028594.jpg,train,lips_masked,no_face_detected,2026-09-09T17:03:50
age67_036159.jpg,train,lips_masked,no_face_detected,2026-09-09T17:03:50
age27_024860.jpg,train,lips_masked,no_face_detected,2026-09-09T17:03:50
age53_048471.jpg,train,lips_masked,no_face_detected,2026-09-09T17:03:50
age76_083482.jpg,train,lips_masked,no_face_detected,2026-09-09T17:03:50
age15_000503.jpg,train,lips_masked,no_face_detected,2026-09-09T17:03:51
age41_064135.jpg,train,lips_masked,no_face_detected,2026-09-09T17:03:51
age4_052652.jpg,train,lips_masked,no_face_detected,2026-09-09T17:03:51
age47_043010.jpg,train,lips_masked,no_face_detected,2026-09-09T17:03:51
age62_080448.jpg,train,lips_masked,no_face_detected,2026-09-09T17:03:51
age61_082358.jpg,train,lips_masked,no_face_detected,2026-09-09T17:03:51
age47_038525.jpg,train,lips_masked,no_face_detected,2026-09-09T17:03:51
age47_024690.jpg,train,lips_masked,no_face_detected,2026-09-09T17:03:52
age11_000993.jpg,train,lips_masked,no_face_detected,2026-09-09T17:03:52
age62_082239.jpg,train,lips_masked,no_face_detected,2026-09-09T17:03:52
age54_047075.jpg,train,lips_masked,no_face_detected,2026-09-09T17:03:52
age76_082775.jpg,train,lips_masked,no_face_detected,2026-09-09T17:03:52
age22_056072.jpg,train,lips_masked,no_face_detected,2026-09-09T17:03:52
age52_018410.jpg,train,lips_masked,no_face_detected,2026-09-09T17:03:52
age25_057438.jpg,train,lips_masked,no_face_detected,2026-09-09T17:03:53
age31_020540.jpg,train,lips_masked,no_face_detected,2026-09-09T17:03:53
age67_035338.jpg,train,lips_masked,no_face_detected,2026-09-09T17:03:53
age60_076941.jpg,train,lips_masked,no_face_detected,2026-09-09T17:03:53
age60_080888.jpg,train,lips_masked,no_face_detected,2026-09-09T17:03:53
age11_001353.jpg,train,lips_masked,no_face_detected,2026-09-09T17:03:53
age54_045669.jpg,train,lips_masked,no_face_detected,2026-09-09T17:03:53
age42_064854.jpg,train,lips_masked,no_face_detected,2026-09-09T17:03:54
age21_054411.jpg,train,lips_masked,no_face_detected,2026-09-09T17:03:54
age20_056995.jpg,train,lips_masked,no_face_detected,2026-09-09T17:03:54
age64_033470.jpg,train,lips_masked,no_face_detected,2026-09-09T17:03:54
age83_054712.jpg,train,lips_masked,no_face_detected,2026-09-09T17:03:54
age35_042890.jpg,train,lips_masked,no_face_detected,2026-09-09T17:03:54
age21_025333.jpg,train,lips_masked,no_face_detected,2026-09-09T17:03:54
age6_007210.jpg,train,lips_masked,no_face_detected,2026-09-09T17:03:55
age73_028504.jpg,train,lips_masked,no_face_detected,2026-09-09T17:03:55
age60_069459.jpg,train,lips_masked,no_face_detected,2026-09-09T17:03:55
age31_017562.jpg,train,lips_masked,no_face_detected,2026-09-09T17:03:55
age4_050750.jpg,train,lips_masked,no_face_detected,2026-09-09T17:03:56
age64_016419.jpg,train,lips_masked,no_face_detected,2026-09-09T17:03:56
age53_022526.jpg,train,lips_masked,no_face_detected,2026-09-09T17:03:56
age46_037582.jpg,train,lips_masked,no_face_detected,2026-09-09T17:03:56
age80_014923.jpg,train,lips_masked,no_face_detected,2026-09-09T17:03:56
age68_034285.jpg,train,lips_masked,no_face_detected,2026-09-09T17:03:56
age31_018037.jpg,train,lips_masked,no_face_detected,2026-09-09T17:03:57
age37_066512.jpg,train,lips_masked,no_face_detected,2026-09-09T17:03:57
age64_079532.jpg,train,lips_masked,no_face_detected,2026-09-09T17:03:57
age41_060557.jpg,train,lips_masked,no_face_detected,2026-09-09T17:03:57
age28_021585.jpg,train,lips_masked,no_face_detected,2026-09-09T17:03:54
33_0_0_20170113210127212.jpg,train,lips_masked,no_face_detected,2026-09-09T17:03:54
age32_019615.jpg,train,lips_masked,no_face_detected,2026-09-09T17:03:54
age55_022151.jpg,train,lips_masked,no_face_detected,2026-09-09T17:03:54
age43_040878.jpg,train,lips_masked,no_face_detected,2026-09-09T17:03:55
age40_061894.jpg,train,lips_masked,no_face_detected,2026-09-09T17:03:55
age25_022310.jpg,train,lips_masked,no_face_detected,2026-09-09T17:03:55
age18_005130.jpg,train,lips_masked,no_face_detected,2026-09-09T17:03:55
age55_079017.jpg,train,lips_masked,no_face_detected,2026-09-09T17:03:55
age67_036603.jpg,train,lips_masked,no_face_detected,2026-09-09T17:03:55
age33_019889.jpg,train,lips_masked,no_face_detected,2026-09-09T17:03:56
age70_027708.jpg,train,lips_masked,no_face_detected,2026-09-09T17:03:56
age38_070193.jpg,train,lips_masked,no_face_detected,2026-09-09T17:03:56
age10_004805.jpg,train,lips_masked,no_face_detected,2026-09-09T17:03:56
age47_039845.jpg,train,lips_masked,no_face_detected,2026-09-09T17:03:56
age10_003817.jpg,train,lips_masked,no_face_detected,2026-09-09T17:03:56
age31_018459.jpg,train,lips_masked,no_face_detected,2026-09-09T17:03:56
age18_002350.jpg,train,lips_masked,no_face_detected,2026-09-09T17:03:56
age20_059993.jpg,train,lips_masked,no_face_detected,2026-09-09T17:03:57
age57_075374.jpg,train,lips_masked,no_face_detected,2026-09-09T17:03:57
age40_061666.jpg,train,lips_masked,no_face_detected,2026-09-09T17:03:57
age50_042761.jpg,train,lips_masked,no_face_detected,2026-09-09T17:03:57
age32_018799.jpg,train,lips_masked,no_face_detected,2026-09-09T17:03:58
age7_010412.jpg,train,lips_masked,no_face_detected,2026-09-09T17:03:58
age6_011016.jpg,train,lips_masked,no_face_detected,2026-09-09T17:03:58
age57_077587.jpg,train,lips_masked,no_face_detected,2026-09-09T17:03:58
age34_019500.jpg,train,lips_masked,no_face_detected,2026-09-09T17:03:58
age65_034625.jpg,train,lips_masked,no_face_detected,2026-09-09T17:03:58
age9_011983.jpg,train,lips_masked,no_face_detected,2026-09-09T17:03:58
age71_029393.jpg,train,lips_masked,no_face_detected,2026-09-09T17:03:58
age62_082552.jpg,train,lips_masked,no_face_detected,2026-09-09T17:03:58
age69_032947.jpg,train,lips_masked,no_face_detected,2026-09-09T17:03:59
age40_065921.jpg,train,lips_masked,no_face_detected,2026-09-09T17:03:59
age41_028746.jpg,train,lips_masked,no_face_detected,2026-09-09T17:03:59
age4_051055.jpg,train,lips_masked,no_face_detected,2026-09-09T17:03:59
age37_069426.jpg,train,lips_masked,no_face_detected,2026-09-09T17:03:59
age47_040459.jpg,train,lips_masked,no_face_detected,2026-09-09T17:04:00
age27_026721.jpg,train,lips_masked,no_face_detected,2026-09-09T17:04:00
age34_016421.jpg,train,lips_masked,no_face_detected,2026-09-09T17:04:00
age8_004408.jpg,train,lips_masked,no_face_detected,2026-09-09T17:04:00
age67_031519.jpg,train,lips_masked,no_face_detected,2026-09-09T17:04:00
age27_023378.jpg,train,lips_masked,no_face_detected,2026-09-09T17:04:00
age48_039132.jpg,train,lips_masked,no_face_detected,2026-09-09T17:04:01
age55_076191.jpg,train,lips_masked,no_face_detected,2026-09-09T17:04:01
age15_005731.jpg,train,lips_masked,no_face_detected,2026-09-09T17:04:01
age54_024205.jpg,train,lips_masked,no_face_detected,2026-09-09T17:04:01
age34_017290.jpg,train,lips_masked,no_face_detected,2026-09-09T17:04:01
age27_026276.jpg,train,lips_masked,no_face_detected,2026-09-09T17:04:01
age4_024745.jpg,train,lips_masked,no_face_detected,2026-09-09T17:04:01
age48_040519.jpg,train,lips_masked,no_face_detected,2026-09-09T17:04:02
age65_031418.jpg,train,lips_masked,no_face_detected,2026-09-09T17:04:02
age10_001355.jpg,train,lips_masked,no_face_detected,2026-09-09T17:04:02
age55_075612.jpg,train,lips_masked,no_face_detected,2026-09-09T17:04:02
age19_072784.jpg,train,lips_masked,no_face_detected,2026-09-09T17:04:02
age58_078158.jpg,train,lips_masked,no_face_detected,2026-09-09T17:04:03
age42_063740.jpg,train,lips_masked,no_face_detected,2026-09-09T17:04:03
age7_000279.jpg,train,lips_masked,no_face_detected,2026-09-09T17:04:03
age34_017207.jpg,train,lips_masked,no_face_detected,2026-09-09T17:04:03
age2_007610.jpg,train,lips_masked,no_face_detected,2026-09-09T17:04:04
age2_051090.jpg,train,lips_masked,no_face_detected,2026-09-09T17:04:04
age61_079303.jpg,train,lips_masked,no_face_detected,2026-09-09T17:04:04
age35_058576.jpg,train,lips_masked,no_face_detected,2026-09-09T17:04:04
age59_030333.jpg,train,lips_masked,no_face_detected,2026-09-09T17:04:04
age27_024772.jpg,train,lips_masked,no_face_detected,2026-09-09T17:04:04
age20_056236.jpg,train,lips_masked,no_face_detected,2026-09-09T17:04:04
age2_050789.jpg,train,lips_masked,no_face_detected,2026-09-09T17:04:04
age68_031756.jpg,train,lips_masked,no_face_detected,2026-09-09T17:04:04
age4_054078.jpg,train,lips_masked,no_face_detected,2026-09-09T17:04:04
age21_015735.jpg,train,lips_masked,no_face_detected,2026-09-09T17:04:04
age67_034069.jpg,train,lips_masked,no_face_detected,2026-09-09T17:04:05
age7_009719.jpg,train,lips_masked,no_face_detected,2026-09-09T17:04:05
age6_012582.jpg,train,lips_masked,no_face_detected,2026-09-09T17:04:05
age51_028036.jpg,train,lips_masked,no_face_detected,2026-09-09T17:04:05
age8_003718.jpg,train,lips_masked,no_face_detected,2026-09-09T17:04:05
age41_060608.jpg,train,lips_masked,no_face_detected,2026-09-09T17:04:05
age70_030135.jpg,train,lips_masked,no_face_detected,2026-09-09T17:04:05
age62_079569.jpg,train,lips_masked,no_face_detected,2026-09-09T17:04:06
age22_057066.jpg,train,lips_masked,no_face_detected,2026-09-09T17:04:06
age88_027355.jpg,train,lips_masked,no_face_detected,2026-09-09T17:04:06
age53_048541.jpg,train,lips_masked,no_face_detected,2026-09-09T17:04:06
age37_068047.jpg,train,lips_masked,no_face_detected,2026-09-09T17:04:06
age78_083215.jpg,train,lips_masked,no_face_detected,2026-09-09T17:04:06
age58_076396.jpg,train,lips_masked,no_face_detected,2026-09-09T17:04:06
age50_041432.jpg,train,lips_masked,no_face_detected,2026-09-09T17:04:06
age60_081936.jpg,train,lips_masked,no_face_detected,2026-09-09T17:04:07
age71_027624.jpg,train,lips_masked,no_face_detected,2026-09-09T17:04:07
age64_031944.jpg,train,lips_masked,no_face_detected,2026-09-09T17:04:07
age66_032351.jpg,train,lips_masked,no_face_detected,2026-09-09T17:04:07
age6_010201.jpg,train,lips_masked,no_face_detected,2026-09-09T17:04:07
age46_042223.jpg,train,lips_masked,no_face_detected,2026-09-09T17:04:07
age19_071623.jpg,train,lips_masked,no_face_detected,2026-09-09T17:04:07
age69_033896.jpg,train,lips_masked,no_face_detected,2026-09-09T17:04:08
age15_073089.jpg,train,lips_masked,no_face_detected,2026-09-09T17:04:08
age76_082890.jpg,train,lips_masked,no_face_detected,2026-09-09T17:04:08
age40_066960.jpg,train,lips_masked,no_face_detected,2026-09-09T17:04:08
age38_068561.jpg,train,lips_masked,no_face_detected,2026-09-09T17:04:09
age34_017239.jpg,train,lips_masked,no_face_detected,2026-09-09T17:04:09
age7_011308.jpg,train,lips_masked,no_face_detected,2026-09-09T17:04:09
age25_055867.jpg,train,lips_masked,no_face_detected,2026-09-09T17:04:09
age82_084082.jpg,train,lips_masked,no_face_detected,2026-09-09T17:04:09
age25_057517.jpg,train,lips_masked,no_face_detected,2026-09-09T17:04:09
age20_072821.jpg,train,lips_masked,no_face_detected,2026-09-09T17:04:09
age50_034081.jpg,train,lips_masked,no_face_detected,2026-09-09T17:04:09
age30_018094.jpg,train,lips_masked,no_face_detected,2026-09-09T17:04:09
age20_058592.jpg,train,lips_masked,no_face_detected,2026-09-09T17:04:09
age54_045110.jpg,train,lips_masked,no_face_detected,2026-09-09T17:04:10
age41_017499.jpg,train,lips_masked,no_face_detected,2026-09-09T17:04:10
age53_049342.jpg,train,lips_masked,no_face_detected,2026-09-09T17:04:10
age38_012694.jpg,train,lips_masked,no_face_detected,2026-09-09T17:04:10
age53_048924.jpg,train,lips_masked,no_face_detected,2026-09-09T17:04:10
age31_020300.jpg,train,lips_masked,no_face_detected,2026-09-09T17:04:10
age41_062949.jpg,train,lips_masked,no_face_detected,2026-09-09T17:04:10
age18_071334.jpg,train,lips_masked,no_face_detected,2026-09-09T17:04:10
age27_022005.jpg,train,lips_masked,no_face_detected,2026-09-09T17:04:11
age87_027267.jpg,train,lips_masked,no_face_detected,2026-09-09T17:04:11
age72_028018.jpg,train,lips_masked,no_face_detected,2026-09-09T17:04:11
age58_078238.jpg,train,lips_masked,no_face_detected,2026-09-09T17:04:11
age70_033755.jpg,train,lips_masked,no_face_detected,2026-09-09T17:04:11
age60_082641.jpg,train,lips_masked,no_face_detected,2026-09-09T17:04:11
age10_000252.jpg,train,lips_masked,no_face_detected,2026-09-09T17:04:11
age6_012354.jpg,train,lips_masked,no_face_detected,2026-09-09T17:04:11
age6_007358.jpg,train,lips_masked,no_face_detected,2026-09-09T17:04:12
age48_003004.jpg,train,lips_masked,no_face_detected,2026-09-09T17:04:12
age38_067144.jpg,train,lips_masked,no_face_detected,2026-09-09T17:04:12
age40_068536.jpg,train,lips_masked,no_face_detected,2026-09-09T17:04:12
age54_047098.jpg,train,lips_masked,no_face_detected,2026-09-09T17:04:12
age71_029145.jpg,train,lips_masked,no_face_detected,2026-09-09T17:04:12
age64_081099.jpg,train,lips_masked,no_face_detected,2026-09-09T17:04:12
age90_027208.jpg,train,lips_masked,no_face_detected,2026-09-09T17:04:12
age80_084112.jpg,train,lips_masked,no_face_detected,2026-09-09T17:04:13
age5_051066.jpg,train,lips_masked,no_face_detected,2026-09-09T17:04:13
age25_021993.jpg,train,lips_masked,no_face_detected,2026-09-09T17:04:13
age17_072363.jpg,train,lips_masked,no_face_detected,2026-09-09T17:04:13
age15_072658.jpg,train,lips_masked,no_face_detected,2026-09-09T17:04:13
age65_079607.jpg,train,lips_masked,no_face_detected,2026-09-09T17:04:13
age44_041049.jpg,train,lips_masked,no_face_detected,2026-09-09T17:04:14
age31_020617.jpg,train,lips_masked,no_face_detected,2026-09-09T17:04:14
age53_045327.jpg,train,lips_masked,no_face_detected,2026-09-09T17:04:14
age43_036468.jpg,train,lips_masked,no_face_detected,2026-09-09T17:04:14
age37_069756.jpg,train,lips_masked,no_face_detected,2026-09-09T17:04:14
age37_068602.jpg,train,lips_masked,no_face_detected,2026-09-09T17:04:14
age66_029881.jpg,train,lips_masked,no_face_detected,2026-09-09T17:04:14
age20_057350.jpg,train,lips_masked,no_face_detected,2026-09-09T17:04:14
age21_058143.jpg,train,lips_masked,no_face_detected,2026-09-09T17:04:15
age10_009461.jpg,train,lips_masked,no_face_detected,2026-09-09T17:04:15
age38_068181.jpg,train,lips_masked,no_face_detected,2026-09-09T17:04:15
age45_063146.jpg,train,lips_masked,no_face_detected,2026-09-09T17:04:15
age42_060496.jpg,train,lips_masked,no_face_detected,2026-09-09T17:04:15
age6_008202.jpg,train,lips_masked,no_face_detected,2026-09-09T17:04:16
age54_047206.jpg,train,lips_masked,no_face_detected,2026-09-09T17:04:16
age53_047083.jpg,train,lips_masked,no_face_detected,2026-09-09T17:04:16
age34_018557.jpg,train,lips_masked,no_face_detected,2026-09-09T17:04:16
age2_054862.jpg,train,lips_masked,no_face_detected,2026-09-09T17:04:16
age4_040819.jpg,train,lips_masked,no_face_detected,2026-09-09T17:04:17
age10_007249.jpg,train,lips_masked,no_face_detected,2026-09-09T17:04:17
age79_083454.jpg,train,lips_masked,no_face_detected,2026-09-09T17:04:17
age4_054980.jpg,train,lips_masked,no_face_detected,2026-09-09T17:04:17
age72_030106.jpg,train,lips_masked,no_face_detected,2026-09-09T17:04:17
age38_033207.jpg,train,lips_masked,no_face_detected,2026-09-09T17:04:18
age68_031658.jpg,train,lips_masked,no_face_detected,2026-09-09T17:04:18
age19_019501.jpg,train,lips_masked,no_face_detected,2026-09-09T17:04:18
age64_079324.jpg,train,lips_masked,no_face_detected,2026-09-09T17:04:18
age47_037724.jpg,train,lips_masked,no_face_detected,2026-09-09T17:04:18
age41_063730.jpg,train,lips_masked,no_face_detected,2026-09-09T17:04:19
age32_016248.jpg,train,lips_masked,no_face_detected,2026-09-09T17:04:19
age54_045393.jpg,train,lips_masked,no_face_detected,2026-09-09T17:04:20
age50_036995.jpg,train,lips_masked,no_face_detected,2026-09-09T17:04:20
age50_047116.jpg,train,lips_masked,no_face_detected,2026-09-09T17:04:20
age49_007357.jpg,train,lips_masked,no_face_detected,2026-09-09T17:04:20
age46_040863.jpg,train,lips_masked,no_face_detected,2026-09-09T17:04:20
age2_051139.jpg,train,lips_masked,no_face_detected,2026-09-09T17:04:20
age50_048758.jpg,train,lips_masked,no_face_detected,2026-09-09T17:04:20
age57_075289.jpg,train,lips_masked,no_face_detected,2026-09-09T17:04:20
age57_077987.jpg,train,lips_masked,no_face_detected,2026-09-09T17:04:21
age34_020536.jpg,train,lips_masked,no_face_detected,2026-09-09T17:04:21
age40_070350.jpg,train,lips_masked,no_face_detected,2026-09-09T17:04:21
age38_063928.jpg,train,lips_masked,no_face_detected,2026-09-09T17:04:21
age50_039116.jpg,train,lips_masked,no_face_detected,2026-09-09T17:04:21
age54_048815.jpg,train,lips_masked,no_face_detected,2026-09-09T17:04:21
age25_024985.jpg,train,lips_masked,no_face_detected,2026-09-09T17:04:22
age40_064836.jpg,train,lips_masked,no_face_detected,2026-09-09T17:04:22
age4_055144.jpg,train,lips_masked,no_face_detected,2026-09-09T17:04:22
age38_017195.jpg,train,lips_masked,no_face_detected,2026-09-09T17:04:22
age37_069593.jpg,train,lips_masked,no_face_detected,2026-09-09T17:04:22
age73_026284.jpg,train,lips_masked,no_face_detected,2026-09-09T17:04:23
age67_035192.jpg,train,lips_masked,no_face_detected,2026-09-09T17:04:23
age40_062909.jpg,train,lips_masked,no_face_detected,2026-09-09T17:04:23
age50_044642.jpg,train,lips_masked,no_face_detected,2026-09-09T17:04:23
age11_005397.jpg,train,lips_masked,no_face_detected,2026-09-09T17:04:23
age18_072220.jpg,train,lips_masked,no_face_detected,2026-09-09T17:04:23
age37_069797.jpg,train,lips_masked,no_face_detected,2026-09-09T17:04:23
age25_060140.jpg,train,lips_masked,no_face_detected,2026-09-09T17:04:23
26_0_0_20170117173206140.jpg,train,lips_masked,no_face_detected,2026-09-09T17:04:24
age34_017015.jpg,train,lips_masked,no_face_detected,2026-09-09T17:04:24
age74_028101.jpg,train,lips_masked,no_face_detected,2026-09-09T17:04:24
age72_029636.jpg,train,lips_masked,no_face_detected,2026-09-09T17:04:24
age65_080873.jpg,train,lips_masked,no_face_detected,2026-09-09T17:04:24
age36_065146.jpg,train,lips_masked,no_face_detected,2026-09-09T17:04:24
age43_060807.jpg,train,lips_masked,no_face_detected,2026-09-09T17:04:24
age55_044757.jpg,train,lips_masked,no_face_detected,2026-09-09T17:04:25
age76_063548.jpg,train,lips_masked,no_face_detected,2026-09-09T17:04:25
age46_043520.jpg,train,lips_masked,no_face_detected,2026-09-09T17:04:25
age47_040897.jpg,train,lips_masked,no_face_detected,2026-09-09T17:04:25
age61_049789.jpg,train,lips_masked,no_face_detected,2026-09-09T17:04:25
age60_041587.jpg,train,lips_masked,no_face_detected,2026-09-09T17:04:25
age34_020555.jpg,train,lips_masked,no_face_detected,2026-09-09T17:04:25
age61_045968.jpg,train,lips_masked,no_face_detected,2026-09-09T17:04:26
age61_080159.jpg,train,lips_masked,no_face_detected,2026-09-09T17:04:26
age48_043808.jpg,train,lips_masked,no_face_detected,2026-09-09T17:04:26
age38_064807.jpg,train,lips_masked,no_face_detected,2026-09-09T17:04:26
age50_048521.jpg,train,lips_masked,no_face_detected,2026-09-09T17:04:26
age41_061674.jpg,train,lips_masked,no_face_detected,2026-09-09T17:04:26
age27_022329.jpg,train,lips_masked,no_face_detected,2026-09-09T17:04:23
age25_059646.jpg,train,lips_masked,no_face_detected,2026-09-09T17:04:23
age38_067966.jpg,train,lips_masked,no_face_detected,2026-09-09T17:04:24
age41_062363.jpg,train,lips_masked,no_face_detected,2026-09-09T17:04:24
age54_049614.jpg,train,lips_masked,no_face_detected,2026-09-09T17:04:24
age31_018672.jpg,train,lips_masked,no_face_detected,2026-09-09T17:04:24
age62_046054.jpg,train,lips_masked,no_face_detected,2026-09-09T17:04:24
age6_008702.jpg,train,lips_masked,no_face_detected,2026-09-09T17:04:24
age37_066713.jpg,train,lips_masked,no_face_detected,2026-09-09T17:04:24
age11_001382.jpg,train,lips_masked,no_face_detected,2026-09-09T17:04:25
age22_059758.jpg,train,lips_masked,no_face_detected,2026-09-09T17:04:25
age18_075033.jpg,train,lips_masked,no_face_detected,2026-09-09T17:04:25
age10_001552.jpg,train,lips_masked,no_face_detected,2026-09-09T17:04:25
age85_083731.jpg,train,lips_masked,no_face_detected,2026-09-09T17:04:25
age27_022199.jpg,train,lips_masked,no_face_detected,2026-09-09T17:04:25
age75_027868.jpg,train,lips_masked,no_face_detected,2026-09-09T17:04:26
age4_003011.jpg,train,lips_masked,no_face_detected,2026-09-09T17:04:26
age67_032811.jpg,train,lips_masked,no_face_detected,2026-09-09T17:04:26
age31_015552.jpg,train,lips_masked,no_face_detected,2026-09-09T17:04:26
age40_062660.jpg,train,lips_masked,no_face_detected,2026-09-09T17:04:26
age19_072451.jpg,train,lips_masked,no_face_detected,2026-09-09T17:04:26
age48_043179.jpg,train,lips_masked,no_face_detected,2026-09-09T17:04:26
age58_077086.jpg,train,lips_masked,no_face_detected,2026-09-09T17:04:27
age22_056361.jpg,train,lips_masked,no_face_detected,2026-09-09T17:04:27
age15_045247.jpg,train,lips_masked,no_face_detected,2026-09-09T17:04:27
age27_023887.jpg,train,lips_masked,no_face_detected,2026-09-09T17:04:27
age31_014559.jpg,train,lips_masked,no_face_detected,2026-09-09T17:04:27
age65_002298.jpg,train,lips_masked,no_face_detected,2026-09-09T17:04:27
age21_055317.jpg,train,lips_masked,no_face_detected,2026-09-09T17:04:27
age54_046386.jpg,train,lips_masked,no_face_detected,2026-09-09T17:04:28
age57_047860.jpg,train,lips_masked,no_face_detected,2026-09-09T17:04:28
age2_054493.jpg,train,lips_masked,no_face_detected,2026-09-09T17:04:28
age41_064051.jpg,train,lips_masked,no_face_detected,2026-09-09T17:04:28
age54_046967.jpg,train,lips_masked,no_face_detected,2026-09-09T17:04:28
age62_079653.jpg,train,lips_masked,no_face_detected,2026-09-09T17:04:29
age4_051573.jpg,train,lips_masked,no_face_detected,2026-09-09T17:04:29
age40_065780.jpg,train,lips_masked,no_face_detected,2026-09-09T17:04:29
age74_030904.jpg,train,lips_masked,no_face_detected,2026-09-09T17:04:29
age6_010241.jpg,train,lips_masked,no_face_detected,2026-09-09T17:04:29
age21_055760.jpg,train,lips_masked,no_face_detected,2026-09-09T17:04:30
age62_081078.jpg,train,lips_masked,no_face_detected,2026-09-09T17:04:30
age21_060276.jpg,train,lips_masked,no_face_detected,2026-09-09T17:04:30
age36_069034.jpg,train,lips_masked,no_face_detected,2026-09-09T17:04:30
age55_045798.jpg,train,lips_masked,no_face_detected,2026-09-09T17:04:31
age25_026771.jpg,train,lips_masked,no_face_detected,2026-09-09T17:04:31
age40_068205.jpg,train,lips_masked,no_face_detected,2026-09-09T17:04:31
age38_069117.jpg,train,lips_masked,no_face_detected,2026-09-09T17:04:31
age74_028054.jpg,train,lips_masked,no_face_detected,2026-09-09T17:04:31
age80_084034.jpg,train,lips_masked,no_face_detected,2026-09-09T17:04:31
age50_037144.jpg,train,lips_masked,no_face_detected,2026-09-09T17:04:31
age27_023171.jpg,train,lips_masked,no_face_detected,2026-09-09T17:04:32
age57_077872.jpg,train,lips_masked,no_face_detected,2026-09-09T17:04:32
age73_030085.jpg,train,lips_masked,no_face_detected,2026-09-09T17:04:32
age20_073042.jpg,train,lips_masked,no_face_detected,2026-09-09T17:04:32
age57_077842.jpg,train,lips_masked,no_face_detected,2026-09-09T17:04:32
age54_049800.jpg,train,lips_masked,no_face_detected,2026-09-09T17:04:32
age58_037348.jpg,train,lips_masked,no_face_detected,2026-09-09T17:04:33
age6_007145.jpg,train,lips_masked,no_face_detected,2026-09-09T17:04:33
age62_080610.jpg,train,lips_masked,no_face_detected,2026-09-09T17:04:33
age55_077152.jpg,train,lips_masked,no_face_detected,2026-09-09T17:04:33
age65_081771.jpg,train,lips_masked,no_face_detected,2026-09-09T17:04:33
age3_007460.jpg,train,lips_masked,no_face_detected,2026-09-09T17:04:33
age69_031654.jpg,train,lips_masked,no_face_detected,2026-09-09T17:04:33
age40_064573.jpg,train,lips_masked,no_face_detected,2026-09-09T17:04:33
age62_082341.jpg,train,lips_masked,no_face_detected,2026-09-09T17:04:34
age47_039456.jpg,train,lips_masked,no_face_detected,2026-09-09T17:04:34
age10_010217.jpg,train,lips_masked,no_face_detected,2026-09-09T17:04:34
age47_041772.jpg,train,lips_masked,no_face_detected,2026-09-09T17:04:34
age36_066993.jpg,train,lips_masked,no_face_detected,2026-09-09T17:04:34
age20_072147.jpg,train,lips_masked,no_face_detected,2026-09-09T17:04:34
age27_024225.jpg,train,lips_masked,no_face_detected,2026-09-09T17:04:34
age72_028037.jpg,train,lips_masked,no_face_detected,2026-09-09T17:04:34
age6_012180.jpg,train,lips_masked,no_face_detected,2026-09-09T17:04:34
age6_009534.jpg,train,lips_masked,no_face_detected,2026-09-09T17:04:35
age17_024760.jpg,train,lips_masked,no_face_detected,2026-09-09T17:04:35
age18_073396.jpg,train,lips_masked,no_face_detected,2026-09-09T17:04:35
age36_061755.jpg,train,lips_masked,no_face_detected,2026-09-09T17:04:35
age62_082116.jpg,train,lips_masked,no_face_detected,2026-09-09T17:04:36
age38_065532.jpg,train,lips_masked,no_face_detected,2026-09-09T17:04:36
age54_044599.jpg,train,lips_masked,no_face_detected,2026-09-09T17:04:36
age54_045349.jpg,train,lips_masked,no_face_detected,2026-09-09T17:04:36
age48_044171.jpg,train,lips_masked,no_face_detected,2026-09-09T17:04:36
age37_066194.jpg,train,lips_masked,no_face_detected,2026-09-09T17:04:36
age60_081430.jpg,train,lips_masked,no_face_detected,2026-09-09T17:04:37
age47_043668.jpg,train,lips_masked,no_face_detected,2026-09-09T17:04:37
age6_007228.jpg,train,lips_masked,no_face_detected,2026-09-09T17:04:37
age58_078727.jpg,train,lips_masked,no_face_detected,2026-09-09T17:04:37
100_1_2_20170110182836729.jpg,train,lips_masked,no_face_detected,2026-09-09T17:04:37
age34_018653.jpg,train,lips_masked,no_face_detected,2026-09-09T17:04:37
age48_037702.jpg,train,lips_masked,no_face_detected,2026-09-09T17:04:37
age4_050637.jpg,train,lips_masked,no_face_detected,2026-09-09T17:04:37
age69_031155.jpg,train,lips_masked,no_face_detected,2026-09-09T17:04:38
age31_014336.jpg,train,lips_masked,no_face_detected,2026-09-09T17:04:38
age66_032900.jpg,train,lips_masked,no_face_detected,2026-09-09T17:04:38
age25_024230.jpg,train,lips_masked,no_face_detected,2026-09-09T17:04:38
age10_010302.jpg,train,lips_masked,no_face_detected,2026-09-09T17:04:38
age70_028007.jpg,train,lips_masked,no_face_detected,2026-09-09T17:04:38
age53_044515.jpg,train,lips_masked,no_face_detected,2026-09-09T17:04:39
age25_021158.jpg,train,lips_masked,no_face_detected,2026-09-09T17:04:39
age22_055796.jpg,train,lips_masked,no_face_detected,2026-09-09T17:04:39
age21_056402.jpg,train,lips_masked,no_face_detected,2026-09-09T17:04:39
age27_020659.jpg,train,lips_masked,no_face_detected,2026-09-09T17:04:39
age80_084177.jpg,train,lips_masked,no_face_detected,2026-09-09T17:04:39
age61_060414.jpg,train,lips_masked,no_face_detected,2026-09-09T17:04:39
age42_063636.jpg,train,lips_masked,no_face_detected,2026-09-09T17:04:39
age4_050744.jpg,train,lips_masked,no_face_detected,2026-09-09T17:04:39
age21_059456.jpg,train,lips_masked,no_face_detected,2026-09-09T17:04:39
age69_014435.jpg,train,lips_masked,no_face_detected,2026-09-09T17:04:40
age67_032129.jpg,train,lips_masked,no_face_detected,2026-09-09T17:04:40
age13_006618.jpg,train,lips_masked,no_face_detected,2026-09-09T17:04:40
age19_070633.jpg,train,lips_masked,no_face_detected,2026-09-09T17:04:40
age31_014651.jpg,train,lips_masked,no_face_detected,2026-09-09T17:04:40
age59_047015.jpg,train,lips_masked,no_face_detected,2026-09-09T17:04:40
age50_049785.jpg,train,lips_masked,no_face_detected,2026-09-09T17:04:40
age53_050099.jpg,train,lips_masked,no_face_detected,2026-09-09T17:04:41
age27_026743.jpg,train,lips_masked,no_face_detected,2026-09-09T17:04:41
age2_053330.jpg,train,lips_masked,no_face_detected,2026-09-09T17:04:41
age70_035167.jpg,train,lips_masked,no_face_detected,2026-09-09T17:04:41
age27_021600.jpg,train,lips_masked,no_face_detected,2026-09-09T17:04:41
age40_062540.jpg,train,lips_masked,no_face_detected,2026-09-09T17:04:42
age27_026502.jpg,train,lips_masked,no_face_detected,2026-09-09T17:04:42
age62_029917.jpg,train,lips_masked,no_face_detected,2026-09-09T17:04:42
age80_083327.jpg,train,lips_masked,no_face_detected,2026-09-09T17:04:42
age59_078928.jpg,train,lips_masked,no_face_detected,2026-09-09T17:04:42
age20_072093.jpg,train,lips_masked,no_face_detected,2026-09-09T17:04:42
age87_027129.jpg,train,lips_masked,no_face_detected,2026-09-09T17:04:42
age15_071598.jpg,train,lips_masked,no_face_detected,2026-09-09T17:04:42
age68_036081.jpg,train,lips_masked,no_face_detected,2026-09-09T17:04:43
age38_067229.jpg,train,lips_masked,no_face_detected,2026-09-09T17:04:43
age62_081675.jpg,train,lips_masked,no_face_detected,2026-09-09T17:04:43
age18_070637.jpg,train,lips_masked,no_face_detected,2026-09-09T17:04:43
age13_005668.jpg,train,lips_masked,no_face_detected,2026-09-09T17:04:43
age21_056010.jpg,train,lips_masked,no_face_detected,2026-09-09T17:04:43
age25_057320.jpg,train,lips_masked,no_face_detected,2026-09-09T17:04:43
age78_083619.jpg,train,lips_masked,no_face_detected,2026-09-09T17:04:43
age62_067369.jpg,train,lips_masked,no_face_detected,2026-09-09T17:04:43
age50_039565.jpg,train,lips_masked,no_face_detected,2026-09-09T17:04:43
age4_052372.jpg,train,lips_masked,no_face_detected,2026-09-09T17:04:44
age76_062944.jpg,train,lips_masked,no_face_detected,2026-09-09T17:04:44
age15_074301.jpg,train,lips_masked,no_face_detected,2026-09-09T17:04:44
age50_049089.jpg,train,lips_masked,no_face_detected,2026-09-09T17:04:44
age48_040461.jpg,train,lips_masked,no_face_detected,2026-09-09T17:04:44
age60_082592.jpg,train,lips_masked,no_face_detected,2026-09-09T17:04:45
age34_020299.jpg,train,lips_masked,no_face_detected,2026-09-09T17:04:45
age13_001275.jpg,train,lips_masked,no_face_detected,2026-09-09T17:04:45
age7_009595.jpg,train,lips_masked,no_face_detected,2026-09-09T17:04:45
age38_065161.jpg,train,lips_masked,no_face_detected,2026-09-09T17:04:45
age50_045963.jpg,train,lips_masked,no_face_detected,2026-09-09T17:04:46
age6_012249.jpg,train,lips_masked,no_face_detected,2026-09-09T17:04:46
age38_068293.jpg,train,lips_masked,no_face_detected,2026-09-09T17:04:46
age71_027421.jpg,train,lips_masked,no_face_detected,2026-09-09T17:04:46
age55_049241.jpg,train,lips_masked,no_face_detected,2026-09-09T17:04:46
age6_009834.jpg,train,lips_masked,no_face_detected,2026-09-09T17:04:47
age41_021378.jpg,train,lips_masked,no_face_detected,2026-09-09T17:04:47
age48_040469.jpg,train,lips_masked,no_face_detected,2026-09-09T17:04:47
age49_040111.jpg,train,lips_masked,no_face_detected,2026-09-09T17:04:47
age40_060479.jpg,train,lips_masked,no_face_detected,2026-09-09T17:04:47
age20_074090.jpg,train,lips_masked,no_face_detected,2026-09-09T17:04:48
age68_018897.jpg,train,lips_masked,no_face_detected,2026-09-09T17:04:48
age53_046881.jpg,train,lips_masked,no_face_detected,2026-09-09T17:04:48
age22_059442.jpg,train,lips_masked,no_face_detected,2026-09-09T17:04:48
age66_031569.jpg,train,lips_masked,no_face_detected,2026-09-09T17:04:48
age62_079427.jpg,train,lips_masked,no_face_detected,2026-09-09T17:04:48
age48_041665.jpg,train,lips_masked,no_face_detected,2026-09-09T17:04:48
age22_059629.jpg,train,lips_masked,no_face_detected,2026-09-09T17:04:48
age41_064485.jpg,train,lips_masked,no_face_detected,2026-09-09T17:04:49
age55_044024.jpg,train,lips_masked,no_face_detected,2026-09-09T17:04:49
age75_028331.jpg,train,lips_masked,no_face_detected,2026-09-09T17:04:49
age64_072045.jpg,train,lips_masked,no_face_detected,2026-09-09T17:04:49
age34_017547.jpg,train,lips_masked,no_face_detected,2026-09-09T17:04:49
age36_049213.jpg,train,lips_masked,no_face_detected,2026-09-09T17:04:49
age18_070647.jpg,train,lips_masked,no_face_detected,2026-09-09T17:04:49
age47_043463.jpg,train,lips_masked,no_face_detected,2026-09-09T17:04:49
age17_073521.jpg,train,lips_masked,no_face_detected,2026-09-09T17:04:49
age77_083348.jpg,train,lips_masked,no_face_detected,2026-09-09T17:04:49
age59_032253.jpg,train,lips_masked,no_face_detected,2026-09-09T17:04:50
age15_000759.jpg,train,lips_masked,no_face_detected,2026-09-09T17:04:50
age41_062482.jpg,train,lips_masked,no_face_detected,2026-09-09T17:04:50
age49_039768.jpg,train,lips_masked,no_face_detected,2026-09-09T17:04:50
age50_040839.jpg,train,lips_masked,no_face_detected,2026-09-09T17:04:50
age31_018705.jpg,train,lips_masked,no_face_detected,2026-09-09T17:04:50
age20_023820.jpg,train,lips_masked,no_face_detected,2026-09-09T17:04:51
age58_075387.jpg,train,lips_masked,no_face_detected,2026-09-09T17:04:51
age73_030169.jpg,train,lips_masked,no_face_detected,2026-09-09T17:04:51
age20_074165.jpg,train,lips_masked,no_face_detected,2026-09-09T17:04:51
age60_079756.jpg,train,lips_masked,no_face_detected,2026-09-09T17:04:51
age6_003298.jpg,train,lips_masked,no_face_detected,2026-09-09T17:04:51
age6_011367.jpg,train,lips_masked,no_face_detected,2026-09-09T17:04:51
age58_069003.jpg,train,lips_masked,no_face_detected,2026-09-09T17:04:52
age57_079104.jpg,train,lips_masked,no_face_detected,2026-09-09T17:04:52
age47_040396.jpg,train,lips_masked,no_face_detected,2026-09-09T17:04:52
age20_072842.jpg,train,lips_masked,no_face_detected,2026-09-09T17:04:52
age9_002488.jpg,train,lips_masked,no_face_detected,2026-09-09T17:04:52
age61_080024.jpg,train,lips_masked,no_face_detected,2026-09-09T17:04:52
age4_054009.jpg,train,lips_masked,no_face_detected,2026-09-09T17:04:52
age43_039520.jpg,train,lips_masked,no_face_detected,2026-09-09T17:04:53
age37_069914.jpg,train,lips_masked,no_face_detected,2026-09-09T17:04:53
age57_027410.jpg,train,lips_masked,no_face_detected,2026-09-09T17:04:53
age33_015398.jpg,train,lips_masked,no_face_detected,2026-09-09T17:04:53
age58_076936.jpg,train,lips_masked,no_face_detected,2026-09-09T17:04:53
age31_017760.jpg,train,lips_masked,no_face_detected,2026-09-09T17:04:53
age60_080812.jpg,train,lips_masked,no_face_detected,2026-09-09T17:04:53
age49_044259.jpg,train,lips_masked,no_face_detected,2026-09-09T17:04:53
age4_010185.jpg,train,lips_masked,no_face_detected,2026-09-09T17:04:54
age65_082423.jpg,train,lips_masked,no_face_detected,2026-09-09T17:04:54
age41_062743.jpg,train,lips_masked,no_face_detected,2026-09-09T17:04:54
age42_057393.jpg,train,lips_masked,no_face_detected,2026-09-09T17:04:54
age17_073383.jpg,train,lips_masked,no_face_detected,2026-09-09T17:04:55
age74_028717.jpg,train,lips_masked,no_face_detected,2026-09-09T17:04:55
age27_024250.jpg,train,lips_masked,no_face_detected,2026-09-09T17:04:55
age21_056938.jpg,train,lips_masked,no_face_detected,2026-09-09T17:04:55
age34_015255.jpg,train,lips_masked,no_face_detected,2026-09-09T17:04:55
age48_043936.jpg,train,lips_masked,no_face_detected,2026-09-09T17:04:55
age50_037738.jpg,train,lips_masked,no_face_detected,2026-09-09T17:04:55
age18_072460.jpg,train,lips_masked,no_face_detected,2026-09-09T17:04:55
age90_027338.jpg,train,lips_masked,no_face_detected,2026-09-09T17:04:53
age41_060486.jpg,train,lips_masked,no_face_detected,2026-09-09T17:04:53
age6_012596.jpg,train,lips_masked,no_face_detected,2026-09-09T17:04:53
age21_056033.jpg,train,lips_masked,no_face_detected,2026-09-09T17:04:53
age66_033824.jpg,train,lips_masked,no_face_detected,2026-09-09T17:04:53
age68_035679.jpg,train,lips_masked,no_face_detected,2026-09-09T17:04:54
age10_009500.jpg,train,lips_masked,no_face_detected,2026-09-09T17:04:54
age34_016870.jpg,train,lips_masked,no_face_detected,2026-09-09T17:04:54
age22_056477.jpg,train,lips_masked,no_face_detected,2026-09-09T17:04:54
age37_067204.jpg,train,lips_masked,no_face_detected,2026-09-09T17:04:54
age27_026928.jpg,train,lips_masked,no_face_detected,2026-09-09T17:04:54
age34_014099.jpg,train,lips_masked,no_face_detected,2026-09-09T17:04:54
age62_081351.jpg,train,lips_masked,no_face_detected,2026-09-09T17:04:55
age33_017891.jpg,train,lips_masked,no_face_detected,2026-09-09T17:04:55
age12_001466.jpg,train,lips_masked,no_face_detected,2026-09-09T17:04:55
age27_023724.jpg,train,lips_masked,no_face_detected,2026-09-09T17:04:55
age71_030240.jpg,train,lips_masked,no_face_detected,2026-09-09T17:04:55
age73_030289.jpg,train,lips_masked,no_face_detected,2026-09-09T17:04:55
age10_001579.jpg,train,lips_masked,no_face_detected,2026-09-09T17:04:55
age34_018652.jpg,train,lips_masked,no_face_detected,2026-09-09T17:04:55
age34_013834.jpg,train,lips_masked,no_face_detected,2026-09-09T17:04:56
age58_076300.jpg,train,lips_masked,no_face_detected,2026-09-09T17:04:56
age10_005635.jpg,train,lips_masked,no_face_detected,2026-09-09T17:04:56
age42_062935.jpg,train,lips_masked,no_face_detected,2026-09-09T17:04:56
age13_006023.jpg,train,lips_masked,no_face_detected,2026-09-09T17:04:56
age37_070165.jpg,train,lips_masked,no_face_detected,2026-09-09T17:04:57
age47_043599.jpg,train,lips_masked,no_face_detected,2026-09-09T17:04:57
age10_011223.jpg,train,lips_masked,no_face_detected,2026-09-09T17:04:57
age41_060990.jpg,train,lips_masked,no_face_detected,2026-09-09T17:04:57
age16_073311.jpg,train,lips_masked,no_face_detected,2026-09-09T17:04:57
age16_072912.jpg,train,lips_masked,no_face_detected,2026-09-09T17:04:57
age36_068944.jpg,train,lips_masked,no_face_detected,2026-09-09T17:04:57
age6_002057.jpg,train,lips_masked,no_face_detected,2026-09-09T17:04:58
age34_017975.jpg,train,lips_masked,no_face_detected,2026-09-09T17:04:58
age2_053183.jpg,train,lips_masked,no_face_detected,2026-09-09T17:04:58
age61_082395.jpg,train,lips_masked,no_face_detected,2026-09-09T17:04:58
age66_032371.jpg,train,lips_masked,no_face_detected,2026-09-09T17:04:58
age60_080507.jpg,train,lips_masked,no_face_detected,2026-09-09T17:04:59
age38_066224.jpg,train,lips_masked,no_face_detected,2026-09-09T17:04:59
age10_006903.jpg,train,lips_masked,no_face_detected,2026-09-09T17:04:59
age33_016721.jpg,train,lips_masked,no_face_detected,2026-09-09T17:04:59
age57_077420.jpg,train,lips_masked,no_face_detected,2026-09-09T17:04:59
age41_040806.jpg,train,lips_masked,no_face_detected,2026-09-09T17:04:59
age67_034510.jpg,train,lips_masked,no_face_detected,2026-09-09T17:04:59
age60_076875.jpg,train,lips_masked,no_face_detected,2026-09-09T17:05:00
age13_004444.jpg,train,lips_masked,no_face_detected,2026-09-09T17:05:00
age40_060718.jpg,train,lips_masked,no_face_detected,2026-09-09T17:05:00
age47_037993.jpg,train,lips_masked,no_face_detected,2026-09-09T17:05:00
age62_081905.jpg,train,lips_masked,no_face_detected,2026-09-09T17:05:00
age70_030909.jpg,train,lips_masked,no_face_detected,2026-09-09T17:05:00
age22_058259.jpg,train,lips_masked,no_face_detected,2026-09-09T17:05:01
age37_067207.jpg,train,lips_masked,no_face_detected,2026-09-09T17:05:01
age54_047150.jpg,train,lips_masked,no_face_detected,2026-09-09T17:05:01
age57_075950.jpg,train,lips_masked,no_face_detected,2026-09-09T17:05:01
age22_059080.jpg,train,lips_masked,no_face_detected,2026-09-09T17:05:01
age2_036893.jpg,train,lips_masked,no_face_detected,2026-09-09T17:05:02
age58_079054.jpg,train,lips_masked,no_face_detected,2026-09-09T17:05:02
age38_069223.jpg,train,lips_masked,no_face_detected,2026-09-09T17:05:02
age40_060956.jpg,train,lips_masked,no_face_detected,2026-09-09T17:05:02
age6_013431.jpg,train,lips_masked,no_face_detected,2026-09-09T17:05:02
age50_043199.jpg,train,lips_masked,no_face_detected,2026-09-09T17:05:02
age48_039804.jpg,train,lips_masked,no_face_detected,2026-09-09T17:05:02
age17_073574.jpg,train,lips_masked,no_face_detected,2026-09-09T17:05:03
age27_024080.jpg,train,lips_masked,no_face_detected,2026-09-09T17:05:03
age61_082166.jpg,train,lips_masked,no_face_detected,2026-09-09T17:05:03
age40_067485.jpg,train,lips_masked,no_face_detected,2026-09-09T17:05:03
age67_034648.jpg,train,lips_masked,no_face_detected,2026-09-09T17:05:03
age54_035303.jpg,train,lips_masked,no_face_detected,2026-09-09T17:05:03
age34_017545.jpg,train,lips_masked,no_face_detected,2026-09-09T17:05:03
age71_030382.jpg,train,lips_masked,no_face_detected,2026-09-09T17:05:03
age42_061324.jpg,train,lips_masked,no_face_detected,2026-09-09T17:05:03
age10_005974.jpg,train,lips_masked,no_face_detected,2026-09-09T17:05:03
age21_060230.jpg,train,lips_masked,no_face_detected,2026-09-09T17:05:04
age22_057138.jpg,train,lips_masked,no_face_detected,2026-09-09T17:05:04
age70_034520.jpg,train,lips_masked,no_face_detected,2026-09-09T17:05:04
age34_015367.jpg,train,lips_masked,no_face_detected,2026-09-09T17:05:04
age48_041609.jpg,train,lips_masked,no_face_detected,2026-09-09T17:05:04
age55_077756.jpg,train,lips_masked,no_face_detected,2026-09-09T17:05:04
age38_066068.jpg,train,lips_masked,no_face_detected,2026-09-09T17:05:04
age34_019262.jpg,train,lips_masked,no_face_detected,2026-09-09T17:05:04
age4_051008.jpg,train,lips_masked,no_face_detected,2026-09-09T17:05:05
age37_052260.jpg,train,lips_masked,no_face_detected,2026-09-09T17:05:05
age48_041703.jpg,train,lips_masked,no_face_detected,2026-09-09T17:05:05
age10_009123.jpg,train,lips_masked,no_face_detected,2026-09-09T17:05:05
age58_075862.jpg,train,lips_masked,no_face_detected,2026-09-09T17:05:05
age71_030149.jpg,train,lips_masked,no_face_detected,2026-09-09T17:05:05
age8_008982.jpg,train,lips_masked,no_face_detected,2026-09-09T17:05:06
age47_041233.jpg,train,lips_masked,no_face_detected,2026-09-09T17:05:06
age27_026717.jpg,train,lips_masked,no_face_detected,2026-09-09T17:05:06
age47_039401.jpg,train,lips_masked,no_face_detected,2026-09-09T17:05:06
age4_050510.jpg,train,lips_masked,no_face_detected,2026-09-09T17:05:06
age47_043873.jpg,train,lips_masked,no_face_detected,2026-09-09T17:05:06
age31_016508.jpg,train,lips_masked,no_face_detected,2026-09-09T17:05:07
age27_021946.jpg,train,lips_masked,no_face_detected,2026-09-09T17:05:07
age38_066656.jpg,train,lips_masked,no_face_detected,2026-09-09T17:05:07
age61_080581.jpg,train,lips_masked,no_face_detected,2026-09-09T17:05:08
age55_075657.jpg,train,lips_masked,no_face_detected,2026-09-09T17:05:08
age54_044569.jpg,train,lips_masked,no_face_detected,2026-09-09T17:05:08
age37_018447.jpg,train,lips_masked,no_face_detected,2026-09-09T17:05:08
age11_006589.jpg,train,lips_masked,no_face_detected,2026-09-09T17:05:08
age40_066206.jpg,train,lips_masked,no_face_detected,2026-09-09T17:05:08
age74_028586.jpg,train,lips_masked,no_face_detected,2026-09-09T17:05:08
age43_017425.jpg,train,lips_masked,no_face_detected,2026-09-09T17:05:08
age4_051352.jpg,train,lips_masked,no_face_detected,2026-09-09T17:05:08
age51_032554.jpg,train,lips_masked,no_face_detected,2026-09-09T17:05:09
age7_008056.jpg,train,lips_masked,no_face_detected,2026-09-09T17:05:09
age21_059473.jpg,train,lips_masked,no_face_detected,2026-09-09T17:05:09
age51_037410.jpg,train,lips_masked,no_face_detected,2026-09-09T17:05:09
age55_047290.jpg,train,lips_masked,no_face_detected,2026-09-09T17:05:09
age34_014928.jpg,train,lips_masked,no_face_detected,2026-09-09T17:05:09
age4_054279.jpg,train,lips_masked,no_face_detected,2026-09-09T17:05:10
age6_007565.jpg,train,lips_masked,no_face_detected,2026-09-09T17:05:10
age45_007087.jpg,train,lips_masked,no_face_detected,2026-09-09T17:05:10
age74_029160.jpg,train,lips_masked,no_face_detected,2026-09-09T17:05:10
age50_047742.jpg,train,lips_masked,no_face_detected,2026-09-09T17:05:10
age40_067468.jpg,train,lips_masked,no_face_detected,2026-09-09T17:05:10
age25_059338.jpg,train,lips_masked,no_face_detected,2026-09-09T17:05:11
age21_055839.jpg,train,lips_masked,no_face_detected,2026-09-09T17:05:11
age12_006148.jpg,train,lips_masked,no_face_detected,2026-09-09T17:05:11
age73_028277.jpg,train,lips_masked,no_face_detected,2026-09-09T17:05:11
age77_034900.jpg,train,lips_masked,no_face_detected,2026-09-09T17:05:12
age38_068337.jpg,train,lips_masked,no_face_detected,2026-09-09T17:05:12
age70_030509.jpg,train,lips_masked,no_face_detected,2026-09-09T17:05:12
age2_054435.jpg,train,lips_masked,no_face_detected,2026-09-09T17:05:12
age40_068397.jpg,train,lips_masked,no_face_detected,2026-09-09T17:05:12
age24_023921.jpg,train,lips_masked,no_face_detected,2026-09-09T17:05:12
age41_064015.jpg,train,lips_masked,no_face_detected,2026-09-09T17:05:13
age57_067843.jpg,train,lips_masked,no_face_detected,2026-09-09T17:05:13
age34_017984.jpg,train,lips_masked,no_face_detected,2026-09-09T17:05:14
age27_024356.jpg,train,lips_masked,no_face_detected,2026-09-09T17:05:14
age10_005492.jpg,train,lips_masked,no_face_detected,2026-09-09T17:05:14
age21_059093.jpg,train,lips_masked,no_face_detected,2026-09-09T17:05:14
age60_075882.jpg,train,lips_masked,no_face_detected,2026-09-09T17:05:14
age42_019785.jpg,train,lips_masked,no_face_detected,2026-09-09T17:05:14
age40_061221.jpg,train,lips_masked,no_face_detected,2026-09-09T17:05:14
age21_058200.jpg,train,lips_masked,no_face_detected,2026-09-09T17:05:15
age58_030775.jpg,train,lips_masked,no_face_detected,2026-09-09T17:05:15
age63_049084.jpg,train,lips_masked,no_face_detected,2026-09-09T17:05:15
age61_079896.jpg,train,lips_masked,no_face_detected,2026-09-09T17:05:15
age65_080838.jpg,train,lips_masked,no_face_detected,2026-09-09T17:05:15
age10_010936.jpg,train,lips_masked,no_face_detected,2026-09-09T17:05:15
age47_037829.jpg,train,lips_masked,no_face_detected,2026-09-09T17:05:15
age40_064257.jpg,train,lips_masked,no_face_detected,2026-09-09T17:05:16
age20_072609.jpg,train,lips_masked,no_face_detected,2026-09-09T17:05:16
age10_007751.jpg,train,lips_masked,no_face_detected,2026-09-09T17:05:16
age76_082786.jpg,train,lips_masked,no_face_detected,2026-09-09T17:05:16
age41_061188.jpg,train,lips_masked,no_face_detected,2026-09-09T17:05:16
age55_078280.jpg,train,lips_masked,no_face_detected,2026-09-09T17:05:16
age6_012823.jpg,train,lips_masked,no_face_detected,2026-09-09T17:05:17
age4_050799.jpg,train,lips_masked,no_face_detected,2026-09-09T17:05:17
age27_024503.jpg,train,lips_masked,no_face_detected,2026-09-09T17:05:17
age18_071138.jpg,train,lips_masked,no_face_detected,2026-09-09T17:05:17
age51_035756.jpg,train,lips_masked,no_face_detected,2026-09-09T17:05:17
age47_042145.jpg,train,lips_masked,no_face_detected,2026-09-09T17:05:18
age50_042455.jpg,train,lips_masked,no_face_detected,2026-09-09T17:05:18
age33_014933.jpg,train,lips_masked,no_face_detected,2026-09-09T17:05:18
age60_080748.jpg,train,lips_masked,no_face_detected,2026-09-09T17:05:18
age48_039956.jpg,train,lips_masked,no_face_detected,2026-09-09T17:05:18
age62_080621.jpg,train,lips_masked,no_face_detected,2026-09-09T17:05:18
age27_024353.jpg,train,lips_masked,no_face_detected,2026-09-09T17:05:19
age77_083216.jpg,train,lips_masked,no_face_detected,2026-09-09T17:05:19
age10_010271.jpg,train,lips_masked,no_face_detected,2026-09-09T17:05:19
age3_053041.jpg,train,lips_masked,no_face_detected,2026-09-09T17:05:19
age31_019712.jpg,train,lips_masked,no_face_detected,2026-09-09T17:05:19
age35_014459.jpg,train,lips_masked,no_face_detected,2026-09-09T17:05:19
age21_057471.jpg,train,lips_masked,no_face_detected,2026-09-09T17:05:19
age37_061241.jpg,train,lips_masked,no_face_detected,2026-09-09T17:05:19
age31_019365.jpg,train,lips_masked,no_face_detected,2026-09-09T17:05:20
age11_000491.jpg,train,lips_masked,no_face_detected,2026-09-09T17:05:20
age4_052903.jpg,train,lips_masked,no_face_detected,2026-09-09T17:05:20
age67_035473.jpg,train,lips_masked,no_face_detected,2026-09-09T17:05:20
age2_050595.jpg,train,lips_masked,no_face_detected,2026-09-09T17:05:20
age58_079195.jpg,train,lips_masked,no_face_detected,2026-09-09T17:05:20
age15_004761.jpg,train,lips_masked,no_face_detected,2026-09-09T17:05:20
age17_074675.jpg,train,lips_masked,no_face_detected,2026-09-09T17:05:20
age38_067023.jpg,train,lips_masked,no_face_detected,2026-09-09T17:05:21
age38_069893.jpg,train,lips_masked,no_face_detected,2026-09-09T17:05:21
age38_069987.jpg,train,lips_masked,no_face_detected,2026-09-09T17:05:21
age4_013646.jpg,train,lips_masked,no_face_detected,2026-09-09T17:05:21
age29_024533.jpg,train,lips_masked,no_face_detected,2026-09-09T17:05:21
age34_018362.jpg,train,lips_masked,no_face_detected,2026-09-09T17:05:21
age6_008453.jpg,train,lips_masked,no_face_detected,2026-09-09T17:05:21
age28_023535.jpg,train,lips_masked,no_face_detected,2026-09-09T17:05:22
age47_037522.jpg,train,lips_masked,no_face_detected,2026-09-09T17:05:22
age53_044621.jpg,train,lips_masked,no_face_detected,2026-09-09T17:05:22
age20_056474.jpg,train,lips_masked,no_face_detected,2026-09-09T17:05:22
age11_004884.jpg,train,lips_masked,no_face_detected,2026-09-09T17:05:22
age37_065899.jpg,train,lips_masked,no_face_detected,2026-09-09T17:05:22
age84_083899.jpg,train,lips_masked,no_face_detected,2026-09-09T17:05:22
age27_021353.jpg,train,lips_masked,no_face_detected,2026-09-09T17:05:23
age18_005960.jpg,train,lips_masked,no_face_detected,2026-09-09T17:05:23
age10_001663.jpg,train,lips_masked,no_face_detected,2026-09-09T17:05:23
age21_000080.jpg,train,lips_masked,no_face_detected,2026-09-09T17:05:23
age60_039604.jpg,train,lips_masked,no_face_detected,2026-09-09T17:05:23
age27_023117.jpg,train,lips_masked,no_face_detected,2026-09-09T17:05:23
age66_035230.jpg,train,lips_masked,no_face_detected,2026-09-09T17:05:23
age38_062271.jpg,train,lips_masked,no_face_detected,2026-09-09T17:05:24
age20_072570.jpg,train,lips_masked,no_face_detected,2026-09-09T17:05:24
age37_067101.jpg,train,lips_masked,no_face_detected,2026-09-09T17:05:24
age20_057283.jpg,train,lips_masked,no_face_detected,2026-09-09T17:05:24
age67_032713.jpg,train,lips_masked,no_face_detected,2026-09-09T17:05:24
age68_034087.jpg,train,lips_masked,no_face_detected,2026-09-09T17:05:24
age27_023609.jpg,train,lips_masked,no_face_detected,2026-09-09T17:05:25
age28_024357.jpg,train,lips_masked,no_face_detected,2026-09-09T17:05:25
age41_061109.jpg,train,lips_masked,no_face_detected,2026-09-09T17:05:25
age60_041249.jpg,train,lips_masked,no_face_detected,2026-09-09T17:05:22
age51_048072.jpg,train,lips_masked,no_face_detected,2026-09-09T17:05:22
age41_037310.jpg,train,lips_masked,no_face_detected,2026-09-09T17:05:23
age79_082939.jpg,train,lips_masked,no_face_detected,2026-09-09T17:05:23
age62_082173.jpg,train,lips_masked,no_face_detected,2026-09-09T17:05:23
age42_061754.jpg,train,lips_masked,no_face_detected,2026-09-09T17:05:23
age58_061100.jpg,train,lips_masked,no_face_detected,2026-09-09T17:05:23
age22_057686.jpg,train,lips_masked,no_face_detected,2026-09-09T17:05:23
age73_030183.jpg,train,lips_masked,no_face_detected,2026-09-09T17:05:24
age58_075361.jpg,train,lips_masked,no_face_detected,2026-09-09T17:05:24
age18_071966.jpg,train,lips_masked,no_face_detected,2026-09-09T17:05:24
age72_030568.jpg,train,lips_masked,no_face_detected,2026-09-09T17:05:24
age73_029516.jpg,train,lips_masked,no_face_detected,2026-09-09T17:05:24
age37_067788.jpg,train,lips_masked,no_face_detected,2026-09-09T17:05:24
age31_016498.jpg,train,lips_masked,no_face_detected,2026-09-09T17:05:24
age58_078119.jpg,train,lips_masked,no_face_detected,2026-09-09T17:05:24
age34_017581.jpg,train,lips_masked,no_face_detected,2026-09-09T17:05:25
age37_069494.jpg,train,lips_masked,no_face_detected,2026-09-09T17:05:25
age50_042337.jpg,train,lips_masked,no_face_detected,2026-09-09T17:05:25
age37_069811.jpg,train,lips_masked,no_face_detected,2026-09-09T17:05:25
age54_048226.jpg,train,lips_masked,no_face_detected,2026-09-09T17:05:25
age77_082816.jpg,train,lips_masked,no_face_detected,2026-09-09T17:05:26
age57_076040.jpg,train,lips_masked,no_face_detected,2026-09-09T17:05:26
age58_079066.jpg,train,lips_masked,no_face_detected,2026-09-09T17:05:26
age22_055446.jpg,train,lips_masked,no_face_detected,2026-09-09T17:05:26
age31_018102.jpg,train,lips_masked,no_face_detected,2026-09-09T17:05:26
age40_068823.jpg,train,lips_masked,no_face_detected,2026-09-09T17:05:26
age47_037611.jpg,train,lips_masked,no_face_detected,2026-09-09T17:05:26
age41_063726.jpg,train,lips_masked,no_face_detected,2026-09-09T17:05:26
age36_069425.jpg,train,lips_masked,no_face_detected,2026-09-09T17:05:27
age64_037473.jpg,train,lips_masked,no_face_detected,2026-09-09T17:05:27
age71_029933.jpg,train,lips_masked,no_face_detected,2026-09-09T17:05:27
age7_001636.jpg,train,lips_masked,no_face_detected,2026-09-09T17:05:27
age14_006062.jpg,train,lips_masked,no_face_detected,2026-09-09T17:05:27
age31_020782.jpg,train,lips_masked,no_face_detected,2026-09-09T17:05:27
age27_026171.jpg,train,lips_masked,no_face_detected,2026-09-09T17:05:27
age4_051417.jpg,train,lips_masked,no_face_detected,2026-09-09T17:05:27
age72_028984.jpg,train,lips_masked,no_face_detected,2026-09-09T17:05:27
age37_069956.jpg,train,lips_masked,no_face_detected,2026-09-09T17:05:28
age55_078824.jpg,train,lips_masked,no_face_detected,2026-09-09T17:05:28
age38_070083.jpg,train,lips_masked,no_face_detected,2026-09-09T17:05:28
age20_071037.jpg,train,lips_masked,no_face_detected,2026-09-09T17:05:28
age28_023949.jpg,train,lips_masked,no_face_detected,2026-09-09T17:05:28
age25_057414.jpg,train,lips_masked,no_face_detected,2026-09-09T17:05:28
age75_068759.jpg,train,lips_masked,no_face_detected,2026-09-09T17:05:28
age54_048094.jpg,train,lips_masked,no_face_detected,2026-09-09T17:05:29
age6_012356.jpg,train,lips_masked,no_face_detected,2026-09-09T17:05:29
age40_063423.jpg,train,lips_masked,no_face_detected,2026-09-09T17:05:29
age7_004858.jpg,train,lips_masked,no_face_detected,2026-09-09T17:05:29
age60_029008.jpg,train,lips_masked,no_face_detected,2026-09-09T17:05:29
age27_023501.jpg,train,lips_masked,no_face_detected,2026-09-09T17:05:29
age10_004040.jpg,train,lips_masked,no_face_detected,2026-09-09T17:05:30
age41_061518.jpg,train,lips_masked,no_face_detected,2026-09-09T17:05:30
age11_002884.jpg,train,lips_masked,no_face_detected,2026-09-09T17:05:30
age75_028712.jpg,train,lips_masked,no_face_detected,2026-09-09T17:05:30
age54_049430.jpg,train,lips_masked,no_face_detected,2026-09-09T17:05:30
age41_006018.jpg,train,lips_masked,no_face_detected,2026-09-09T17:05:30
age62_080046.jpg,train,lips_masked,no_face_detected,2026-09-09T17:05:30
age36_066053.jpg,train,lips_masked,no_face_detected,2026-09-09T17:05:30
age47_041054.jpg,train,lips_masked,no_face_detected,2026-09-09T17:05:31
age31_019427.jpg,train,lips_masked,no_face_detected,2026-09-09T17:05:31
age47_042768.jpg,train,lips_masked,no_face_detected,2026-09-09T17:05:31
age41_062914.jpg,train,lips_masked,no_face_detected,2026-09-09T17:05:31
age65_020984.jpg,train,lips_masked,no_face_detected,2026-09-09T17:05:31
age27_021606.jpg,train,lips_masked,no_face_detected,2026-09-09T17:05:31
age13_006316.jpg,train,lips_masked,no_face_detected,2026-09-09T17:05:32
age59_046759.jpg,train,lips_masked,no_face_detected,2026-09-09T17:05:32
age53_045001.jpg,train,lips_masked,no_face_detected,2026-09-09T17:05:32
age25_059591.jpg,train,lips_masked,no_face_detected,2026-09-09T17:05:32
age21_021036.jpg,train,lips_masked,no_face_detected,2026-09-09T17:05:32
age25_025079.jpg,train,lips_masked,no_face_detected,2026-09-09T17:05:32
age21_059191.jpg,train,lips_masked,no_face_detected,2026-09-09T17:05:32
age73_029622.jpg,train,lips_masked,no_face_detected,2026-09-09T17:05:33
age63_082465.jpg,train,lips_masked,no_face_detected,2026-09-09T17:05:33
age61_080651.jpg,train,lips_masked,no_face_detected,2026-09-09T17:05:33
age10_005207.jpg,train,lips_masked,no_face_detected,2026-09-09T17:05:33
age66_021654.jpg,train,lips_masked,no_face_detected,2026-09-09T17:05:33
age38_070280.jpg,train,lips_masked,no_face_detected,2026-09-09T17:05:33
age20_073931.jpg,train,lips_masked,no_face_detected,2026-09-09T17:05:33
age27_026177.jpg,train,lips_masked,no_face_detected,2026-09-09T17:05:33
age32_018245.jpg,train,lips_masked,no_face_detected,2026-09-09T17:05:34
age63_028278.jpg,train,lips_masked,no_face_detected,2026-09-09T17:05:34
age43_046053.jpg,train,lips_masked,no_face_detected,2026-09-09T17:05:34
age18_026713.jpg,train,lips_masked,no_face_detected,2026-09-09T17:05:35
age20_057310.jpg,train,lips_masked,no_face_detected,2026-09-09T17:05:35
age55_040082.jpg,train,lips_masked,no_face_detected,2026-09-09T17:05:35
80_0_0_20170111205541652.jpg,train,lips_masked,no_face_detected,2026-09-09T17:05:35
age41_064832.jpg,train,lips_masked,no_face_detected,2026-09-09T17:05:35
age21_058755.jpg,train,lips_masked,no_face_detected,2026-09-09T17:05:35
age25_060281.jpg,train,lips_masked,no_face_detected,2026-09-09T17:05:36
age57_017856.jpg,train,lips_masked,no_face_detected,2026-09-09T17:05:36
age78_083171.jpg,train,lips_masked,no_face_detected,2026-09-09T17:05:36
age20_073982.jpg,train,lips_masked,no_face_detected,2026-09-09T17:05:36
age25_024735.jpg,train,lips_masked,no_face_detected,2026-09-09T17:05:37
age47_038408.jpg,train,lips_masked,no_face_detected,2026-09-09T17:05:37
age14_000929.jpg,train,lips_masked,no_face_detected,2026-09-09T17:05:37
age6_010888.jpg,train,lips_masked,no_face_detected,2026-09-09T17:05:37
age6_007689.jpg,train,lips_masked,no_face_detected,2026-09-09T17:05:37
age69_035288.jpg,train,lips_masked,no_face_detected,2026-09-09T17:05:37
age66_034149.jpg,train,lips_masked,no_face_detected,2026-09-09T17:05:37
age11_005041.jpg,train,lips_masked,no_face_detected,2026-09-09T17:05:37
age65_045274.jpg,train,lips_masked,no_face_detected,2026-09-09T17:05:37
age74_028851.jpg,train,lips_masked,no_face_detected,2026-09-09T17:05:37
age7_011066.jpg,train,lips_masked,no_face_detected,2026-09-09T17:05:38
age65_020520.jpg,train,lips_masked,no_face_detected,2026-09-09T17:05:38
age60_080419.jpg,train,lips_masked,no_face_detected,2026-09-09T17:05:38
age37_066251.jpg,train,lips_masked,no_face_detected,2026-09-09T17:05:38
age53_048996.jpg,train,lips_masked,no_face_detected,2026-09-09T17:05:38
age20_073575.jpg,train,lips_masked,no_face_detected,2026-09-09T17:05:38
age27_025833.jpg,train,lips_masked,no_face_detected,2026-09-09T17:05:38
age55_047488.jpg,train,lips_masked,no_face_detected,2026-09-09T17:05:39
age83_083870.jpg,train,lips_masked,no_face_detected,2026-09-09T17:05:39
age50_042539.jpg,train,lips_masked,no_face_detected,2026-09-09T17:05:39
age65_080741.jpg,train,lips_masked,no_face_detected,2026-09-09T17:05:39
age4_050779.jpg,train,lips_masked,no_face_detected,2026-09-09T17:05:39
age55_047138.jpg,train,lips_masked,no_face_detected,2026-09-09T17:05:39
age45_036062.jpg,train,lips_masked,no_face_detected,2026-09-09T17:05:39
age7_004880.jpg,train,lips_masked,no_face_detected,2026-09-09T17:05:40
age79_083681.jpg,train,lips_masked,no_face_detected,2026-09-09T17:05:40
age25_056019.jpg,train,lips_masked,no_face_detected,2026-09-09T17:05:40
age21_057022.jpg,train,lips_masked,no_face_detected,2026-09-09T17:05:40
age50_044353.jpg,train,lips_masked,no_face_detected,2026-09-09T17:05:40
age63_032059.jpg,train,lips_masked,no_face_detected,2026-09-09T17:05:41
age61_079270.jpg,train,lips_masked,no_face_detected,2026-09-09T17:05:41
age36_066491.jpg,train,lips_masked,no_face_detected,2026-09-09T17:05:41
age70_033202.jpg,train,lips_masked,no_face_detected,2026-09-09T17:05:41
age8_006289.jpg,train,lips_masked,no_face_detected,2026-09-09T17:05:41
age47_043540.jpg,train,lips_masked,no_face_detected,2026-09-09T17:05:41
age62_081986.jpg,train,lips_masked,no_face_detected,2026-09-09T17:05:41
age54_045455.jpg,train,lips_masked,no_face_detected,2026-09-09T17:05:41
age37_068495.jpg,train,lips_masked,no_face_detected,2026-09-09T17:05:41
age13_003531.jpg,train,lips_masked,no_face_detected,2026-09-09T17:05:41
age20_059538.jpg,train,lips_masked,no_face_detected,2026-09-09T17:05:42
age34_014000.jpg,train,lips_masked,no_face_detected,2026-09-09T17:05:42
age58_075507.jpg,train,lips_masked,no_face_detected,2026-09-09T17:05:42
age31_015630.jpg,train,lips_masked,no_face_detected,2026-09-09T17:05:42
age34_016191.jpg,train,lips_masked,no_face_detected,2026-09-09T17:05:42
age72_030938.jpg,train,lips_masked,no_face_detected,2026-09-09T17:05:42
age50_045456.jpg,train,lips_masked,no_face_detected,2026-09-09T17:05:42
age58_075330.jpg,train,lips_masked,no_face_detected,2026-09-09T17:05:43
age11_000663.jpg,train,lips_masked,no_face_detected,2026-09-09T17:05:43
age22_055669.jpg,train,lips_masked,no_face_detected,2026-09-09T17:05:43
age38_065621.jpg,train,lips_masked,no_face_detected,2026-09-09T17:05:43
age6_007371.jpg,train,lips_masked,no_face_detected,2026-09-09T17:05:43
age38_070124.jpg,train,lips_masked,no_face_detected,2026-09-09T17:05:43
age18_074246.jpg,train,lips_masked,no_face_detected,2026-09-09T17:05:43
age2_052789.jpg,train,lips_masked,no_face_detected,2026-09-09T17:05:43
age11_006008.jpg,train,lips_masked,no_face_detected,2026-09-09T17:05:44
age47_041407.jpg,train,lips_masked,no_face_detected,2026-09-09T17:05:44
age18_074149.jpg,train,lips_masked,no_face_detected,2026-09-09T17:05:44
age2_054758.jpg,train,lips_masked,no_face_detected,2026-09-09T17:05:44
age42_028099.jpg,train,lips_masked,no_face_detected,2026-09-09T17:05:44
age4_051502.jpg,train,lips_masked,no_face_detected,2026-09-09T17:05:45
age77_082763.jpg,train,lips_masked,no_face_detected,2026-09-09T17:05:45
age56_075951.jpg,train,lips_masked,no_face_detected,2026-09-09T17:05:45
age31_016595.jpg,train,lips_masked,no_face_detected,2026-09-09T17:05:45
age53_044947.jpg,train,lips_masked,no_face_detected,2026-09-09T17:05:45
age8_004431.jpg,train,lips_masked,no_face_detected,2026-09-09T17:05:45
age13_001554.jpg,train,lips_masked,no_face_detected,2026-09-09T17:05:45
age20_011269.jpg,train,lips_masked,no_face_detected,2026-09-09T17:05:45
age19_073382.jpg,train,lips_masked,no_face_detected,2026-09-09T17:05:46
age4_050859.jpg,train,lips_masked,no_face_detected,2026-09-09T17:05:46
age45_044204.jpg,train,lips_masked,no_face_detected,2026-09-09T17:05:46
age4_050442.jpg,train,lips_masked,no_face_detected,2026-09-09T17:05:46
age55_048914.jpg,train,lips_masked,no_face_detected,2026-09-09T17:05:46
age37_070141.jpg,train,lips_masked,no_face_detected,2026-09-09T17:05:46
age47_031960.jpg,train,lips_masked,no_face_detected,2026-09-09T17:05:46
age31_013881.jpg,train,lips_masked,no_face_detected,2026-09-09T17:05:46
age42_031737.jpg,train,lips_masked,no_face_detected,2026-09-09T17:05:46
age18_038266.jpg,train,lips_masked,no_face_detected,2026-09-09T17:05:46
age37_065318.jpg,train,lips_masked,no_face_detected,2026-09-09T17:05:47
age27_024399.jpg,train,lips_masked,no_face_detected,2026-09-09T17:05:47
age45_060600.jpg,train,lips_masked,no_face_detected,2026-09-09T17:05:47
age73_030226.jpg,train,lips_masked,no_face_detected,2026-09-09T17:05:47
age62_081168.jpg,train,lips_masked,no_face_detected,2026-09-09T17:05:47
age34_017895.jpg,train,lips_masked,no_face_detected,2026-09-09T17:05:47
age66_034122.jpg,train,lips_masked,no_face_detected,2026-09-09T17:05:47
age30_021938.jpg,train,lips_masked,no_face_detected,2026-09-09T17:05:47
age71_028470.jpg,train,lips_masked,no_face_detected,2026-09-09T17:05:47
age77_083294.jpg,train,lips_masked,no_face_detected,2026-09-09T17:05:48
age38_046215.jpg,train,lips_masked,no_face_detected,2026-09-09T17:05:48
age27_021838.jpg,train,lips_masked,no_face_detected,2026-09-09T17:05:48
age21_057024.jpg,train,lips_masked,no_face_detected,2026-09-09T17:05:48
age39_066543.jpg,train,lips_masked,no_face_detected,2026-09-09T17:05:48
age10_002928.jpg,train,lips_masked,no_face_detected,2026-09-09T17:05:48
age6_007337.jpg,train,lips_masked,no_face_detected,2026-09-09T17:05:48
age67_034177.jpg,train,lips_masked,no_face_detected,2026-09-09T17:05:49
age81_083835.jpg,train,lips_masked,no_face_detected,2026-09-09T17:05:49
age37_068306.jpg,train,lips_masked,no_face_detected,2026-09-09T17:05:49
age4_054369.jpg,train,lips_masked,no_face_detected,2026-09-09T17:05:49
age21_058251.jpg,train,lips_masked,no_face_detected,2026-09-09T17:05:49
age67_033068.jpg,train,lips_masked,no_face_detected,2026-09-09T17:05:50
age72_026242.jpg,train,lips_masked,no_face_detected,2026-09-09T17:05:50
age48_042260.jpg,train,lips_masked,no_face_detected,2026-09-09T17:05:50
age47_042159.jpg,train,lips_masked,no_face_detected,2026-09-09T17:05:50
age10_001029.jpg,train,lips_masked,no_face_detected,2026-09-09T17:05:50
age40_068296.jpg,train,lips_masked,no_face_detected,2026-09-09T17:05:50
age58_047462.jpg,train,lips_masked,no_face_detected,2026-09-09T17:05:50
age27_026556.jpg,train,lips_masked,no_face_detected,2026-09-09T17:05:50
age38_066144.jpg,train,lips_masked,no_face_detected,2026-09-09T17:05:51
age4_054973.jpg,train,lips_masked,no_face_detected,2026-09-09T17:05:51
age6_013211.jpg,train,lips_masked,no_face_detected,2026-09-09T17:05:51
age65_079369.jpg,train,lips_masked,no_face_detected,2026-09-09T17:05:51
age27_022513.jpg,train,lips_masked,no_face_detected,2026-09-09T17:05:51
age41_062884.jpg,train,lips_masked,no_face_detected,2026-09-09T17:05:51
age27_024072.jpg,train,lips_masked,no_face_detected,2026-09-09T17:05:51
age20_057602.jpg,train,lips_masked,no_face_detected,2026-09-09T17:05:52
age47_038995.jpg,train,lips_masked,no_face_detected,2026-09-09T17:05:52
age62_081115.jpg,train,lips_masked,no_face_detected,2026-09-09T17:05:52
age22_058833.jpg,train,lips_masked,no_face_detected,2026-09-09T17:05:52
age52_030611.jpg,train,lips_masked,no_face_detected,2026-09-09T17:05:52
age68_033454.jpg,train,lips_masked,no_face_detected,2026-09-09T17:05:52
age12_002091.jpg,train,lips_masked,no_face_detected,2026-09-09T17:05:52
age6_009841.jpg,train,lips_masked,no_face_detected,2026-09-09T17:05:52
age62_080592.jpg,train,lips_masked,no_face_detected,2026-09-09T17:05:52
age34_020905.jpg,train,lips_masked,no_face_detected,2026-09-09T17:05:52
age78_083059.jpg,train,lips_masked,no_face_detected,2026-09-09T17:05:53
age21_055469.jpg,train,lips_masked,no_face_detected,2026-09-09T17:05:53
age50_038738.jpg,train,lips_masked,no_face_detected,2026-09-09T17:05:53
age10_005325.jpg,train,lips_masked,no_face_detected,2026-09-09T17:05:53
age10_000253.jpg,train,lips_masked,no_face_detected,2026-09-09T17:05:53
age53_049063.jpg,train,lips_masked,no_face_detected,2026-09-09T17:05:53
age7_006889.jpg,train,lips_masked,no_face_detected,2026-09-09T17:05:53
age9_004606.jpg,train,lips_masked,no_face_detected,2026-09-09T17:05:53
age57_076055.jpg,train,lips_masked,no_face_detected,2026-09-09T17:05:53
age34_019331.jpg,train,lips_masked,no_face_detected,2026-09-09T17:05:53
age31_020750.jpg,train,lips_masked,no_face_detected,2026-09-09T17:05:53
age26_018821.jpg,train,lips_masked,no_face_detected,2026-09-09T17:05:54
age61_081830.jpg,train,lips_masked,no_face_detected,2026-09-09T17:05:54
age53_049534.jpg,train,lips_masked,no_face_detected,2026-09-09T17:05:54
age9_006305.jpg,train,lips_masked,no_face_detected,2026-09-09T17:05:54
age10_011290.jpg,train,lips_masked,no_face_detected,2026-09-09T17:05:51
age7_000162.jpg,train,lips_masked,no_face_detected,2026-09-09T17:05:51
age22_022549.jpg,train,lips_masked,no_face_detected,2026-09-09T17:05:52
age57_077973.jpg,train,lips_masked,no_face_detected,2026-09-09T17:05:52
age48_037542.jpg,train,lips_masked,no_face_detected,2026-09-09T17:05:52
age54_045592.jpg,train,lips_masked,no_face_detected,2026-09-09T17:05:52
age31_020742.jpg,train,lips_masked,no_face_detected,2026-09-09T17:05:52
age42_000292.jpg,train,lips_masked,no_face_detected,2026-09-09T17:05:52
age48_044101.jpg,train,lips_masked,no_face_detected,2026-09-09T17:05:53
age27_023644.jpg,train,lips_masked,no_face_detected,2026-09-09T17:05:53
age55_031507.jpg,train,lips_masked,no_face_detected,2026-09-09T17:05:53
age27_023435.jpg,train,lips_masked,no_face_detected,2026-09-09T17:05:53
age4_051377.jpg,train,lips_masked,no_face_detected,2026-09-09T17:05:53
age53_044736.jpg,train,lips_masked,no_face_detected,2026-09-09T17:05:53
age61_081172.jpg,train,lips_masked,no_face_detected,2026-09-09T17:05:53
age27_022410.jpg,train,lips_masked,no_face_detected,2026-09-09T17:05:54
age38_066932.jpg,train,lips_masked,no_face_detected,2026-09-09T17:05:54
age73_030995.jpg,train,lips_masked,no_face_detected,2026-09-09T17:05:54
age7_010827.jpg,train,lips_masked,no_face_detected,2026-09-09T17:05:54
age23_016021.jpg,train,lips_masked,no_face_detected,2026-09-09T17:05:54
age68_032007.jpg,train,lips_masked,no_face_detected,2026-09-09T17:05:55
age42_061256.jpg,train,lips_masked,no_face_detected,2026-09-09T17:05:55
age27_025835.jpg,train,lips_masked,no_face_detected,2026-09-09T17:05:55
age65_079676.jpg,train,lips_masked,no_face_detected,2026-09-09T17:05:55
age61_079247.jpg,train,lips_masked,no_face_detected,2026-09-09T17:05:55
age74_028584.jpg,train,lips_masked,no_face_detected,2026-09-09T17:05:55
age49_041617.jpg,train,lips_masked,no_face_detected,2026-09-09T17:05:56
age40_063014.jpg,train,lips_masked,no_face_detected,2026-09-09T17:05:56
age27_025431.jpg,train,lips_masked,no_face_detected,2026-09-09T17:05:57
age10_002545.jpg,train,lips_masked,no_face_detected,2026-09-09T17:05:57
age60_080771.jpg,train,lips_masked,no_face_detected,2026-09-09T17:05:57
age29_022571.jpg,train,lips_masked,no_face_detected,2026-09-09T17:05:57
age48_040077.jpg,train,lips_masked,no_face_detected,2026-09-09T17:05:57
age47_042753.jpg,train,lips_masked,no_face_detected,2026-09-09T17:05:57
age66_025664.jpg,train,lips_masked,no_face_detected,2026-09-09T17:05:57
age2_052152.jpg,train,lips_masked,no_face_detected,2026-09-09T17:05:57
age54_048589.jpg,train,lips_masked,no_face_detected,2026-09-09T17:05:57
age59_035330.jpg,train,lips_masked,no_face_detected,2026-09-09T17:05:58
age67_033299.jpg,train,lips_masked,no_face_detected,2026-09-09T17:05:58
age11_005718.jpg,train,lips_masked,no_face_detected,2026-09-09T17:05:58
age11_002353.jpg,train,lips_masked,no_face_detected,2026-09-09T17:05:58
age53_049725.jpg,train,lips_masked,no_face_detected,2026-09-09T17:05:59
age27_023758.jpg,train,lips_masked,no_face_detected,2026-09-09T17:05:59
age70_034044.jpg,train,lips_masked,no_face_detected,2026-09-09T17:05:59
age27_015848.jpg,train,lips_masked,no_face_detected,2026-09-09T17:05:59
age59_068111.jpg,train,lips_masked,no_face_detected,2026-09-09T17:05:59
age10_000040.jpg,train,lips_masked,no_face_detected,2026-09-09T17:05:59
age20_012095.jpg,train,lips_masked,no_face_detected,2026-09-09T17:06:00
age38_067980.jpg,train,lips_masked,no_face_detected,2026-09-09T17:06:00
age43_063458.jpg,train,lips_masked,no_face_detected,2026-09-09T17:06:00
age27_022305.jpg,train,lips_masked,no_face_detected,2026-09-09T17:06:00
age34_020152.jpg,train,lips_masked,no_face_detected,2026-09-09T17:06:00
age19_073022.jpg,train,lips_masked,no_face_detected,2026-09-09T17:06:01
age38_068981.jpg,train,lips_masked,no_face_detected,2026-09-09T17:06:01
age62_079571.jpg,train,lips_masked,no_face_detected,2026-09-09T17:06:01
age31_020674.jpg,train,lips_masked,no_face_detected,2026-09-09T17:06:01
age5_054471.jpg,train,lips_masked,no_face_detected,2026-09-09T17:06:02
age68_036421.jpg,train,lips_masked,no_face_detected,2026-09-09T17:06:02
age20_059611.jpg,train,lips_masked,no_face_detected,2026-09-09T17:06:02
age18_024741.jpg,train,lips_masked,no_face_detected,2026-09-09T17:06:02
age4_052042.jpg,train,lips_masked,no_face_detected,2026-09-09T17:06:03
age51_047945.jpg,train,lips_masked,no_face_detected,2026-09-09T17:06:03
age4_052779.jpg,train,lips_masked,no_face_detected,2026-09-09T17:06:03
age2_052860.jpg,train,lips_masked,no_face_detected,2026-09-09T17:06:04
age27_022401.jpg,train,lips_masked,no_face_detected,2026-09-09T17:06:04
age60_039542.jpg,train,lips_masked,no_face_detected,2026-09-09T17:06:04
age37_069308.jpg,train,lips_masked,no_face_detected,2026-09-09T17:06:05
age21_056306.jpg,train,lips_masked,no_face_detected,2026-09-09T17:06:05
age57_079105.jpg,train,lips_masked,no_face_detected,2026-09-09T17:06:06
age6_012503.jpg,train,lips_masked,no_face_detected,2026-09-09T17:06:06
age68_004126.jpg,train,lips_masked,no_face_detected,2026-09-09T17:06:06
age13_004960.jpg,train,lips_masked,no_face_detected,2026-09-09T17:06:06
age66_035564.jpg,train,lips_masked,no_face_detected,2026-09-09T17:06:06
age41_062047.jpg,train,lips_masked,no_face_detected,2026-09-09T17:06:06
age54_049721.jpg,train,lips_masked,no_face_detected,2026-09-09T17:06:06
age5_012562.jpg,train,lips_masked,no_face_detected,2026-09-09T17:06:07
age29_025831.jpg,train,lips_masked,no_face_detected,2026-09-09T17:06:07
age46_039751.jpg,train,lips_masked,no_face_detected,2026-09-09T17:06:07
age2_053294.jpg,train,lips_masked,no_face_detected,2026-09-09T17:06:07
age33_018533.jpg,train,lips_masked,no_face_detected,2026-09-09T17:06:07
age62_040026.jpg,train,lips_masked,no_face_detected,2026-09-09T17:06:07
age50_040543.jpg,train,lips_masked,no_face_detected,2026-09-09T17:06:07
age68_031368.jpg,train,lips_masked,no_face_detected,2026-09-09T17:06:08
age47_039179.jpg,train,lips_masked,no_face_detected,2026-09-09T17:06:08
age19_072779.jpg,train,lips_masked,no_face_detected,2026-09-09T17:06:08
age34_020865.jpg,train,lips_masked,no_face_detected,2026-09-09T17:06:09
age58_079117.jpg,train,lips_masked,no_face_detected,2026-09-09T17:06:09
age4_007957.jpg,train,lips_masked,no_face_detected,2026-09-09T17:06:09
age48_041544.jpg,train,lips_masked,no_face_detected,2026-09-09T17:06:09
age22_056751.jpg,train,lips_masked,no_face_detected,2026-09-09T17:06:09
age42_013893.jpg,train,lips_masked,no_face_detected,2026-09-09T17:06:09
age20_057536.jpg,train,lips_masked,no_face_detected,2026-09-09T17:06:09
age75_029651.jpg,train,lips_masked,no_face_detected,2026-09-09T17:06:10
age78_083296.jpg,train,lips_masked,no_face_detected,2026-09-09T17:06:10
age62_080160.jpg,train,lips_masked,no_face_detected,2026-09-09T17:06:10
age61_082555.jpg,train,lips_masked,no_face_detected,2026-09-09T17:06:10
age34_007421.jpg,train,lips_masked,no_face_detected,2026-09-09T17:06:10
age59_058162.jpg,train,lips_masked,no_face_detected,2026-09-09T17:06:10
age34_017159.jpg,train,lips_masked,no_face_detected,2026-09-09T17:06:10
age55_076444.jpg,train,lips_masked,no_face_detected,2026-09-09T17:06:10
age58_017474.jpg,train,lips_masked,no_face_detected,2026-09-09T17:06:11
age50_039945.jpg,train,lips_masked,no_face_detected,2026-09-09T17:06:11
age34_019012.jpg,train,lips_masked,no_face_detected,2026-09-09T17:06:11
age13_004432.jpg,train,lips_masked,no_face_detected,2026-09-09T17:06:12
age5_010757.jpg,train,lips_masked,no_face_detected,2026-09-09T17:06:12
age6_009255.jpg,train,lips_masked,no_face_detected,2026-09-09T17:06:12
age47_040259.jpg,train,lips_masked,no_face_detected,2026-09-09T17:06:12
age54_049270.jpg,train,lips_masked,no_face_detected,2026-09-09T17:06:12
age32_018170.jpg,train,lips_masked,no_face_detected,2026-09-09T17:06:12
age70_029661.jpg,train,lips_masked,no_face_detected,2026-09-09T17:06:13
age20_008995.jpg,train,lips_masked,no_face_detected,2026-09-09T17:06:13
age41_063938.jpg,train,lips_masked,no_face_detected,2026-09-09T17:06:13
age7_008931.jpg,train,lips_masked,no_face_detected,2026-09-09T17:06:13
age48_037329.jpg,train,lips_masked,no_face_detected,2026-09-09T17:06:13
age36_068237.jpg,train,lips_masked,no_face_detected,2026-09-09T17:06:14
age41_060579.jpg,train,lips_masked,no_face_detected,2026-09-09T17:06:14
age1_052252.jpg,train,lips_masked,no_face_detected,2026-09-09T17:06:14
age6_008570.jpg,train,lips_masked,no_face_detected,2026-09-09T17:06:14
age37_013546.jpg,train,lips_masked,no_face_detected,2026-09-09T17:06:14
age27_025617.jpg,train,lips_masked,no_face_detected,2026-09-09T17:06:14
age34_018264.jpg,train,lips_masked,no_face_detected,2026-09-09T17:06:15
age27_023207.jpg,train,lips_masked,no_face_detected,2026-09-09T17:06:15
age17_071739.jpg,train,lips_masked,no_face_detected,2026-09-09T17:06:15
age36_038733.jpg,train,lips_masked,no_face_detected,2026-09-09T17:06:15
age38_069356.jpg,train,lips_masked,no_face_detected,2026-09-09T17:06:15
age53_048532.jpg,train,lips_masked,no_face_detected,2026-09-09T17:06:15
age27_026513.jpg,train,lips_masked,no_face_detected,2026-09-09T17:06:15
age76_082927.jpg,train,lips_masked,no_face_detected,2026-09-09T17:06:16
age6_010230.jpg,train,lips_masked,no_face_detected,2026-09-09T17:06:16
age60_079107.jpg,train,lips_masked,no_face_detected,2026-09-09T17:06:16
age10_007676.jpg,train,lips_masked,no_face_detected,2026-09-09T17:06:16
age50_048276.jpg,train,lips_masked,no_face_detected,2026-09-09T17:06:16
age66_019420.jpg,train,lips_masked,no_face_detected,2026-09-09T17:06:16
age60_079390.jpg,train,lips_masked,no_face_detected,2026-09-09T17:06:16
age10_003965.jpg,train,lips_masked,no_face_detected,2026-09-09T17:06:17
age49_038381.jpg,train,lips_masked,no_face_detected,2026-09-09T17:06:17
age71_028014.jpg,train,lips_masked,no_face_detected,2026-09-09T17:06:18
age50_040105.jpg,train,lips_masked,no_face_detected,2026-09-09T17:06:18
age54_030547.jpg,train,lips_masked,no_face_detected,2026-09-09T17:06:18
age8_011561.jpg,train,lips_masked,no_face_detected,2026-09-09T17:06:18
age46_037400.jpg,train,lips_masked,no_face_detected,2026-09-09T17:06:18
age20_057523.jpg,train,lips_masked,no_face_detected,2026-09-09T17:06:18
age36_069974.jpg,train,lips_masked,no_face_detected,2026-09-09T17:06:18
age41_063017.jpg,train,lips_masked,no_face_detected,2026-09-09T17:06:18
age55_076020.jpg,train,lips_masked,no_face_detected,2026-09-09T17:06:19
age55_045214.jpg,train,lips_masked,no_face_detected,2026-09-09T17:06:19
age66_034455.jpg,train,lips_masked,no_face_detected,2026-09-09T17:06:19
age68_033782.jpg,train,lips_masked,no_face_detected,2026-09-09T17:06:19
age71_030153.jpg,train,lips_masked,no_face_detected,2026-09-09T17:06:19
age73_030196.jpg,train,lips_masked,no_face_detected,2026-09-09T17:06:19
age65_033083.jpg,train,lips_masked,no_face_detected,2026-09-09T17:06:19
age42_060445.jpg,train,lips_masked,no_face_detected,2026-09-09T17:06:20
age31_015688.jpg,train,lips_masked,no_face_detected,2026-09-09T17:06:20
age45_062620.jpg,train,lips_masked,no_face_detected,2026-09-09T17:06:20
age54_044709.jpg,train,lips_masked,no_face_detected,2026-09-09T17:06:20
age50_039035.jpg,train,lips_masked,no_face_detected,2026-09-09T17:06:20
age66_035607.jpg,train,lips_masked,no_face_detected,2026-09-09T17:06:20
age10_004774.jpg,train,lips_masked,no_face_detected,2026-09-09T17:06:21
age3_054476.jpg,train,lips_masked,no_face_detected,2026-09-09T17:06:21
age58_078535.jpg,train,lips_masked,no_face_detected,2026-09-09T17:06:21
age57_076475.jpg,train,lips_masked,no_face_detected,2026-09-09T17:06:21
age37_067058.jpg,train,lips_masked,no_face_detected,2026-09-09T17:06:21
age34_016678.jpg,train,lips_masked,no_face_detected,2026-09-09T17:06:21
age24_055827.jpg,train,lips_masked,no_face_detected,2026-09-09T17:06:21
age62_081559.jpg,train,lips_masked,no_face_detected,2026-09-09T17:06:21
age61_080494.jpg,train,lips_masked,no_face_detected,2026-09-09T17:06:21
age70_035016.jpg,train,lips_masked,no_face_detected,2026-09-09T17:06:21
age27_021641.jpg,train,lips_masked,no_face_detected,2026-09-09T17:06:22
age27_021240.jpg,train,lips_masked,no_face_detected,2026-09-09T17:06:22
age15_073641.jpg,train,lips_masked,no_face_detected,2026-09-09T17:06:22
age58_077457.jpg,train,lips_masked,no_face_detected,2026-09-09T17:06:22
age74_030894.jpg,train,lips_masked,no_face_detected,2026-09-09T17:06:22
age45_064155.jpg,train,lips_masked,no_face_detected,2026-09-09T17:06:22
age31_016997.jpg,train,lips_masked,no_face_detected,2026-09-09T17:06:22
age30_017225.jpg,train,lips_masked,no_face_detected,2026-09-09T17:06:23
age50_047864.jpg,train,lips_masked,no_face_detected,2026-09-09T17:06:23
age41_062851.jpg,train,lips_masked,no_face_detected,2026-09-09T17:06:23
age36_069458.jpg,train,lips_masked,no_face_detected,2026-09-09T17:06:23
age53_040011.jpg,train,lips_masked,no_face_detected,2026-09-09T17:06:24
age34_019523.jpg,train,lips_masked,no_face_detected,2026-09-09T17:06:21
age54_037963.jpg,train,lips_masked,no_face_detected,2026-09-09T17:06:21
age68_036666.jpg,train,lips_masked,no_face_detected,2026-09-09T17:06:21
age20_073509.jpg,train,lips_masked,no_face_detected,2026-09-09T17:06:21
age41_064602.jpg,train,lips_masked,no_face_detected,2026-09-09T17:06:21
age62_079930.jpg,train,lips_masked,no_face_detected,2026-09-09T17:06:21
age21_058591.jpg,train,lips_masked,no_face_detected,2026-09-09T17:06:22
age18_071907.jpg,train,lips_masked,no_face_detected,2026-09-09T17:06:22
age40_065984.jpg,train,lips_masked,no_face_detected,2026-09-09T17:06:22
age27_024110.jpg,train,lips_masked,no_face_detected,2026-09-09T17:06:22
age6_009459.jpg,train,lips_masked,no_face_detected,2026-09-09T17:06:22
age27_023935.jpg,train,lips_masked,no_face_detected,2026-09-09T17:06:22
age38_065548.jpg,train,lips_masked,no_face_detected,2026-09-09T17:06:22
age62_030334.jpg,train,lips_masked,no_face_detected,2026-09-09T17:06:22
age9_007005.jpg,train,lips_masked,no_face_detected,2026-09-09T17:06:22
age65_034073.jpg,train,lips_masked,no_face_detected,2026-09-09T17:06:22
age11_006068.jpg,train,lips_masked,no_face_detected,2026-09-09T17:06:23
age4_052167.jpg,train,lips_masked,no_face_detected,2026-09-09T17:06:23
age34_013993.jpg,train,lips_masked,no_face_detected,2026-09-09T17:06:23
age58_027831.jpg,train,lips_masked,no_face_detected,2026-09-09T17:06:23
age48_040621.jpg,train,lips_masked,no_face_detected,2026-09-09T17:06:23
age38_022828.jpg,train,lips_masked,no_face_detected,2026-09-09T17:06:23
age48_038976.jpg,train,lips_masked,no_face_detected,2026-09-09T17:06:23
age39_043432.jpg,train,lips_masked,no_face_detected,2026-09-09T17:06:24
age5_003108.jpg,train,lips_masked,no_face_detected,2026-09-09T17:06:24
age9_008013.jpg,train,lips_masked,no_face_detected,2026-09-09T17:06:24
age6_010449.jpg,train,lips_masked,no_face_detected,2026-09-09T17:06:25
age68_033534.jpg,train,lips_masked,no_face_detected,2026-09-09T17:06:25
age55_078493.jpg,train,lips_masked,no_face_detected,2026-09-09T17:06:25
age19_074191.jpg,train,lips_masked,no_face_detected,2026-09-09T17:06:25
age57_077625.jpg,train,lips_masked,no_face_detected,2026-09-09T17:06:25
age58_018030.jpg,train,lips_masked,no_face_detected,2026-09-09T17:06:26
age10_013293.jpg,train,lips_masked,no_face_detected,2026-09-09T17:06:26
age29_026211.jpg,train,lips_masked,no_face_detected,2026-09-09T17:06:26
age45_040781.jpg,train,lips_masked,no_face_detected,2026-09-09T17:06:26
age58_079014.jpg,train,lips_masked,no_face_detected,2026-09-09T17:06:26
age37_069828.jpg,train,lips_masked,no_face_detected,2026-09-09T17:06:27
age27_026465.jpg,train,lips_masked,no_face_detected,2026-09-09T17:06:27
age50_041868.jpg,train,lips_masked,no_face_detected,2026-09-09T17:06:27
age50_044836.jpg,train,lips_masked,no_face_detected,2026-09-09T17:06:27
age65_081809.jpg,train,lips_masked,no_face_detected,2026-09-09T17:06:27
age22_047946.jpg,train,lips_masked,no_face_detected,2026-09-09T17:06:27
age37_066117.jpg,train,lips_masked,no_face_detected,2026-09-09T17:06:27
age40_066073.jpg,train,lips_masked,no_face_detected,2026-09-09T17:06:28
age27_024920.jpg,train,lips_masked,no_face_detected,2026-09-09T17:06:28
age75_083495.jpg,train,lips_masked,no_face_detected,2026-09-09T17:06:28
age42_061148.jpg,train,lips_masked,no_face_detected,2026-09-09T17:06:28
age54_049579.jpg,train,lips_masked,no_face_detected,2026-09-09T17:06:28
age31_020551.jpg,train,lips_masked,no_face_detected,2026-09-09T17:06:28
age45_041945.jpg,train,lips_masked,no_face_detected,2026-09-09T17:06:28
age57_077620.jpg,train,lips_masked,no_face_detected,2026-09-09T17:06:29
age54_047022.jpg,train,lips_masked,no_face_detected,2026-09-09T17:06:29
age38_069621.jpg,train,lips_masked,no_face_detected,2026-09-09T17:06:29
age4_053153.jpg,train,lips_masked,no_face_detected,2026-09-09T17:06:29
age40_061739.jpg,train,lips_masked,no_face_detected,2026-09-09T17:06:29
age50_048254.jpg,train,lips_masked,no_face_detected,2026-09-09T17:06:29
age11_004173.jpg,train,lips_masked,no_face_detected,2026-09-09T17:06:29
age30_020667.jpg,train,lips_masked,no_face_detected,2026-09-09T17:06:29
age17_070759.jpg,train,lips_masked,no_face_detected,2026-09-09T17:06:29
age70_029529.jpg,train,lips_masked,no_face_detected,2026-09-09T17:06:29
age89_027390.jpg,train,lips_masked,no_face_detected,2026-09-09T17:06:29
age20_073376.jpg,train,lips_masked,no_face_detected,2026-09-09T17:06:30
age51_046411.jpg,train,lips_masked,no_face_detected,2026-09-09T17:06:30
age23_056816.jpg,train,lips_masked,no_face_detected,2026-09-09T17:06:30
age21_059279.jpg,train,lips_masked,no_face_detected,2026-09-09T17:06:30
age58_078356.jpg,train,lips_masked,no_face_detected,2026-09-09T17:06:30
age50_045154.jpg,train,lips_masked,no_face_detected,2026-09-09T17:06:30
age22_056787.jpg,train,lips_masked,no_face_detected,2026-09-09T17:06:31
age44_064401.jpg,train,lips_masked,no_face_detected,2026-09-09T17:06:31
age51_039256.jpg,train,lips_masked,no_face_detected,2026-09-09T17:06:31
age45_061527.jpg,train,lips_masked,no_face_detected,2026-09-09T17:06:31
age34_019077.jpg,train,lips_masked,no_face_detected,2026-09-09T17:06:31
age6_009214.jpg,train,lips_masked,no_face_detected,2026-09-09T17:06:31
age40_062221.jpg,train,lips_masked,no_face_detected,2026-09-09T17:06:32
age10_005515.jpg,train,lips_masked,no_face_detected,2026-09-09T17:06:32
age25_023593.jpg,train,lips_masked,no_face_detected,2026-09-09T17:06:32
age50_040509.jpg,train,lips_masked,no_face_detected,2026-09-09T17:06:32
age11_002575.jpg,train,lips_masked,no_face_detected,2026-09-09T17:06:33
age34_014289.jpg,train,lips_masked,no_face_detected,2026-09-09T17:06:33
age38_069448.jpg,train,lips_masked,no_face_detected,2026-09-09T17:06:33
age36_066599.jpg,train,lips_masked,no_face_detected,2026-09-09T17:06:33
age70_005505.jpg,train,lips_masked,no_face_detected,2026-09-09T17:06:33
age43_042009.jpg,train,lips_masked,no_face_detected,2026-09-09T17:06:33
age36_026279.jpg,train,lips_masked,no_face_detected,2026-09-09T17:06:33
age34_016809.jpg,train,lips_masked,no_face_detected,2026-09-09T17:06:33
age31_020601.jpg,train,lips_masked,no_face_detected,2026-09-09T17:06:33
age39_067406.jpg,train,lips_masked,no_face_detected,2026-09-09T17:06:33
age6_011968.jpg,train,lips_masked,no_face_detected,2026-09-09T17:06:33
age54_050272.jpg,train,lips_masked,no_face_detected,2026-09-09T17:06:34
age50_038305.jpg,train,lips_masked,no_face_detected,2026-09-09T17:06:34
age40_062142.jpg,train,lips_masked,no_face_detected,2026-09-09T17:06:34
age2_052630.jpg,train,lips_masked,no_face_detected,2026-09-09T17:06:34
age66_032094.jpg,train,lips_masked,no_face_detected,2026-09-09T17:06:34
age47_043672.jpg,train,lips_masked,no_face_detected,2026-09-09T17:06:34
age10_005537.jpg,train,lips_masked,no_face_detected,2026-09-09T17:06:34
age6_008607.jpg,train,lips_masked,no_face_detected,2026-09-09T17:06:34
age48_037622.jpg,train,lips_masked,no_face_detected,2026-09-09T17:06:34
age48_042882.jpg,train,lips_masked,no_face_detected,2026-09-09T17:06:34
age65_034288.jpg,train,lips_masked,no_face_detected,2026-09-09T17:06:35
age40_061442.jpg,train,lips_masked,no_face_detected,2026-09-09T17:06:35
age27_022463.jpg,train,lips_masked,no_face_detected,2026-09-09T17:06:35
age16_070975.jpg,train,lips_masked,no_face_detected,2026-09-09T17:06:35
age66_036222.jpg,train,lips_masked,no_face_detected,2026-09-09T17:06:35
age6_009324.jpg,train,lips_masked,no_face_detected,2026-09-09T17:06:36
age45_039851.jpg,train,lips_masked,no_face_detected,2026-09-09T17:06:36
age53_033301.jpg,train,lips_masked,no_face_detected,2026-09-09T17:06:36
age74_028393.jpg,train,lips_masked,no_face_detected,2026-09-09T17:06:36
age31_016720.jpg,train,lips_masked,no_face_detected,2026-09-09T17:06:37
age34_020430.jpg,train,lips_masked,no_face_detected,2026-09-09T17:06:37
age38_064647.jpg,train,lips_masked,no_face_detected,2026-09-09T17:06:37
age68_034509.jpg,train,lips_masked,no_face_detected,2026-09-09T17:06:37
age18_002992.jpg,train,lips_masked,no_face_detected,2026-09-09T17:06:37
age17_070873.jpg,train,lips_masked,no_face_detected,2026-09-09T17:06:37
age25_055761.jpg,train,lips_masked,no_face_detected,2026-09-09T17:06:38
age6_013055.jpg,train,lips_masked,no_face_detected,2026-09-09T17:06:40
age68_035946.jpg,train,lips_masked,no_face_detected,2026-09-09T17:06:41
age31_014175.jpg,train,lips_masked,no_face_detected,2026-09-09T17:06:41
age36_018921.jpg,train,lips_masked,no_face_detected,2026-09-09T17:06:41
age25_026561.jpg,train,lips_masked,no_face_detected,2026-09-09T17:06:41
age25_023351.jpg,train,lips_masked,no_face_detected,2026-09-09T17:06:41
age21_057339.jpg,train,lips_masked,no_face_detected,2026-09-09T17:06:41
age67_033847.jpg,train,lips_masked,no_face_detected,2026-09-09T17:06:41
age25_025593.jpg,train,lips_masked,no_face_detected,2026-09-09T17:06:41
age6_010913.jpg,train,lips_masked,no_face_detected,2026-09-09T17:06:41
age72_028595.jpg,train,lips_masked,no_face_detected,2026-09-09T17:06:42
age71_028457.jpg,train,lips_masked,no_face_detected,2026-09-09T17:06:42
age6_011287.jpg,train,lips_masked,no_face_detected,2026-09-09T17:06:42
age50_048849.jpg,train,lips_masked,no_face_detected,2026-09-09T17:06:42
age55_049995.jpg,train,lips_masked,no_face_detected,2026-09-09T17:06:42
age27_022169.jpg,train,lips_masked,no_face_detected,2026-09-09T17:06:42
age15_072495.jpg,train,lips_masked,no_face_detected,2026-09-09T17:06:42
age17_000723.jpg,train,lips_masked,no_face_detected,2026-09-09T17:06:42
age6_010787.jpg,train,lips_masked,no_face_detected,2026-09-09T17:06:43
age41_063540.jpg,train,lips_masked,no_face_detected,2026-09-09T17:06:43
age31_017057.jpg,train,lips_masked,no_face_detected,2026-09-09T17:06:43
age3_010738.jpg,train,lips_masked,no_face_detected,2026-09-09T17:06:43
age11_002291.jpg,train,lips_masked,no_face_detected,2026-09-09T17:06:43
age44_062865.jpg,train,lips_masked,no_face_detected,2026-09-09T17:06:44
age54_045203.jpg,train,lips_masked,no_face_detected,2026-09-09T17:06:44
age17_072929.jpg,train,lips_masked,no_face_detected,2026-09-09T17:06:44
age48_040867.jpg,train,lips_masked,no_face_detected,2026-09-09T17:06:44
age54_047707.jpg,train,lips_masked,no_face_detected,2026-09-09T17:06:44
age21_056068.jpg,train,lips_masked,no_face_detected,2026-09-09T17:06:45
age57_077398.jpg,train,lips_masked,no_face_detected,2026-09-09T17:06:45
age57_076260.jpg,train,lips_masked,no_face_detected,2026-09-09T17:06:45
age73_028430.jpg,train,lips_masked,no_face_detected,2026-09-09T17:06:45
age34_016614.jpg,train,lips_masked,no_face_detected,2026-09-09T17:06:46
age58_073051.jpg,train,lips_masked,no_face_detected,2026-09-09T17:06:46
age71_030521.jpg,train,lips_masked,no_face_detected,2026-09-09T17:06:46
age6_012129.jpg,train,lips_masked,no_face_detected,2026-09-09T17:06:46
age73_029743.jpg,train,lips_masked,no_face_detected,2026-09-09T17:06:46
age38_067104.jpg,train,lips_masked,no_face_detected,2026-09-09T17:06:46
age53_049246.jpg,train,lips_masked,no_face_detected,2026-09-09T17:06:46
age2_054870.jpg,train,lips_masked,no_face_detected,2026-09-09T17:06:46
age61_081539.jpg,train,lips_masked,no_face_detected,2026-09-09T17:06:46
age4_050433.jpg,train,lips_masked,no_face_detected,2026-09-09T17:06:46
age24_057442.jpg,train,lips_masked,no_face_detected,2026-09-09T17:06:47
age75_030760.jpg,train,lips_masked,no_face_detected,2026-09-09T17:06:47
age46_032107.jpg,train,lips_masked,no_face_detected,2026-09-09T17:06:47
age41_063757.jpg,train,lips_masked,no_face_detected,2026-09-09T17:06:47
age6_007566.jpg,train,lips_masked,no_face_detected,2026-09-09T17:06:47
age20_057014.jpg,train,lips_masked,no_face_detected,2026-09-09T17:06:47
age34_016846.jpg,train,lips_masked,no_face_detected,2026-09-09T17:06:47
age41_063272.jpg,train,lips_masked,no_face_detected,2026-09-09T17:06:48
age58_075833.jpg,train,lips_masked,no_face_detected,2026-09-09T17:06:48
age21_056934.jpg,train,lips_masked,no_face_detected,2026-09-09T17:06:48
age57_077594.jpg,train,lips_masked,no_face_detected,2026-09-09T17:06:48
age27_026988.jpg,train,lips_masked,no_face_detected,2026-09-09T17:06:48
age18_073150.jpg,train,lips_masked,no_face_detected,2026-09-09T17:06:49
age9_002494.jpg,train,lips_masked,no_face_detected,2026-09-09T17:06:49
age67_031072.jpg,train,lips_masked,no_face_detected,2026-09-09T17:06:49
age20_058209.jpg,train,lips_masked,no_face_detected,2026-09-09T17:06:49
age53_040653.jpg,train,lips_masked,no_face_detected,2026-09-09T17:06:50
age40_070307.jpg,train,lips_masked,no_face_detected,2026-09-09T17:06:50
age34_014562.jpg,train,lips_masked,no_face_detected,2026-09-09T17:06:50
age54_045404.jpg,train,lips_masked,no_face_detected,2026-09-09T17:06:50
age55_047113.jpg,train,lips_masked,no_face_detected,2026-09-09T17:06:50
age47_037746.jpg,train,lips_masked,no_face_detected,2026-09-09T17:06:51
age21_004035.jpg,train,lips_masked,no_face_detected,2026-09-09T17:06:51
age77_083589.jpg,train,lips_masked,no_face_detected,2026-09-09T17:06:51
age66_034207.jpg,train,lips_masked,no_face_detected,2026-09-09T17:06:51
age31_018735.jpg,train,lips_masked,no_face_detected,2026-09-09T17:06:51
age36_021715.jpg,train,lips_masked,no_face_detected,2026-09-09T17:06:52
age4_050304.jpg,train,lips_masked,no_face_detected,2026-09-09T17:06:52
age36_065321.jpg,train,lips_masked,no_face_detected,2026-09-09T17:06:52
age57_076363.jpg,train,lips_masked,no_face_detected,2026-09-09T17:06:52
age25_023841.jpg,train,lips_masked,no_face_detected,2026-09-09T17:06:53
age40_070291.jpg,train,lips_masked,no_face_detected,2026-09-09T17:06:53
age47_038382.jpg,train,lips_masked,no_face_detected,2026-09-09T17:06:53
age53_049806.jpg,train,lips_masked,no_face_detected,2026-09-09T17:06:53
age65_080819.jpg,train,lips_masked,no_face_detected,2026-09-09T17:06:50
age60_076201.jpg,train,lips_masked,no_face_detected,2026-09-09T17:06:51
age11_002472.jpg,train,lips_masked,no_face_detected,2026-09-09T17:06:51
age11_000772.jpg,train,lips_masked,no_face_detected,2026-09-09T17:06:51
age74_027427.jpg,train,lips_masked,no_face_detected,2026-09-09T17:06:51
age34_020612.jpg,train,lips_masked,no_face_detected,2026-09-09T17:06:51
age54_049355.jpg,train,lips_masked,no_face_detected,2026-09-09T17:06:51
age64_045229.jpg,train,lips_masked,no_face_detected,2026-09-09T17:06:52
age38_067291.jpg,train,lips_masked,no_face_detected,2026-09-09T17:06:52
age4_052493.jpg,train,lips_masked,no_face_detected,2026-09-09T17:06:52
age42_064424.jpg,train,lips_masked,no_face_detected,2026-09-09T17:06:52
age11_000718.jpg,train,lips_masked,no_face_detected,2026-09-09T17:06:53
age20_055524.jpg,train,lips_masked,no_face_detected,2026-09-09T17:06:53
age58_078380.jpg,train,lips_masked,no_face_detected,2026-09-09T17:06:53
age18_070557.jpg,train,lips_masked,no_face_detected,2026-09-09T17:06:53
age18_070630.jpg,train,lips_masked,no_face_detected,2026-09-09T17:06:53
age40_065876.jpg,train,lips_masked,no_face_detected,2026-09-09T17:06:53
age25_057246.jpg,train,lips_masked,no_face_detected,2026-09-09T17:06:53
age45_061090.jpg,train,lips_masked,no_face_detected,2026-09-09T17:06:53
age38_067491.jpg,train,lips_masked,no_face_detected,2026-09-09T17:06:54
age68_032574.jpg,train,lips_masked,no_face_detected,2026-09-09T17:06:54
age61_080401.jpg,train,lips_masked,no_face_detected,2026-09-09T17:06:54
age27_022376.jpg,train,lips_masked,no_face_detected,2026-09-09T17:06:54
age74_029450.jpg,train,lips_masked,no_face_detected,2026-09-09T17:06:55
age2_052278.jpg,train,lips_masked,no_face_detected,2026-09-09T17:06:55
age6_011333.jpg,train,lips_masked,no_face_detected,2026-09-09T17:06:55
age55_075434.jpg,train,lips_masked,no_face_detected,2026-09-09T17:06:55
age38_069324.jpg,train,lips_masked,no_face_detected,2026-09-09T17:06:55
age31_016890.jpg,train,lips_masked,no_face_detected,2026-09-09T17:06:55
age19_070563.jpg,train,lips_masked,no_face_detected,2026-09-09T17:06:56
age50_039677.jpg,train,lips_masked,no_face_detected,2026-09-09T17:06:56
age9_008113.jpg,train,lips_masked,no_face_detected,2026-09-09T17:06:56
age90_027367.jpg,train,lips_masked,no_face_detected,2026-09-09T17:06:57
age15_071303.jpg,train,lips_masked,no_face_detected,2026-09-09T17:06:57
age10_003672.jpg,train,lips_masked,no_face_detected,2026-09-09T17:06:57
age67_036760.jpg,train,lips_masked,no_face_detected,2026-09-09T17:06:57
age38_065833.jpg,train,lips_masked,no_face_detected,2026-09-09T17:06:57
age54_049901.jpg,train,lips_masked,no_face_detected,2026-09-09T17:06:58
age48_039702.jpg,train,lips_masked,no_face_detected,2026-09-09T17:06:58
age65_033752.jpg,train,lips_masked,no_face_detected,2026-09-09T17:06:58
age62_081519.jpg,train,lips_masked,no_face_detected,2026-09-09T17:06:58
age18_074157.jpg,train,lips_masked,no_face_detected,2026-09-09T17:06:58
age18_074929.jpg,train,lips_masked,no_face_detected,2026-09-09T17:06:59
age38_066749.jpg,train,lips_masked,no_face_detected,2026-09-09T17:06:59
age34_017416.jpg,train,lips_masked,no_face_detected,2026-09-09T17:06:59
age34_015363.jpg,train,lips_masked,no_face_detected,2026-09-09T17:06:59
age65_032463.jpg,train,lips_masked,no_face_detected,2026-09-09T17:06:59
age38_068784.jpg,train,lips_masked,no_face_detected,2026-09-09T17:06:59
age20_003164.jpg,train,lips_masked,no_face_detected,2026-09-09T17:06:59
age40_057164.jpg,train,lips_masked,no_face_detected,2026-09-09T17:07:00
age25_055639.jpg,train,lips_masked,no_face_detected,2026-09-09T17:07:00
age69_033746.jpg,train,lips_masked,no_face_detected,2026-09-09T17:07:00
age65_033475.jpg,train,lips_masked,no_face_detected,2026-09-09T17:07:00
age27_022877.jpg,train,lips_masked,no_face_detected,2026-09-09T17:07:00
age41_064853.jpg,train,lips_masked,no_face_detected,2026-09-09T17:07:00
age60_076274.jpg,train,lips_masked,no_face_detected,2026-09-09T17:07:00
age42_043545.jpg,train,lips_masked,no_face_detected,2026-09-09T17:07:00
age38_067825.jpg,train,lips_masked,no_face_detected,2026-09-09T17:07:01
age6_010014.jpg,train,lips_masked,no_face_detected,2026-09-09T17:07:01
age61_045224.jpg,train,lips_masked,no_face_detected,2026-09-09T17:07:01
age55_077566.jpg,train,lips_masked,no_face_detected,2026-09-09T17:07:01
age11_000666.jpg,train,lips_masked,no_face_detected,2026-09-09T17:07:01
age25_023105.jpg,train,lips_masked,no_face_detected,2026-09-09T17:07:02
age53_047905.jpg,train,lips_masked,no_face_detected,2026-09-09T17:07:02
age3_008314.jpg,train,lips_masked,no_face_detected,2026-09-09T17:07:02
age73_028693.jpg,train,lips_masked,no_face_detected,2026-09-09T17:07:02
age62_079940.jpg,train,lips_masked,no_face_detected,2026-09-09T17:07:03
age62_080259.jpg,train,lips_masked,no_face_detected,2026-09-09T17:07:03
age18_073731.jpg,train,lips_masked,no_face_detected,2026-09-09T17:07:03
age70_028720.jpg,train,lips_masked,no_face_detected,2026-09-09T17:07:04
age48_041323.jpg,train,lips_masked,no_face_detected,2026-09-09T17:07:04
age4_053578.jpg,train,lips_masked,no_face_detected,2026-09-09T17:07:04
age6_003748.jpg,train,lips_masked,no_face_detected,2026-09-09T17:07:04
age44_064747.jpg,train,lips_masked,no_face_detected,2026-09-09T17:07:04
age31_019118.jpg,train,lips_masked,no_face_detected,2026-09-09T17:07:04
age25_021233.jpg,train,lips_masked,no_face_detected,2026-09-09T17:07:04
age71_029843.jpg,train,lips_masked,no_face_detected,2026-09-09T17:07:05
age68_036086.jpg,train,lips_masked,no_face_detected,2026-09-09T17:07:05
age27_024408.jpg,train,lips_masked,no_face_detected,2026-09-09T17:07:06
age41_062977.jpg,train,lips_masked,no_face_detected,2026-09-09T17:07:06
age31_013907.jpg,train,lips_masked,no_face_detected,2026-09-09T17:07:06
age70_028546.jpg,train,lips_masked,no_face_detected,2026-09-09T17:07:06
age54_047942.jpg,train,lips_masked,no_face_detected,2026-09-09T17:07:06
age66_035737.jpg,train,lips_masked,no_face_detected,2026-09-09T17:07:07
age34_017253.jpg,train,lips_masked,no_face_detected,2026-09-09T17:07:07
age4_051799.jpg,train,lips_masked,no_face_detected,2026-09-09T17:07:07
age70_028979.jpg,train,lips_masked,no_face_detected,2026-09-09T17:07:08
age67_036105.jpg,train,lips_masked,no_face_detected,2026-09-09T17:07:08
age22_058425.jpg,train,lips_masked,no_face_detected,2026-09-09T17:07:08
age54_049274.jpg,train,lips_masked,no_face_detected,2026-09-09T17:07:08
age27_021658.jpg,train,lips_masked,no_face_detected,2026-09-09T17:07:08
age27_025217.jpg,train,lips_masked,no_face_detected,2026-09-09T17:07:08
age48_040080.jpg,train,lips_masked,no_face_detected,2026-09-09T17:07:08
age33_015627.jpg,train,lips_masked,no_face_detected,2026-09-09T17:07:08
age7_011587.jpg,train,lips_masked,no_face_detected,2026-09-09T17:07:08
age84_083904.jpg,train,lips_masked,no_face_detected,2026-09-09T17:07:09
age47_042516.jpg,train,lips_masked,no_face_detected,2026-09-09T17:07:09
age62_081883.jpg,train,lips_masked,no_face_detected,2026-09-09T17:07:09
age19_072219.jpg,train,lips_masked,no_face_detected,2026-09-09T17:07:09
age50_046333.jpg,train,lips_masked,no_face_detected,2026-09-09T17:07:10
age82_016045.jpg,train,lips_masked,no_face_detected,2026-09-09T17:07:10
age41_064706.jpg,train,lips_masked,no_face_detected,2026-09-09T17:07:10
age67_033193.jpg,train,lips_masked,no_face_detected,2026-09-09T17:07:10
age76_082869.jpg,train,lips_masked,no_face_detected,2026-09-09T17:07:11
age50_040686.jpg,train,lips_masked,no_face_detected,2026-09-09T17:07:11
age47_040730.jpg,train,lips_masked,no_face_detected,2026-09-09T17:07:11
age48_039150.jpg,train,lips_masked,no_face_detected,2026-09-09T17:07:11
age38_068911.jpg,train,lips_masked,no_face_detected,2026-09-09T17:07:11
age64_041218.jpg,train,lips_masked,no_face_detected,2026-09-09T17:07:11
age60_075735.jpg,train,lips_masked,no_face_detected,2026-09-09T17:07:11
age72_030094.jpg,train,lips_masked,no_face_detected,2026-09-09T17:07:12
age13_005747.jpg,train,lips_masked,no_face_detected,2026-09-09T17:07:12
age33_018417.jpg,train,lips_masked,no_face_detected,2026-09-09T17:07:12
age22_056736.jpg,train,lips_masked,no_face_detected,2026-09-09T17:07:12
age21_058992.jpg,train,lips_masked,no_face_detected,2026-09-09T17:07:12
age7_009481.jpg,train,lips_masked,no_face_detected,2026-09-09T17:07:12
age42_064954.jpg,train,lips_masked,no_face_detected,2026-09-09T17:07:12
age42_064820.jpg,train,lips_masked,no_face_detected,2026-09-09T17:07:13
age10_003883.jpg,train,lips_masked,no_face_detected,2026-09-09T17:07:13
age27_024631.jpg,train,lips_masked,no_face_detected,2026-09-09T17:07:13
age62_080895.jpg,train,lips_masked,no_face_detected,2026-09-09T17:07:13
age10_002991.jpg,train,lips_masked,no_face_detected,2026-09-09T17:07:13
age31_014165.jpg,train,lips_masked,no_face_detected,2026-09-09T17:07:13
age27_025511.jpg,train,lips_masked,no_face_detected,2026-09-09T17:07:13
age50_049707.jpg,train,lips_masked,no_face_detected,2026-09-09T17:07:13
age20_059843.jpg,train,lips_masked,no_face_detected,2026-09-09T17:07:13
age45_063135.jpg,train,lips_masked,no_face_detected,2026-09-09T17:07:14
age10_004935.jpg,train,lips_masked,no_face_detected,2026-09-09T17:07:14
age27_026011.jpg,train,lips_masked,no_face_detected,2026-09-09T17:07:14
age75_083046.jpg,train,lips_masked,no_face_detected,2026-09-09T17:07:14
age68_032926.jpg,train,lips_masked,no_face_detected,2026-09-09T17:07:14
age65_081048.jpg,train,lips_masked,no_face_detected,2026-09-09T17:07:14
age58_077524.jpg,train,lips_masked,no_face_detected,2026-09-09T17:07:14
age54_050284.jpg,train,lips_masked,no_face_detected,2026-09-09T17:07:14
age33_018455.jpg,train,lips_masked,no_face_detected,2026-09-09T17:07:14
age3_051374.jpg,train,lips_masked,no_face_detected,2026-09-09T17:07:15
age66_031123.jpg,train,lips_masked,no_face_detected,2026-09-09T17:07:15
age20_071990.jpg,train,lips_masked,no_face_detected,2026-09-09T17:07:15
age39_058246.jpg,train,lips_masked,no_face_detected,2026-09-09T17:07:15
age11_006574.jpg,train,lips_masked,no_face_detected,2026-09-09T17:07:15
age12_000022.jpg,train,lips_masked,no_face_detected,2026-09-09T17:07:15
age6_008239.jpg,train,lips_masked,no_face_detected,2026-09-09T17:07:15
age71_030831.jpg,train,lips_masked,no_face_detected,2026-09-09T17:07:15
age15_001019.jpg,train,lips_masked,no_face_detected,2026-09-09T17:07:15
age34_018505.jpg,train,lips_masked,no_face_detected,2026-09-09T17:07:16
age27_024676.jpg,train,lips_masked,no_face_detected,2026-09-09T17:07:16
age10_005833.jpg,train,lips_masked,no_face_detected,2026-09-09T17:07:16
26_1_2_20170116175932810.jpg,train,lips_masked,no_face_detected,2026-09-09T17:07:16
age65_031384.jpg,train,lips_masked,no_face_detected,2026-09-09T17:07:16
age57_077094.jpg,train,lips_masked,no_face_detected,2026-09-09T17:07:16
age60_081070.jpg,train,lips_masked,no_face_detected,2026-09-09T17:07:17
age55_063856.jpg,train,lips_masked,no_face_detected,2026-09-09T17:07:17
age45_064065.jpg,train,lips_masked,no_face_detected,2026-09-09T17:07:17
age85_067791.jpg,train,lips_masked,no_face_detected,2026-09-09T17:07:17
age14_001161.jpg,train,lips_masked,no_face_detected,2026-09-09T17:07:17
age7_000521.jpg,train,lips_masked,no_face_detected,2026-09-09T17:07:17
age38_066554.jpg,train,lips_masked,no_face_detected,2026-09-09T17:07:18
age2_051558.jpg,train,lips_masked,no_face_detected,2026-09-09T17:07:18
age69_036492.jpg,train,lips_masked,no_face_detected,2026-09-09T17:07:18
age60_082647.jpg,train,lips_masked,no_face_detected,2026-09-09T17:07:19
age6_009237.jpg,train,lips_masked,no_face_detected,2026-09-09T17:07:19
age20_056233.jpg,train,lips_masked,no_face_detected,2026-09-09T17:07:19
age78_082761.jpg,train,lips_masked,no_face_detected,2026-09-09T17:07:19
age10_008566.jpg,train,lips_masked,no_face_detected,2026-09-09T17:07:19
age46_043703.jpg,train,lips_masked,no_face_detected,2026-09-09T17:07:20
age34_014584.jpg,train,lips_masked,no_face_detected,2026-09-09T17:07:20
age47_043739.jpg,train,lips_masked,no_face_detected,2026-09-09T17:07:20
age66_033771.jpg,train,lips_masked,no_face_detected,2026-09-09T17:07:20
age11_006120.jpg,train,lips_masked,no_face_detected,2026-09-09T17:07:20
age31_017906.jpg,train,lips_masked,no_face_detected,2026-09-09T17:07:20
age38_067128.jpg,train,lips_masked,no_face_detected,2026-09-09T17:07:21
age38_065787.jpg,train,lips_masked,no_face_detected,2026-09-09T17:07:21
age36_067003.jpg,train,lips_masked,no_face_detected,2026-09-09T17:07:21
age20_072547.jpg,train,lips_masked,no_face_detected,2026-09-09T17:07:21
age27_025284.jpg,train,lips_masked,no_face_detected,2026-09-09T17:07:24
age2_053241.jpg,train,lips_masked,no_face_detected,2026-09-09T17:07:24
age48_039165.jpg,train,lips_masked,no_face_detected,2026-09-09T17:07:24
age17_071644.jpg,train,lips_masked,no_face_detected,2026-09-09T17:07:24
age60_076836.jpg,train,lips_masked,no_face_detected,2026-09-09T17:07:24
age10_000520.jpg,train,lips_masked,no_face_detected,2026-09-09T17:07:24
age11_006257.jpg,train,lips_masked,no_face_detected,2026-09-09T17:07:24
age53_047922.jpg,train,lips_masked,no_face_detected,2026-09-09T17:07:24
age58_043568.jpg,train,lips_masked,no_face_detected,2026-09-09T17:07:24
age48_039626.jpg,train,lips_masked,no_face_detected,2026-09-09T17:07:25
age47_039406.jpg,train,lips_masked,no_face_detected,2026-09-09T17:07:25
age50_035404.jpg,train,lips_masked,no_face_detected,2026-09-09T17:07:25
age61_080424.jpg,train,lips_masked,no_face_detected,2026-09-09T17:07:25
age25_026085.jpg,train,lips_masked,no_face_detected,2026-09-09T17:07:26
age68_036464.jpg,train,lips_masked,no_face_detected,2026-09-09T17:07:26
age54_046819.jpg,train,lips_masked,no_face_detected,2026-09-09T17:07:26
age62_079997.jpg,train,lips_masked,no_face_detected,2026-09-09T17:07:26
age70_036466.jpg,train,lips_masked,no_face_detected,2026-09-09T17:07:26
age51_046084.jpg,train,lips_masked,no_face_detected,2026-09-09T17:07:26
age70_034038.jpg,train,lips_masked,no_face_detected,2026-09-09T17:07:26
age53_037949.jpg,train,lips_masked,no_face_detected,2026-09-09T17:07:27
age26_025557.jpg,train,lips_masked,no_face_detected,2026-09-09T17:07:27
age38_065818.jpg,train,lips_masked,no_face_detected,2026-09-09T17:07:27
age66_036405.jpg,train,lips_masked,no_face_detected,2026-09-09T17:07:27
age20_070744.jpg,train,lips_masked,no_face_detected,2026-09-09T17:07:28
age27_024839.jpg,train,lips_masked,no_face_detected,2026-09-09T17:07:28
age34_016712.jpg,train,lips_masked,no_face_detected,2026-09-09T17:07:28
age31_015047.jpg,train,lips_masked,no_face_detected,2026-09-09T17:07:28
age10_012908.jpg,train,lips_masked,no_face_detected,2026-09-09T17:07:28
age31_015216.jpg,train,lips_masked,no_face_detected,2026-09-09T17:07:28
age27_026241.jpg,train,lips_masked,no_face_detected,2026-09-09T17:07:28
age68_036197.jpg,train,lips_masked,no_face_detected,2026-09-09T17:07:28
age2_013109.jpg,train,lips_masked,no_face_detected,2026-09-09T17:07:28
age6_007443.jpg,train,lips_masked,no_face_detected,2026-09-09T17:07:29
age27_023545.jpg,train,lips_masked,no_face_detected,2026-09-09T17:07:29
age4_052005.jpg,train,lips_masked,no_face_detected,2026-09-09T17:07:29
age10_001018.jpg,train,lips_masked,no_face_detected,2026-09-09T17:07:30
age69_032082.jpg,train,lips_masked,no_face_detected,2026-09-09T17:07:30
age41_060966.jpg,train,lips_masked,no_face_detected,2026-09-09T17:07:30
age74_028943.jpg,train,lips_masked,no_face_detected,2026-09-09T17:07:30
age58_021995.jpg,train,lips_masked,no_face_detected,2026-09-09T17:07:30
age69_035959.jpg,train,lips_masked,no_face_detected,2026-09-09T17:07:30
age2_051005.jpg,train,lips_masked,no_face_detected,2026-09-09T17:07:31
age20_056449.jpg,train,lips_masked,no_face_detected,2026-09-09T17:07:31
age10_000283.jpg,train,lips_masked,no_face_detected,2026-09-09T17:07:31
age48_038343.jpg,train,lips_masked,no_face_detected,2026-09-09T17:07:31
age6_008371.jpg,train,lips_masked,no_face_detected,2026-09-09T17:07:31
age37_069472.jpg,train,lips_masked,no_face_detected,2026-09-09T17:07:32
age45_039370.jpg,train,lips_masked,no_face_detected,2026-09-09T17:07:32
age61_079351.jpg,train,lips_masked,no_face_detected,2026-09-09T17:07:32
age58_075999.jpg,train,lips_masked,no_face_detected,2026-09-09T17:07:32
age34_018718.jpg,train,lips_masked,no_face_detected,2026-09-09T17:07:32
age60_045140.jpg,train,lips_masked,no_face_detected,2026-09-09T17:07:32
age62_075275.jpg,train,lips_masked,no_face_detected,2026-09-09T17:07:32
age85_076427.jpg,train,lips_masked,no_face_detected,2026-09-09T17:07:32
age40_070232.jpg,train,lips_masked,no_face_detected,2026-09-09T17:07:32
age37_066962.jpg,train,lips_masked,no_face_detected,2026-09-09T17:07:33
age34_016745.jpg,train,lips_masked,no_face_detected,2026-09-09T17:07:33
age37_067943.jpg,train,lips_masked,no_face_detected,2026-09-09T17:07:33
age53_049647.jpg,train,lips_masked,no_face_detected,2026-09-09T17:07:33
age64_080388.jpg,train,lips_masked,no_face_detected,2026-09-09T17:07:33
age41_063706.jpg,train,lips_masked,no_face_detected,2026-09-09T17:07:33
age48_038235.jpg,train,lips_masked,no_face_detected,2026-09-09T17:07:34
age10_012780.jpg,train,lips_masked,no_face_detected,2026-09-09T17:07:34
age18_071403.jpg,train,lips_masked,no_face_detected,2026-09-09T17:07:34
age20_073137.jpg,train,lips_masked,no_face_detected,2026-09-09T17:07:35
age42_054399.jpg,train,lips_masked,no_face_detected,2026-09-09T17:07:35
age34_014436.jpg,train,lips_masked,no_face_detected,2026-09-09T17:07:35
age23_055527.jpg,train,lips_masked,no_face_detected,2026-09-09T17:07:35
age40_061294.jpg,train,lips_masked,no_face_detected,2026-09-09T17:07:35
age32_017113.jpg,train,lips_masked,no_face_detected,2026-09-09T17:07:35
age37_070489.jpg,train,lips_masked,no_face_detected,2026-09-09T17:07:35
age71_031026.jpg,train,lips_masked,no_face_detected,2026-09-09T17:07:36
age1_053206.jpg,train,lips_masked,no_face_detected,2026-09-09T17:07:36
age27_022912.jpg,train,lips_masked,no_face_detected,2026-09-09T17:07:36
age38_065031.jpg,train,lips_masked,no_face_detected,2026-09-09T17:07:36
age6_006224.jpg,train,lips_masked,no_face_detected,2026-09-09T17:07:36
age37_067951.jpg,train,lips_masked,no_face_detected,2026-09-09T17:07:37
age78_082901.jpg,train,lips_masked,no_face_detected,2026-09-09T17:07:37
age41_026390.jpg,train,lips_masked,no_face_detected,2026-09-09T17:07:37
age67_033753.jpg,train,lips_masked,no_face_detected,2026-09-09T17:07:37
age15_001856.jpg,train,lips_masked,no_face_detected,2026-09-09T17:07:37
age41_017525.jpg,train,lips_masked,no_face_detected,2026-09-09T17:07:37
age37_070113.jpg,train,lips_masked,no_face_detected,2026-09-09T17:07:38
age47_038000.jpg,train,lips_masked,no_face_detected,2026-09-09T17:07:38
age36_065465.jpg,train,lips_masked,no_face_detected,2026-09-09T17:07:38
age15_072906.jpg,train,lips_masked,no_face_detected,2026-09-09T17:07:38
age47_018439.jpg,train,lips_masked,no_face_detected,2026-09-09T17:07:38
age58_077749.jpg,train,lips_masked,no_face_detected,2026-09-09T17:07:38
age27_014460.jpg,train,lips_masked,no_face_detected,2026-09-09T17:07:38
85_0_0_20170111210414353.jpg,train,lips_masked,no_face_detected,2026-09-09T17:07:39
age19_021419.jpg,train,lips_masked,no_face_detected,2026-09-09T17:07:39
age34_019177.jpg,train,lips_masked,no_face_detected,2026-09-09T17:07:39
age34_015292.jpg,train,lips_masked,no_face_detected,2026-09-09T17:07:39
age73_029277.jpg,train,lips_masked,no_face_detected,2026-09-09T17:07:39
age41_060602.jpg,train,lips_masked,no_face_detected,2026-09-09T17:07:39
age34_014130.jpg,train,lips_masked,no_face_detected,2026-09-09T17:07:40
age11_002054.jpg,train,lips_masked,no_face_detected,2026-09-09T17:07:40
age16_016357.jpg,train,lips_masked,no_face_detected,2026-09-09T17:07:40
age55_077898.jpg,train,lips_masked,no_face_detected,2026-09-09T17:07:40
age47_021346.jpg,train,lips_masked,no_face_detected,2026-09-09T17:07:40
age66_031665.jpg,train,lips_masked,no_face_detected,2026-09-09T17:07:41
age45_040575.jpg,train,lips_masked,no_face_detected,2026-09-09T17:07:41
age13_005845.jpg,train,lips_masked,no_face_detected,2026-09-09T17:07:41
age44_033625.jpg,train,lips_masked,no_face_detected,2026-09-09T17:07:41
age41_062533.jpg,train,lips_masked,no_face_detected,2026-09-09T17:07:41
age34_016208.jpg,train,lips_masked,no_face_detected,2026-09-09T17:07:41
age79_083123.jpg,train,lips_masked,no_face_detected,2026-09-09T17:07:41
age75_029526.jpg,train,lips_masked,no_face_detected,2026-09-09T17:07:41
age32_017828.jpg,train,lips_masked,no_face_detected,2026-09-09T17:07:41
age57_078772.jpg,train,lips_masked,no_face_detected,2026-09-09T17:07:41
age37_067384.jpg,train,lips_masked,no_face_detected,2026-09-09T17:07:42
age22_056358.jpg,train,lips_masked,no_face_detected,2026-09-09T17:07:42
age10_009499.jpg,train,lips_masked,no_face_detected,2026-09-09T17:07:42
age31_019064.jpg,train,lips_masked,no_face_detected,2026-09-09T17:07:42
age62_081844.jpg,train,lips_masked,no_face_detected,2026-09-09T17:07:42
age65_080291.jpg,train,lips_masked,no_face_detected,2026-09-09T17:07:42
age41_060434.jpg,train,lips_masked,no_face_detected,2026-09-09T17:07:43
age59_075452.jpg,train,lips_masked,no_face_detected,2026-09-09T17:07:43
age48_038537.jpg,train,lips_masked,no_face_detected,2026-09-09T17:07:43
age42_061613.jpg,train,lips_masked,no_face_detected,2026-09-09T17:07:43
age18_071745.jpg,train,lips_masked,no_face_detected,2026-09-09T17:07:43
age27_022556.jpg,train,lips_masked,no_face_detected,2026-09-09T17:07:43
age57_076524.jpg,train,lips_masked,no_face_detected,2026-09-09T17:07:44
age34_019818.jpg,train,lips_masked,no_face_detected,2026-09-09T17:07:44
age86_027326.jpg,train,lips_masked,no_face_detected,2026-09-09T17:07:44
age37_067864.jpg,train,lips_masked,no_face_detected,2026-09-09T17:07:44
age37_016677.jpg,train,lips_masked,no_face_detected,2026-09-09T17:07:44
age65_036302.jpg,train,lips_masked,no_face_detected,2026-09-09T17:07:44
age74_028458.jpg,train,lips_masked,no_face_detected,2026-09-09T17:07:44
age42_060550.jpg,train,lips_masked,no_face_detected,2026-09-09T17:07:44
age17_009990.jpg,train,lips_masked,no_face_detected,2026-09-09T17:07:44
age4_052758.jpg,train,lips_masked,no_face_detected,2026-09-09T17:07:44
age42_064361.jpg,train,lips_masked,no_face_detected,2026-09-09T17:07:45
age48_040703.jpg,train,lips_masked,no_face_detected,2026-09-09T17:07:45
age50_049882.jpg,train,lips_masked,no_face_detected,2026-09-09T17:07:46
age31_015500.jpg,train,lips_masked,no_face_detected,2026-09-09T17:07:46
age36_069297.jpg,train,lips_masked,no_face_detected,2026-09-09T17:07:46
age38_069108.jpg,train,lips_masked,no_face_detected,2026-09-09T17:07:46
age10_002896.jpg,train,lips_masked,no_face_detected,2026-09-09T17:07:46
age10_000297.jpg,train,lips_masked,no_face_detected,2026-09-09T17:07:46
age50_043378.jpg,train,lips_masked,no_face_detected,2026-09-09T17:07:46
age54_042784.jpg,train,lips_masked,no_face_detected,2026-09-09T17:07:47
age73_030670.jpg,train,lips_masked,no_face_detected,2026-09-09T17:07:47
age48_041873.jpg,train,lips_masked,no_face_detected,2026-09-09T17:07:47
age54_045675.jpg,train,lips_masked,no_face_detected,2026-09-09T17:07:47
age4_050962.jpg,train,lips_masked,no_face_detected,2026-09-09T17:07:47
age65_033371.jpg,train,lips_masked,no_face_detected,2026-09-09T17:07:47
age54_049419.jpg,train,lips_masked,no_face_detected,2026-09-09T17:07:48
age72_030118.jpg,train,lips_masked,no_face_detected,2026-09-09T17:07:48
age57_078050.jpg,train,lips_masked,no_face_detected,2026-09-09T17:07:48
age41_064005.jpg,train,lips_masked,no_face_detected,2026-09-09T17:07:50
age48_037799.jpg,train,lips_masked,no_face_detected,2026-09-09T17:07:50
age69_032602.jpg,train,lips_masked,no_face_detected,2026-09-09T17:07:50
age14_005255.jpg,train,lips_masked,no_face_detected,2026-09-09T17:07:50
age37_068113.jpg,train,lips_masked,no_face_detected,2026-09-09T17:07:50
age18_070523.jpg,train,lips_masked,no_face_detected,2026-09-09T17:07:50
age47_041552.jpg,train,lips_masked,no_face_detected,2026-09-09T17:07:51
age19_071076.jpg,train,lips_masked,no_face_detected,2026-09-09T17:07:51
age66_036811.jpg,train,lips_masked,no_face_detected,2026-09-09T17:07:51
age25_026913.jpg,train,lips_masked,no_face_detected,2026-09-09T17:07:51
age37_070189.jpg,train,lips_masked,no_face_detected,2026-09-09T17:07:51
age4_055046.jpg,train,lips_masked,no_face_detected,2026-09-09T17:07:51
age47_036923.jpg,train,lips_masked,no_face_detected,2026-09-09T17:07:49
age48_042069.jpg,train,lips_masked,no_face_detected,2026-09-09T17:07:49
age37_069200.jpg,train,lips_masked,no_face_detected,2026-09-09T17:07:49
age67_031686.jpg,train,lips_masked,no_face_detected,2026-09-09T17:07:49
age54_036520.jpg,train,lips_masked,no_face_detected,2026-09-09T17:07:49
age40_068444.jpg,train,lips_masked,no_face_detected,2026-09-09T17:07:49
age47_038090.jpg,train,lips_masked,no_face_detected,2026-09-09T17:07:49
age66_032955.jpg,train,lips_masked,no_face_detected,2026-09-09T17:07:50
age67_036450.jpg,train,lips_masked,no_face_detected,2026-09-09T17:07:50
age37_065385.jpg,train,lips_masked,no_face_detected,2026-09-09T17:07:50
age47_040710.jpg,train,lips_masked,no_face_detected,2026-09-09T17:07:50
age55_077643.jpg,train,lips_masked,no_face_detected,2026-09-09T17:07:50
age50_045374.jpg,train,lips_masked,no_face_detected,2026-09-09T17:07:51
age17_071712.jpg,train,lips_masked,no_face_detected,2026-09-09T17:07:51
age26_021910.jpg,train,lips_masked,no_face_detected,2026-09-09T17:07:51
age50_047230.jpg,train,lips_masked,no_face_detected,2026-09-09T17:07:51
age48_041393.jpg,train,lips_masked,no_face_detected,2026-09-09T17:07:51
age38_069738.jpg,train,lips_masked,no_face_detected,2026-09-09T17:07:51
age11_000583.jpg,train,lips_masked,no_face_detected,2026-09-09T17:07:52
age37_065815.jpg,train,lips_masked,no_face_detected,2026-09-09T17:07:52
age70_027677.jpg,train,lips_masked,no_face_detected,2026-09-09T17:07:52
age6_011778.jpg,train,lips_masked,no_face_detected,2026-09-09T17:07:52
age39_017686.jpg,train,lips_masked,no_face_detected,2026-09-09T17:07:53
age6_012847.jpg,train,lips_masked,no_face_detected,2026-09-09T17:07:53
age25_022086.jpg,train,lips_masked,no_face_detected,2026-09-09T17:07:53
age31_014244.jpg,train,lips_masked,no_face_detected,2026-09-09T17:07:53
age72_030648.jpg,train,lips_masked,no_face_detected,2026-09-09T17:07:53
age38_067890.jpg,train,lips_masked,no_face_detected,2026-09-09T17:07:53
age42_064530.jpg,train,lips_masked,no_face_detected,2026-09-09T17:07:54
age31_019475.jpg,train,lips_masked,no_face_detected,2026-09-09T17:07:54
age21_060118.jpg,train,lips_masked,no_face_detected,2026-09-09T17:07:54
age80_083740.jpg,train,lips_masked,no_face_detected,2026-09-09T17:07:54
age54_045094.jpg,train,lips_masked,no_face_detected,2026-09-09T17:07:54
age22_058875.jpg,train,lips_masked,no_face_detected,2026-09-09T17:07:55
age15_006478.jpg,train,lips_masked,no_face_detected,2026-09-09T17:07:55
age20_059732.jpg,train,lips_masked,no_face_detected,2026-09-09T17:07:55
age40_066946.jpg,train,lips_masked,no_face_detected,2026-09-09T17:07:55
age27_024672.jpg,train,lips_masked,no_face_detected,2026-09-09T17:07:55
age38_067959.jpg,train,lips_masked,no_face_detected,2026-09-09T17:07:55
age75_028783.jpg,train,lips_masked,no_face_detected,2026-09-09T17:07:55
age27_021080.jpg,train,lips_masked,no_face_detected,2026-09-09T17:07:56
age68_035578.jpg,train,lips_masked,no_face_detected,2026-09-09T17:07:56
age55_075689.jpg,train,lips_masked,no_face_detected,2026-09-09T17:07:56
age62_082637.jpg,train,lips_masked,no_face_detected,2026-09-09T17:07:56
age50_046601.jpg,train,lips_masked,no_face_detected,2026-09-09T17:07:56
age67_036732.jpg,train,lips_masked,no_face_detected,2026-09-09T17:07:56
age37_066393.jpg,train,lips_masked,no_face_detected,2026-09-09T17:07:57
age53_050028.jpg,train,lips_masked,no_face_detected,2026-09-09T17:07:57
age31_015890.jpg,train,lips_masked,no_face_detected,2026-09-09T17:07:57
age45_042562.jpg,train,lips_masked,no_face_detected,2026-09-09T17:07:57
age30_024740.jpg,train,lips_masked,no_face_detected,2026-09-09T17:07:57
age60_080909.jpg,train,lips_masked,no_face_detected,2026-09-09T17:07:57
age40_064089.jpg,train,lips_masked,no_face_detected,2026-09-09T17:07:57
age42_063887.jpg,train,lips_masked,no_face_detected,2026-09-09T17:07:57
age57_077980.jpg,train,lips_masked,no_face_detected,2026-09-09T17:07:57
age21_055784.jpg,train,lips_masked,no_face_detected,2026-09-09T17:07:57
age20_055389.jpg,train,lips_masked,no_face_detected,2026-09-09T17:07:58
age65_033041.jpg,train,lips_masked,no_face_detected,2026-09-09T17:07:58
age34_013933.jpg,train,lips_masked,no_face_detected,2026-09-09T17:07:58
age73_029376.jpg,train,lips_masked,no_face_detected,2026-09-09T17:07:58
age4_051681.jpg,train,lips_masked,no_face_detected,2026-09-09T17:07:58
age34_014012.jpg,train,lips_masked,no_face_detected,2026-09-09T17:07:58
age57_079155.jpg,train,lips_masked,no_face_detected,2026-09-09T17:07:58
age7_001966.jpg,train,lips_masked,no_face_detected,2026-09-09T17:07:59
age58_077728.jpg,train,lips_masked,no_face_detected,2026-09-09T17:07:59
age62_064209.jpg,train,lips_masked,no_face_detected,2026-09-09T17:07:59
age47_041212.jpg,train,lips_masked,no_face_detected,2026-09-09T17:07:59
age27_026797.jpg,train,lips_masked,no_face_detected,2026-09-09T17:07:59
age6_010996.jpg,train,lips_masked,no_face_detected,2026-09-09T17:07:59
age37_066815.jpg,train,lips_masked,no_face_detected,2026-09-09T17:07:59
age7_010240.jpg,train,lips_masked,no_face_detected,2026-09-09T17:07:59
age50_038569.jpg,train,lips_masked,no_face_detected,2026-09-09T17:08:00
age59_067189.jpg,train,lips_masked,no_face_detected,2026-09-09T17:08:00
age42_033852.jpg,train,lips_masked,no_face_detected,2026-09-09T17:08:00
age47_042944.jpg,train,lips_masked,no_face_detected,2026-09-09T17:08:00
age25_024696.jpg,train,lips_masked,no_face_detected,2026-09-09T17:08:01
age6_008340.jpg,train,lips_masked,no_face_detected,2026-09-09T17:08:01
age74_027490.jpg,train,lips_masked,no_face_detected,2026-09-09T17:08:01
age48_042746.jpg,train,lips_masked,no_face_detected,2026-09-09T17:08:01
age62_081149.jpg,train,lips_masked,no_face_detected,2026-09-09T17:08:01
age61_081720.jpg,train,lips_masked,no_face_detected,2026-09-09T17:08:01
age34_018226.jpg,train,lips_masked,no_face_detected,2026-09-09T17:08:01
age18_070785.jpg,train,lips_masked,no_face_detected,2026-09-09T17:08:02
age25_023658.jpg,train,lips_masked,no_face_detected,2026-09-09T17:08:02
age55_046033.jpg,train,lips_masked,no_face_detected,2026-09-09T17:08:02
age40_061635.jpg,train,lips_masked,no_face_detected,2026-09-09T17:08:02
age41_061926.jpg,train,lips_masked,no_face_detected,2026-09-09T17:08:03
age17_010918.jpg,train,lips_masked,no_face_detected,2026-09-09T17:08:03
age58_034019.jpg,train,lips_masked,no_face_detected,2026-09-09T17:08:03
age68_033700.jpg,train,lips_masked,no_face_detected,2026-09-09T17:08:03
age66_033760.jpg,train,lips_masked,no_face_detected,2026-09-09T17:08:04
age47_039658.jpg,train,lips_masked,no_face_detected,2026-09-09T17:08:04
age22_058093.jpg,train,lips_masked,no_face_detected,2026-09-09T17:08:04
age71_031015.jpg,train,lips_masked,no_face_detected,2026-09-09T17:08:04
age18_070752.jpg,train,lips_masked,no_face_detected,2026-09-09T17:08:04
age61_079318.jpg,train,lips_masked,no_face_detected,2026-09-09T17:08:04
age37_069755.jpg,train,lips_masked,no_face_detected,2026-09-09T17:08:04
age27_024601.jpg,train,lips_masked,no_face_detected,2026-09-09T17:08:04
age48_017231.jpg,train,lips_masked,no_face_detected,2026-09-09T17:08:04
age4_052412.jpg,train,lips_masked,no_face_detected,2026-09-09T17:08:04
age27_026587.jpg,train,lips_masked,no_face_detected,2026-09-09T17:08:05
age50_048299.jpg,train,lips_masked,no_face_detected,2026-09-09T17:08:05
age19_071336.jpg,train,lips_masked,no_face_detected,2026-09-09T17:08:05
age54_046778.jpg,train,lips_masked,no_face_detected,2026-09-09T17:08:05
age50_049697.jpg,train,lips_masked,no_face_detected,2026-09-09T17:08:06
age41_061151.jpg,train,lips_masked,no_face_detected,2026-09-09T17:08:06
age31_020062.jpg,train,lips_masked,no_face_detected,2026-09-09T17:08:06
age10_005765.jpg,train,lips_masked,no_face_detected,2026-09-09T17:08:06
age10_004887.jpg,train,lips_masked,no_face_detected,2026-09-09T17:08:06
age59_034691.jpg,train,lips_masked,no_face_detected,2026-09-09T17:08:06
age71_029466.jpg,train,lips_masked,no_face_detected,2026-09-09T17:08:06
age6_008455.jpg,train,lips_masked,no_face_detected,2026-09-09T17:08:06
age53_046043.jpg,train,lips_masked,no_face_detected,2026-09-09T17:08:07
age25_059444.jpg,train,lips_masked,no_face_detected,2026-09-09T17:08:07
age4_052812.jpg,train,lips_masked,no_face_detected,2026-09-09T17:08:07
age38_065812.jpg,train,lips_masked,no_face_detected,2026-09-09T17:08:07
age58_078890.jpg,train,lips_masked,no_face_detected,2026-09-09T17:08:07
age48_037370.jpg,train,lips_masked,no_face_detected,2026-09-09T17:08:07
age74_027722.jpg,train,lips_masked,no_face_detected,2026-09-09T17:08:07
age54_047080.jpg,train,lips_masked,no_face_detected,2026-09-09T17:08:07
age33_013929.jpg,train,lips_masked,no_face_detected,2026-09-09T17:08:07
age49_035632.jpg,train,lips_masked,no_face_detected,2026-09-09T17:08:08
age54_047887.jpg,train,lips_masked,no_face_detected,2026-09-09T17:08:08
age41_061530.jpg,train,lips_masked,no_face_detected,2026-09-09T17:08:09
age8_006308.jpg,train,lips_masked,no_face_detected,2026-09-09T17:08:09
age58_077026.jpg,train,lips_masked,no_face_detected,2026-09-09T17:08:09
age42_060935.jpg,train,lips_masked,no_face_detected,2026-09-09T17:08:09
age61_078091.jpg,train,lips_masked,no_face_detected,2026-09-09T17:08:09
age17_073402.jpg,train,lips_masked,no_face_detected,2026-09-09T17:08:09
age24_058763.jpg,train,lips_masked,no_face_detected,2026-09-09T17:08:09
age84_031820.jpg,train,lips_masked,no_face_detected,2026-09-09T17:08:10
age40_016097.jpg,train,lips_masked,no_face_detected,2026-09-09T17:08:10
age21_058218.jpg,train,lips_masked,no_face_detected,2026-09-09T17:08:10
age38_067437.jpg,train,lips_masked,no_face_detected,2026-09-09T17:08:10
age27_022507.jpg,train,lips_masked,no_face_detected,2026-09-09T17:08:10
age11_003872.jpg,train,lips_masked,no_face_detected,2026-09-09T17:08:10
age9_013232.jpg,train,lips_masked,no_face_detected,2026-09-09T17:08:10
age40_069219.jpg,train,lips_masked,no_face_detected,2026-09-09T17:08:10
age34_015000.jpg,train,lips_masked,no_face_detected,2026-09-09T17:08:10
age26_021678.jpg,train,lips_masked,no_face_detected,2026-09-09T17:08:10
age4_012686.jpg,train,lips_masked,no_face_detected,2026-09-09T17:08:11
age8_011745.jpg,train,lips_masked,no_face_detected,2026-09-09T17:08:11
age48_040129.jpg,train,lips_masked,no_face_detected,2026-09-09T17:08:11
age69_028944.jpg,train,lips_masked,no_face_detected,2026-09-09T17:08:11
age15_072491.jpg,train,lips_masked,no_face_detected,2026-09-09T17:08:11
age61_041776.jpg,train,lips_masked,no_face_detected,2026-09-09T17:08:11
age38_070236.jpg,train,lips_masked,no_face_detected,2026-09-09T17:08:11
age65_033738.jpg,train,lips_masked,no_face_detected,2026-09-09T17:08:12
age62_081330.jpg,train,lips_masked,no_face_detected,2026-09-09T17:08:12
age58_075173.jpg,train,lips_masked,no_face_detected,2026-09-09T17:08:12
age41_061621.jpg,train,lips_masked,no_face_detected,2026-09-09T17:08:13
age15_002515.jpg,train,lips_masked,no_face_detected,2026-09-09T17:08:13
age40_061516.jpg,train,lips_masked,no_face_detected,2026-09-09T17:08:13
age11_003213.jpg,train,lips_masked,no_face_detected,2026-09-09T17:08:13
age47_040610.jpg,train,lips_masked,no_face_detected,2026-09-09T17:08:13
age4_052942.jpg,train,lips_masked,no_face_detected,2026-09-09T17:08:13
age37_070279.jpg,train,lips_masked,no_face_detected,2026-09-09T17:08:13
age45_061514.jpg,train,lips_masked,no_face_detected,2026-09-09T17:08:14
age19_005451.jpg,train,lips_masked,no_face_detected,2026-09-09T17:08:14
age48_041170.jpg,train,lips_masked,no_face_detected,2026-09-09T17:08:14
age60_081945.jpg,train,lips_masked,no_face_detected,2026-09-09T17:08:14
age2_051595.jpg,train,lips_masked,no_face_detected,2026-09-09T17:08:14
age37_067232.jpg,train,lips_masked,no_face_detected,2026-09-09T17:08:14
age71_027773.jpg,train,lips_masked,no_face_detected,2026-09-09T17:08:14
age75_030691.jpg,train,lips_masked,no_face_detected,2026-09-09T17:08:15
age31_020016.jpg,train,lips_masked,no_face_detected,2026-09-09T17:08:15
age34_017048.jpg,train,lips_masked,no_face_detected,2026-09-09T17:08:15
age10_006977.jpg,train,lips_masked,no_face_detected,2026-09-09T17:08:15
age25_021037.jpg,train,lips_masked,no_face_detected,2026-09-09T17:08:16
age10_007716.jpg,train,lips_masked,no_face_detected,2026-09-09T17:08:16
age67_032984.jpg,train,lips_masked,no_face_detected,2026-09-09T17:08:16
age33_016258.jpg,train,lips_masked,no_face_detected,2026-09-09T17:08:17
age71_029255.jpg,train,lips_masked,no_face_detected,2026-09-09T17:08:17
age38_066726.jpg,train,lips_masked,no_face_detected,2026-09-09T17:08:17
age42_028394.jpg,train,lips_masked,no_face_detected,2026-09-09T17:08:17
age10_009001.jpg,train,lips_masked,no_face_detected,2026-09-09T17:08:17
age20_059705.jpg,train,lips_masked,no_face_detected,2026-09-09T17:08:17
age68_031521.jpg,train,lips_masked,no_face_detected,2026-09-09T17:08:18
age50_048289.jpg,train,lips_masked,no_face_detected,2026-09-09T17:08:18
age68_035394.jpg,train,lips_masked,no_face_detected,2026-09-09T17:08:18
age79_082739.jpg,train,lips_masked,no_face_detected,2026-09-09T17:08:18
age4_051368.jpg,train,lips_masked,no_face_detected,2026-09-09T17:08:18
age20_059969.jpg,train,lips_masked,no_face_detected,2026-09-09T17:08:18
age34_017650.jpg,train,lips_masked,no_face_detected,2026-09-09T17:08:18
age17_005071.jpg,train,lips_masked,no_face_detected,2026-09-09T17:08:18
age48_042107.jpg,train,lips_masked,no_face_detected,2026-09-09T17:08:18
age60_078348.jpg,train,lips_masked,no_face_detected,2026-09-09T17:08:18
age41_023976.jpg,train,lips_masked,no_face_detected,2026-09-09T17:08:19
age53_048027.jpg,train,lips_masked,no_face_detected,2026-09-09T17:08:19
age4_050893.jpg,train,lips_masked,no_face_detected,2026-09-09T17:08:19
age10_010819.jpg,train,lips_masked,no_face_detected,2026-09-09T17:08:19
age10_003191.jpg,train,lips_masked,no_face_detected,2026-09-09T17:08:19
age37_041750.jpg,train,lips_masked,no_face_detected,2026-09-09T17:08:20
age61_080120.jpg,train,lips_masked,no_face_detected,2026-09-09T17:08:20
age27_022018.jpg,train,lips_masked,no_face_detected,2026-09-09T17:08:20
age53_040594.jpg,train,lips_masked,no_face_detected,2026-09-09T17:08:20
age6_012577.jpg,train,lips_masked,no_face_detected,2026-09-09T17:08:20
age53_045201.jpg,train,lips_masked,no_face_detected,2026-09-09T17:08:20
age40_069801.jpg,train,lips_masked,no_face_detected,2026-09-09T17:08:21
age27_022072.jpg,train,lips_masked,no_face_detected,2026-09-09T17:08:19
age68_035560.jpg,train,lips_masked,no_face_detected,2026-09-09T17:08:19
age27_025415.jpg,train,lips_masked,no_face_detected,2026-09-09T17:08:19
age6_012839.jpg,train,lips_masked,no_face_detected,2026-09-09T17:08:19
age41_061843.jpg,train,lips_masked,no_face_detected,2026-09-09T17:08:20
age67_035568.jpg,train,lips_masked,no_face_detected,2026-09-09T17:08:20
age40_062107.jpg,train,lips_masked,no_face_detected,2026-09-09T17:08:20
age4_009590.jpg,train,lips_masked,no_face_detected,2026-09-09T17:08:20
age47_037644.jpg,train,lips_masked,no_face_detected,2026-09-09T17:08:20
age40_060425.jpg,train,lips_masked,no_face_detected,2026-09-09T17:08:20
age72_027874.jpg,train,lips_masked,no_face_detected,2026-09-09T17:08:20
age47_040240.jpg,train,lips_masked,no_face_detected,2026-09-09T17:08:20
age34_020319.jpg,train,lips_masked,no_face_detected,2026-09-09T17:08:21
age41_064608.jpg,train,lips_masked,no_face_detected,2026-09-09T17:08:21
age20_055551.jpg,train,lips_masked,no_face_detected,2026-09-09T17:08:21
age50_048352.jpg,train,lips_masked,no_face_detected,2026-09-09T17:08:21
age6_009127.jpg,train,lips_masked,no_face_detected,2026-09-09T17:08:21
age27_022638.jpg,train,lips_masked,no_face_detected,2026-09-09T17:08:21
age58_078808.jpg,train,lips_masked,no_face_detected,2026-09-09T17:08:21
age65_081925.jpg,train,lips_masked,no_face_detected,2026-09-09T17:08:21
age27_026110.jpg,train,lips_masked,no_face_detected,2026-09-09T17:08:22
age6_012166.jpg,train,lips_masked,no_face_detected,2026-09-09T17:08:22
age25_060309.jpg,train,lips_masked,no_face_detected,2026-09-09T17:08:22
age20_023563.jpg,train,lips_masked,no_face_detected,2026-09-09T17:08:22
age11_000922.jpg,train,lips_masked,no_face_detected,2026-09-09T17:08:22
age27_022609.jpg,train,lips_masked,no_face_detected,2026-09-09T17:08:22
age6_010612.jpg,train,lips_masked,no_face_detected,2026-09-09T17:08:23
age29_023126.jpg,train,lips_masked,no_face_detected,2026-09-09T17:08:23
age34_020634.jpg,train,lips_masked,no_face_detected,2026-09-09T17:08:23
age48_040212.jpg,train,lips_masked,no_face_detected,2026-09-09T17:08:23
age6_011359.jpg,train,lips_masked,no_face_detected,2026-09-09T17:08:23
age11_002771.jpg,train,lips_masked,no_face_detected,2026-09-09T17:08:23
age42_063851.jpg,train,lips_masked,no_face_detected,2026-09-09T17:08:23
age53_048310.jpg,train,lips_masked,no_face_detected,2026-09-09T17:08:23
age15_003893.jpg,train,lips_masked,no_face_detected,2026-09-09T17:08:24
age6_012221.jpg,train,lips_masked,no_face_detected,2026-09-09T17:08:24
age57_029239.jpg,train,lips_masked,no_face_detected,2026-09-09T17:08:24
age79_083174.jpg,train,lips_masked,no_face_detected,2026-09-09T17:08:24
age37_069483.jpg,train,lips_masked,no_face_detected,2026-09-09T17:08:24
age19_072442.jpg,train,lips_masked,no_face_detected,2026-09-09T17:08:24
age27_022372.jpg,train,lips_masked,no_face_detected,2026-09-09T17:08:24
age58_076798.jpg,train,lips_masked,no_face_detected,2026-09-09T17:08:25
age4_050726.jpg,train,lips_masked,no_face_detected,2026-09-09T17:08:25
age17_073176.jpg,train,lips_masked,no_face_detected,2026-09-09T17:08:25
age6_011903.jpg,train,lips_masked,no_face_detected,2026-09-09T17:08:25
age31_014607.jpg,train,lips_masked,no_face_detected,2026-09-09T17:08:25
age58_076590.jpg,train,lips_masked,no_face_detected,2026-09-09T17:08:25
age6_012340.jpg,train,lips_masked,no_face_detected,2026-09-09T17:08:26
age22_059847.jpg,train,lips_masked,no_face_detected,2026-09-09T17:08:26
age36_069689.jpg,train,lips_masked,no_face_detected,2026-09-09T17:08:26
age20_072683.jpg,train,lips_masked,no_face_detected,2026-09-09T17:08:26
age18_074282.jpg,train,lips_masked,no_face_detected,2026-09-09T17:08:26
age10_003022.jpg,train,lips_masked,no_face_detected,2026-09-09T17:08:26
age55_047953.jpg,train,lips_masked,no_face_detected,2026-09-09T17:08:27
age58_078392.jpg,train,lips_masked,no_face_detected,2026-09-09T17:08:27
age6_013593.jpg,train,lips_masked,no_face_detected,2026-09-09T17:08:27
age20_073988.jpg,train,lips_masked,no_face_detected,2026-09-09T17:08:27
age79_082909.jpg,train,lips_masked,no_face_detected,2026-09-09T17:08:27
age31_015503.jpg,train,lips_masked,no_face_detected,2026-09-09T17:08:27
age67_036300.jpg,train,lips_masked,no_face_detected,2026-09-09T17:08:27
age6_011296.jpg,train,lips_masked,no_face_detected,2026-09-09T17:08:28
age48_043103.jpg,train,lips_masked,no_face_detected,2026-09-09T17:08:28
age25_025289.jpg,train,lips_masked,no_face_detected,2026-09-09T17:08:28
age58_077935.jpg,train,lips_masked,no_face_detected,2026-09-09T17:08:28
age31_017397.jpg,train,lips_masked,no_face_detected,2026-09-09T17:08:28
age81_084010.jpg,train,lips_masked,no_face_detected,2026-09-09T17:08:28
age38_069730.jpg,train,lips_masked,no_face_detected,2026-09-09T17:08:28
age21_059048.jpg,train,lips_masked,no_face_detected,2026-09-09T17:08:29
age61_037964.jpg,train,lips_masked,no_face_detected,2026-09-09T17:08:29
age15_012866.jpg,train,lips_masked,no_face_detected,2026-09-09T17:08:29
age3_051004.jpg,train,lips_masked,no_face_detected,2026-09-09T17:08:29
age37_009229.jpg,train,lips_masked,no_face_detected,2026-09-09T17:08:29
age55_047466.jpg,train,lips_masked,no_face_detected,2026-09-09T17:08:29
age73_028001.jpg,train,lips_masked,no_face_detected,2026-09-09T17:08:29
age58_075092.jpg,train,lips_masked,no_face_detected,2026-09-09T17:08:30
age41_026603.jpg,train,lips_masked,no_face_detected,2026-09-09T17:08:30
age57_049553.jpg,train,lips_masked,no_face_detected,2026-09-09T17:08:30
age11_003805.jpg,train,lips_masked,no_face_detected,2026-09-09T17:08:30
age31_017316.jpg,train,lips_masked,no_face_detected,2026-09-09T17:08:30
age31_015224.jpg,train,lips_masked,no_face_detected,2026-09-09T17:08:30
age53_019649.jpg,train,lips_masked,no_face_detected,2026-09-09T17:08:30
age27_021463.jpg,train,lips_masked,no_face_detected,2026-09-09T17:08:31
age55_045319.jpg,train,lips_masked,no_face_detected,2026-09-09T17:08:31
age47_038459.jpg,train,lips_masked,no_face_detected,2026-09-09T17:08:31
age27_026824.jpg,train,lips_masked,no_face_detected,2026-09-09T17:08:31
37_0_0_20170113210126299.jpg,train,lips_masked,no_face_detected,2026-09-09T17:08:31
age47_043442.jpg,train,lips_masked,no_face_detected,2026-09-09T17:08:31
age27_022452.jpg,train,lips_masked,no_face_detected,2026-09-09T17:08:31
age9_012263.jpg,train,lips_masked,no_face_detected,2026-09-09T17:08:31
age34_014837.jpg,train,lips_masked,no_face_detected,2026-09-09T17:08:32
age64_081944.jpg,train,lips_masked,no_face_detected,2026-09-09T17:08:32
age27_023603.jpg,train,lips_masked,no_face_detected,2026-09-09T17:08:32
age10_002487.jpg,train,lips_masked,no_face_detected,2026-09-09T17:08:32
age18_073815.jpg,train,lips_masked,no_face_detected,2026-09-09T17:08:32
age66_036294.jpg,train,lips_masked,no_face_detected,2026-09-09T17:08:33
age27_024673.jpg,train,lips_masked,no_face_detected,2026-09-09T17:08:33
age58_025156.jpg,train,lips_masked,no_face_detected,2026-09-09T17:08:33
age61_080681.jpg,train,lips_masked,no_face_detected,2026-09-09T17:08:33
age41_044587.jpg,train,lips_masked,no_face_detected,2026-09-09T17:08:33
age47_039581.jpg,train,lips_masked,no_face_detected,2026-09-09T17:08:33
age50_044775.jpg,train,lips_masked,no_face_detected,2026-09-09T17:08:34
age8_000139.jpg,train,lips_masked,no_face_detected,2026-09-09T17:08:34
age62_043723.jpg,train,lips_masked,no_face_detected,2026-09-09T17:08:34
age60_077529.jpg,train,lips_masked,no_face_detected,2026-09-09T17:08:34
age2_054676.jpg,train,lips_masked,no_face_detected,2026-09-09T17:08:34
age60_081290.jpg,train,lips_masked,no_face_detected,2026-09-09T17:08:34
age61_080417.jpg,train,lips_masked,no_face_detected,2026-09-09T17:08:35
age3_050381.jpg,train,lips_masked,no_face_detected,2026-09-09T17:08:35
age63_027440.jpg,train,lips_masked,no_face_detected,2026-09-09T17:08:35
age27_024736.jpg,train,lips_masked,no_face_detected,2026-09-09T17:08:35
age69_034931.jpg,train,lips_masked,no_face_detected,2026-09-09T17:08:35
age27_023605.jpg,train,lips_masked,no_face_detected,2026-09-09T17:08:35
age41_061235.jpg,train,lips_masked,no_face_detected,2026-09-09T17:08:35
age4_054813.jpg,train,lips_masked,no_face_detected,2026-09-09T17:08:35
age19_070562.jpg,train,lips_masked,no_face_detected,2026-09-09T17:08:36
age41_063160.jpg,train,lips_masked,no_face_detected,2026-09-09T17:08:36
age78_083337.jpg,train,lips_masked,no_face_detected,2026-09-09T17:08:37
age46_043386.jpg,train,lips_masked,no_face_detected,2026-09-09T17:08:37
age75_083269.jpg,train,lips_masked,no_face_detected,2026-09-09T17:08:37
age66_031886.jpg,train,lips_masked,no_face_detected,2026-09-09T17:08:37
age54_049563.jpg,train,lips_masked,no_face_detected,2026-09-09T17:08:37
age47_039488.jpg,train,lips_masked,no_face_detected,2026-09-09T17:08:37
age28_005597.jpg,train,lips_masked,no_face_detected,2026-09-09T17:08:38
age31_018336.jpg,train,lips_masked,no_face_detected,2026-09-09T17:08:38
age66_027335.jpg,train,lips_masked,no_face_detected,2026-09-09T17:08:38
age47_041235.jpg,train,lips_masked,no_face_detected,2026-09-09T17:08:38
age47_041701.jpg,train,lips_masked,no_face_detected,2026-09-09T17:08:38
age53_044800.jpg,train,lips_masked,no_face_detected,2026-09-09T17:08:38
age45_062810.jpg,train,lips_masked,no_face_detected,2026-09-09T17:08:38
age73_022289.jpg,train,lips_masked,no_face_detected,2026-09-09T17:08:38
age9_012414.jpg,train,lips_masked,no_face_detected,2026-09-09T17:08:39
age73_028835.jpg,train,lips_masked,no_face_detected,2026-09-09T17:08:39
age19_071527.jpg,train,lips_masked,no_face_detected,2026-09-09T17:08:39
age6_013335.jpg,train,lips_masked,no_face_detected,2026-09-09T17:08:39
age67_032617.jpg,train,lips_masked,no_face_detected,2026-09-09T17:08:39
age58_076811.jpg,train,lips_masked,no_face_detected,2026-09-09T17:08:39
age41_064446.jpg,train,lips_masked,no_face_detected,2026-09-09T17:08:39
age13_000104.jpg,train,lips_masked,no_face_detected,2026-09-09T17:08:39
age2_051299.jpg,train,lips_masked,no_face_detected,2026-09-09T17:08:40
age22_058662.jpg,train,lips_masked,no_face_detected,2026-09-09T17:08:40
age18_075073.jpg,train,lips_masked,no_face_detected,2026-09-09T17:08:40
age75_027858.jpg,train,lips_masked,no_face_detected,2026-09-09T17:08:40
age18_031684.jpg,train,lips_masked,no_face_detected,2026-09-09T17:08:40
age34_017140.jpg,train,lips_masked,no_face_detected,2026-09-09T17:08:40
age77_083406.jpg,train,lips_masked,no_face_detected,2026-09-09T17:08:41
age27_022778.jpg,train,lips_masked,no_face_detected,2026-09-09T17:08:41
age7_006779.jpg,train,lips_masked,no_face_detected,2026-09-09T17:08:41
age82_084042.jpg,train,lips_masked,no_face_detected,2026-09-09T17:08:41
age54_050181.jpg,train,lips_masked,no_face_detected,2026-09-09T17:08:41
age22_057854.jpg,train,lips_masked,no_face_detected,2026-09-09T17:08:41
age27_021265.jpg,train,lips_masked,no_face_detected,2026-09-09T17:08:42
age61_031696.jpg,train,lips_masked,no_face_detected,2026-09-09T17:08:42
age25_058808.jpg,train,lips_masked,no_face_detected,2026-09-09T17:08:42
age48_042340.jpg,train,lips_masked,no_face_detected,2026-09-09T17:08:42
age61_082255.jpg,train,lips_masked,no_face_detected,2026-09-09T17:08:42
age19_070851.jpg,train,lips_masked,no_face_detected,2026-09-09T17:08:42
age58_077578.jpg,train,lips_masked,no_face_detected,2026-09-09T17:08:42
age12_006525.jpg,train,lips_masked,no_face_detected,2026-09-09T17:08:42
age68_036312.jpg,train,lips_masked,no_face_detected,2026-09-09T17:08:42
age74_028740.jpg,train,lips_masked,no_face_detected,2026-09-09T17:08:42
age25_059802.jpg,train,lips_masked,no_face_detected,2026-09-09T17:08:43
age4_050301.jpg,train,lips_masked,no_face_detected,2026-09-09T17:08:43
age65_035129.jpg,train,lips_masked,no_face_detected,2026-09-09T17:08:43
age80_030637.jpg,train,lips_masked,no_face_detected,2026-09-09T17:08:43
age10_002189.jpg,train,lips_masked,no_face_detected,2026-09-09T17:08:43
age28_022514.jpg,train,lips_masked,no_face_detected,2026-09-09T17:08:43
age34_014924.jpg,train,lips_masked,no_face_detected,2026-09-09T17:08:44
age40_063454.jpg,train,lips_masked,no_face_detected,2026-09-09T17:08:44
age34_017916.jpg,train,lips_masked,no_face_detected,2026-09-09T17:08:44
age58_076279.jpg,train,lips_masked,no_face_detected,2026-09-09T17:08:44
age68_035329.jpg,train,lips_masked,no_face_detected,2026-09-09T17:08:44
age21_056452.jpg,train,lips_masked,no_face_detected,2026-09-09T17:08:44
age2_009770.jpg,train,lips_masked,no_face_detected,2026-09-09T17:08:44
age41_064821.jpg,train,lips_masked,no_face_detected,2026-09-09T17:08:44
age69_032465.jpg,train,lips_masked,no_face_detected,2026-09-09T17:08:44
age20_057841.jpg,train,lips_masked,no_face_detected,2026-09-09T17:08:44
age27_021060.jpg,train,lips_masked,no_face_detected,2026-09-09T17:08:44
age27_026389.jpg,train,lips_masked,no_face_detected,2026-09-09T17:08:45
age13_003431.jpg,train,lips_masked,no_face_detected,2026-09-09T17:08:45
age48_043664.jpg,train,lips_masked,no_face_detected,2026-09-09T17:08:45
age48_043753.jpg,train,lips_masked,no_face_detected,2026-09-09T17:08:45
age65_025419.jpg,train,lips_masked,no_face_detected,2026-09-09T17:08:45
age38_068854.jpg,train,lips_masked,no_face_detected,2026-09-09T17:08:45
age10_001473.jpg,train,lips_masked,no_face_detected,2026-09-09T17:08:45
age71_029895.jpg,train,lips_masked,no_face_detected,2026-09-09T17:08:46
age69_031367.jpg,train,lips_masked,no_face_detected,2026-09-09T17:08:46
age64_079768.jpg,train,lips_masked,no_face_detected,2026-09-09T17:08:46
age11_000931.jpg,train,lips_masked,no_face_detected,2026-09-09T17:08:46
age74_029322.jpg,train,lips_masked,no_face_detected,2026-09-09T17:08:46
age60_009846.jpg,train,lips_masked,no_face_detected,2026-09-09T17:08:46
age71_027982.jpg,train,lips_masked,no_face_detected,2026-09-09T17:08:46
age72_029264.jpg,train,lips_masked,no_face_detected,2026-09-09T17:08:46
age2_053268.jpg,train,lips_masked,no_face_detected,2026-09-09T17:08:47
age54_048020.jpg,train,lips_masked,no_face_detected,2026-09-09T17:08:47
age75_027706.jpg,train,lips_masked,no_face_detected,2026-09-09T17:08:47
age20_059618.jpg,train,lips_masked,no_face_detected,2026-09-09T17:08:47
age64_080449.jpg,train,lips_masked,no_face_detected,2026-09-09T17:08:47
age6_013057.jpg,train,lips_masked,no_face_detected,2026-09-09T17:08:47
age68_036453.jpg,train,lips_masked,no_face_detected,2026-09-09T17:08:47
age37_068642.jpg,train,lips_masked,no_face_detected,2026-09-09T17:08:47
age22_021417.jpg,train,lips_masked,no_face_detected,2026-09-09T17:08:48
age34_013955.jpg,train,lips_masked,no_face_detected,2026-09-09T17:08:48
age67_035305.jpg,train,lips_masked,no_face_detected,2026-09-09T17:08:48
age44_022614.jpg,train,lips_masked,no_face_detected,2026-09-09T17:08:48
age57_077881.jpg,train,lips_masked,no_face_detected,2026-09-09T17:08:48
age10_011460.jpg,train,lips_masked,no_face_detected,2026-09-09T17:08:48
age27_026454.jpg,train,lips_masked,no_face_detected,2026-09-09T17:08:48
age49_013652.jpg,train,lips_masked,no_face_detected,2026-09-09T17:08:49
age34_019461.jpg,train,lips_masked,no_face_detected,2026-09-09T17:08:49
age41_063367.jpg,train,lips_masked,no_face_detected,2026-09-09T17:08:49
age65_078746.jpg,train,lips_masked,no_face_detected,2026-09-09T17:08:49
age4_052027.jpg,train,lips_masked,no_face_detected,2026-09-09T17:08:49
age38_069614.jpg,train,lips_masked,no_face_detected,2026-09-09T17:08:49
age10_004488.jpg,train,lips_masked,no_face_detected,2026-09-09T17:08:49
age6_013496.jpg,train,lips_masked,no_face_detected,2026-09-09T17:08:49
age34_016455.jpg,train,lips_masked,no_face_detected,2026-09-09T17:08:50
age75_080386.jpg,train,lips_masked,no_face_detected,2026-09-09T17:08:50
age6_010445.jpg,train,lips_masked,no_face_detected,2026-09-09T17:08:50
age54_047696.jpg,train,lips_masked,no_face_detected,2026-09-09T17:08:47
age11_002882.jpg,train,lips_masked,no_face_detected,2026-09-09T17:08:48
age4_053610.jpg,train,lips_masked,no_face_detected,2026-09-09T17:08:48
age46_037218.jpg,train,lips_masked,no_face_detected,2026-09-09T17:08:48
age68_030165.jpg,train,lips_masked,no_face_detected,2026-09-09T17:08:48
age31_019129.jpg,train,lips_masked,no_face_detected,2026-09-09T17:08:48
age20_070788.jpg,train,lips_masked,no_face_detected,2026-09-09T17:08:49
age21_055280.jpg,train,lips_masked,no_face_detected,2026-09-09T17:08:49
age48_037452.jpg,train,lips_masked,no_face_detected,2026-09-09T17:08:49
age46_041055.jpg,train,lips_masked,no_face_detected,2026-09-09T17:08:49
age27_025585.jpg,train,lips_masked,no_face_detected,2026-09-09T17:08:50
age67_033049.jpg,train,lips_masked,no_face_detected,2026-09-09T17:08:50
age27_025103.jpg,train,lips_masked,no_face_detected,2026-09-09T17:08:51
age61_080740.jpg,train,lips_masked,no_face_detected,2026-09-09T17:08:51
age89_027220.jpg,train,lips_masked,no_face_detected,2026-09-09T17:08:51
age69_036152.jpg,train,lips_masked,no_face_detected,2026-09-09T17:08:51
age38_070257.jpg,train,lips_masked,no_face_detected,2026-09-09T17:08:51
age28_021988.jpg,train,lips_masked,no_face_detected,2026-09-09T17:08:51
age37_066610.jpg,train,lips_masked,no_face_detected,2026-09-09T17:08:52
age61_080343.jpg,train,lips_masked,no_face_detected,2026-09-09T17:08:52
age33_016580.jpg,train,lips_masked,no_face_detected,2026-09-09T17:08:52
age23_059184.jpg,train,lips_masked,no_face_detected,2026-09-09T17:08:52
age21_059914.jpg,train,lips_masked,no_face_detected,2026-09-09T17:08:52
age68_034835.jpg,train,lips_masked,no_face_detected,2026-09-09T17:08:52
age15_074349.jpg,train,lips_masked,no_face_detected,2026-09-09T17:08:52
age40_060672.jpg,train,lips_masked,no_face_detected,2026-09-09T17:08:53
age13_003139.jpg,train,lips_masked,no_face_detected,2026-09-09T17:08:53
age48_042574.jpg,train,lips_masked,no_face_detected,2026-09-09T17:08:53
age37_065036.jpg,train,lips_masked,no_face_detected,2026-09-09T17:08:53
age40_066010.jpg,train,lips_masked,no_face_detected,2026-09-09T17:08:53
age56_079063.jpg,train,lips_masked,no_face_detected,2026-09-09T17:08:54
age58_075910.jpg,train,lips_masked,no_face_detected,2026-09-09T17:08:54
age31_018949.jpg,train,lips_masked,no_face_detected,2026-09-09T17:08:54
age2_051042.jpg,train,lips_masked,no_face_detected,2026-09-09T17:08:54
age54_049470.jpg,train,lips_masked,no_face_detected,2026-09-09T17:08:54
age40_070433.jpg,train,lips_masked,no_face_detected,2026-09-09T17:08:55
age21_055751.jpg,train,lips_masked,no_face_detected,2026-09-09T17:08:55
age13_001684.jpg,train,lips_masked,no_face_detected,2026-09-09T17:08:55
age65_079505.jpg,train,lips_masked,no_face_detected,2026-09-09T17:08:55
age41_062074.jpg,train,lips_masked,no_face_detected,2026-09-09T17:08:55
age22_024677.jpg,train,lips_masked,no_face_detected,2026-09-09T17:08:55
age71_029003.jpg,train,lips_masked,no_face_detected,2026-09-09T17:08:55
age47_038066.jpg,train,lips_masked,no_face_detected,2026-09-09T17:08:55
age50_038055.jpg,train,lips_masked,no_face_detected,2026-09-09T17:08:56
age81_046023.jpg,train,lips_masked,no_face_detected,2026-09-09T17:08:56
age36_065198.jpg,train,lips_masked,no_face_detected,2026-09-09T17:08:56
age15_000930.jpg,train,lips_masked,no_face_detected,2026-09-09T17:08:56
age37_070512.jpg,train,lips_masked,no_face_detected,2026-09-09T17:08:56
age61_037401.jpg,train,lips_masked,no_face_detected,2026-09-09T17:08:56
age4_053531.jpg,train,lips_masked,no_face_detected,2026-09-09T17:08:56
age63_034533.jpg,train,lips_masked,no_face_detected,2026-09-09T17:08:56
age59_033196.jpg,train,lips_masked,no_face_detected,2026-09-09T17:08:57
age41_061769.jpg,train,lips_masked,no_face_detected,2026-09-09T17:08:57
age73_030967.jpg,train,lips_masked,no_face_detected,2026-09-09T17:08:57
age58_078163.jpg,train,lips_masked,no_face_detected,2026-09-09T17:08:57
age20_055504.jpg,train,lips_masked,no_face_detected,2026-09-09T17:08:57
age6_009097.jpg,train,lips_masked,no_face_detected,2026-09-09T17:08:57
age20_058502.jpg,train,lips_masked,no_face_detected,2026-09-09T17:08:57
age27_023678.jpg,train,lips_masked,no_face_detected,2026-09-09T17:08:58
age40_064883.jpg,train,lips_masked,no_face_detected,2026-09-09T17:08:58
age27_023700.jpg,train,lips_masked,no_face_detected,2026-09-09T17:08:58
age38_067448.jpg,train,lips_masked,no_face_detected,2026-09-09T17:08:58
age74_030457.jpg,train,lips_masked,no_face_detected,2026-09-09T17:08:58
age50_042501.jpg,train,lips_masked,no_face_detected,2026-09-09T17:08:58
age30_026537.jpg,train,lips_masked,no_face_detected,2026-09-09T17:08:59
age25_055307.jpg,train,lips_masked,no_face_detected,2026-09-09T17:08:59
age72_028964.jpg,train,lips_masked,no_face_detected,2026-09-09T17:08:59
age24_058490.jpg,train,lips_masked,no_face_detected,2026-09-09T17:08:59
age27_024768.jpg,train,lips_masked,no_face_detected,2026-09-09T17:08:59
age37_067877.jpg,train,lips_masked,no_face_detected,2026-09-09T17:09:00
age73_030306.jpg,train,lips_masked,no_face_detected,2026-09-09T17:09:00
age74_027878.jpg,train,lips_masked,no_face_detected,2026-09-09T17:09:00
age31_015417.jpg,train,lips_masked,no_face_detected,2026-09-09T17:09:00
age27_021341.jpg,train,lips_masked,no_face_detected,2026-09-09T17:09:00
age34_013872.jpg,train,lips_masked,no_face_detected,2026-09-09T17:09:00
age27_022732.jpg,train,lips_masked,no_face_detected,2026-09-09T17:09:01
age32_014009.jpg,train,lips_masked,no_face_detected,2026-09-09T17:09:01
age69_035517.jpg,train,lips_masked,no_face_detected,2026-09-09T17:09:01
age26_019528.jpg,train,lips_masked,no_face_detected,2026-09-09T17:09:01
age58_024127.jpg,train,lips_masked,no_face_detected,2026-09-09T17:09:01
age18_070838.jpg,train,lips_masked,no_face_detected,2026-09-09T17:09:02
age6_012220.jpg,train,lips_masked,no_face_detected,2026-09-09T17:09:02
age83_083985.jpg,train,lips_masked,no_face_detected,2026-09-09T17:09:02
age72_029371.jpg,train,lips_masked,no_face_detected,2026-09-09T17:09:02
age58_032734.jpg,train,lips_masked,no_face_detected,2026-09-09T17:09:02
age34_014701.jpg,train,lips_masked,no_face_detected,2026-09-09T17:09:02
age9_000354.jpg,train,lips_masked,no_face_detected,2026-09-09T17:09:02
age29_021843.jpg,train,lips_masked,no_face_detected,2026-09-09T17:09:02
age54_008230.jpg,train,lips_masked,no_face_detected,2026-09-09T17:09:03
age43_048678.jpg,train,lips_masked,no_face_detected,2026-09-09T17:09:03
age53_035170.jpg,train,lips_masked,no_face_detected,2026-09-09T17:09:03
age47_042053.jpg,train,lips_masked,no_face_detected,2026-09-09T17:09:03
age21_060228.jpg,train,lips_masked,no_face_detected,2026-09-09T17:09:03
age31_019433.jpg,train,lips_masked,no_face_detected,2026-09-09T17:09:03
age37_067887.jpg,train,lips_masked,no_face_detected,2026-09-09T17:09:03
age34_015725.jpg,train,lips_masked,no_face_detected,2026-09-09T17:09:03
age50_039048.jpg,train,lips_masked,no_face_detected,2026-09-09T17:09:03
age31_015773.jpg,train,lips_masked,no_face_detected,2026-09-09T17:09:03
age40_060581.jpg,train,lips_masked,no_face_detected,2026-09-09T17:09:04
age34_015329.jpg,train,lips_masked,no_face_detected,2026-09-09T17:09:04
age4_053020.jpg,train,lips_masked,no_face_detected,2026-09-09T17:09:04
age19_046338.jpg,train,lips_masked,no_face_detected,2026-09-09T17:09:04
age4_052168.jpg,train,lips_masked,no_face_detected,2026-09-09T17:09:04
age37_068450.jpg,train,lips_masked,no_face_detected,2026-09-09T17:09:04
age54_045414.jpg,train,lips_masked,no_face_detected,2026-09-09T17:09:05
age20_073687.jpg,train,lips_masked,no_face_detected,2026-09-09T17:09:05
age34_016457.jpg,train,lips_masked,no_face_detected,2026-09-09T17:09:05
age41_048414.jpg,train,lips_masked,no_face_detected,2026-09-09T17:09:05
age75_083133.jpg,train,lips_masked,no_face_detected,2026-09-09T17:09:05
age27_013272.jpg,train,lips_masked,no_face_detected,2026-09-09T17:09:05
age48_040794.jpg,train,lips_masked,no_face_detected,2026-09-09T17:09:05
age21_056157.jpg,train,lips_masked,no_face_detected,2026-09-09T17:09:06
age19_073668.jpg,train,lips_masked,no_face_detected,2026-09-09T17:09:06
age19_072989.jpg,train,lips_masked,no_face_detected,2026-09-09T17:09:06
age65_043132.jpg,val,lips_masked,no_face_detected,2026-09-09T17:09:06
age61_079967.jpg,val,lips_masked,no_face_detected,2026-09-09T17:09:06
age2_052473.jpg,val,lips_masked,no_face_detected,2026-09-09T17:09:06
age2_052966.jpg,val,lips_masked,no_face_detected,2026-09-09T17:09:06
age69_034546.jpg,val,lips_masked,no_face_detected,2026-09-09T17:09:06
age6_010940.jpg,val,lips_masked,no_face_detected,2026-09-09T17:09:06
age52_045568.jpg,val,lips_masked,no_face_detected,2026-09-09T17:09:07
age78_031003.jpg,val,lips_masked,no_face_detected,2026-09-09T17:09:07
age62_079954.jpg,val,lips_masked,no_face_detected,2026-09-09T17:09:07
age15_074374.jpg,val,lips_masked,no_face_detected,2026-09-09T17:09:07
age6_012540.jpg,val,lips_masked,no_face_detected,2026-09-09T17:09:08
age42_063158.jpg,val,lips_masked,no_face_detected,2026-09-09T17:09:08
age36_066371.jpg,val,lips_masked,no_face_detected,2026-09-09T17:09:08
age33_015460.jpg,val,lips_masked,no_face_detected,2026-09-09T17:09:08
age62_042824.jpg,val,lips_masked,no_face_detected,2026-09-09T17:09:08
age17_074509.jpg,val,lips_masked,no_face_detected,2026-09-09T17:09:08
age22_056193.jpg,val,lips_masked,no_face_detected,2026-09-09T17:09:08
age47_043633.jpg,val,lips_masked,no_face_detected,2026-09-09T17:09:08
age38_065646.jpg,val,lips_masked,no_face_detected,2026-09-09T17:09:08
age27_024460.jpg,val,lips_masked,no_face_detected,2026-09-09T17:09:09
age55_045800.jpg,val,lips_masked,no_face_detected,2026-09-09T17:09:09
age19_074292.jpg,val,lips_masked,no_face_detected,2026-09-09T17:09:09
age55_078641.jpg,val,lips_masked,no_face_detected,2026-09-09T17:09:09
age67_036339.jpg,val,lips_masked,no_face_detected,2026-09-09T17:09:09
age47_038865.jpg,val,lips_masked,no_face_detected,2026-09-09T17:09:10
age21_005690.jpg,val,lips_masked,no_face_detected,2026-09-09T17:09:10
age67_031411.jpg,val,lips_masked,no_face_detected,2026-09-09T17:09:10
age34_014957.jpg,val,lips_masked,no_face_detected,2026-09-09T17:09:10
age25_059860.jpg,val,lips_masked,no_face_detected,2026-09-09T17:09:11
age75_083557.jpg,val,lips_masked,no_face_detected,2026-09-09T17:09:11
age64_076980.jpg,val,lips_masked,no_face_detected,2026-09-09T17:09:11
age38_028769.jpg,val,lips_masked,no_face_detected,2026-09-09T17:09:11
age50_038661.jpg,val,lips_masked,no_face_detected,2026-09-09T17:09:11
age54_045524.jpg,val,lips_masked,no_face_detected,2026-09-09T17:09:12
age37_058076.jpg,val,lips_masked,no_face_detected,2026-09-09T17:09:12
age74_029071.jpg,val,lips_masked,no_face_detected,2026-09-09T17:09:12
age40_061978.jpg,val,lips_masked,no_face_detected,2026-09-09T17:09:12
age67_034238.jpg,val,lips_masked,no_face_detected,2026-09-09T17:09:12
age31_018198.jpg,val,lips_masked,no_face_detected,2026-09-09T17:09:12
age37_065897.jpg,val,lips_masked,no_face_detected,2026-09-09T17:09:12
age2_053558.jpg,val,lips_masked,no_face_detected,2026-09-09T17:09:12
age62_082445.jpg,val,lips_masked,no_face_detected,2026-09-09T17:09:12
age20_055467.jpg,val,lips_masked,no_face_detected,2026-09-09T17:09:13
age27_024313.jpg,val,lips_masked,no_face_detected,2026-09-09T17:09:13
age68_036632.jpg,val,lips_masked,no_face_detected,2026-09-09T17:09:13
age48_040849.jpg,val,lips_masked,no_face_detected,2026-09-09T17:09:13
age66_032211.jpg,val,lips_masked,no_face_detected,2026-09-09T17:09:13
age2_050857.jpg,val,lips_masked,no_face_detected,2026-09-09T17:09:14
age48_039363.jpg,val,lips_masked,no_face_detected,2026-09-09T17:09:14
age54_047964.jpg,val,lips_masked,no_face_detected,2026-09-09T17:09:14
age58_077080.jpg,val,lips_masked,no_face_detected,2026-09-09T17:09:14
age57_075802.jpg,val,lips_masked,no_face_detected,2026-09-09T17:09:14
age76_083242.jpg,val,lips_masked,no_face_detected,2026-09-09T17:09:14
age55_049484.jpg,val,lips_masked,no_face_detected,2026-09-09T17:09:14
age70_035225.jpg,val,lips_masked,no_face_detected,2026-09-09T17:09:14
age57_077482.jpg,val,lips_masked,no_face_detected,2026-09-09T17:09:15
age38_067801.jpg,val,lips_masked,no_face_detected,2026-09-09T17:09:15
age57_049082.jpg,val,lips_masked,no_face_detected,2026-09-09T17:09:15
age53_045760.jpg,val,lips_masked,no_face_detected,2026-09-09T17:09:16
age52_049296.jpg,val,lips_masked,no_face_detected,2026-09-09T17:09:16
age28_014257.jpg,val,lips_masked,no_face_detected,2026-09-09T17:09:16
age17_000776.jpg,val,lips_masked,no_face_detected,2026-09-09T17:09:17
age67_033563.jpg,val,lips_masked,no_face_detected,2026-09-09T17:09:17
age55_049805.jpg,val,lips_masked,no_face_detected,2026-09-09T17:09:17
age62_081637.jpg,val,lips_masked,no_face_detected,2026-09-09T17:09:17
age77_076362.jpg,val,lips_masked,no_face_detected,2026-09-09T17:09:17
age48_042317.jpg,val,lips_masked,no_face_detected,2026-09-09T17:09:17
age17_072593.jpg,val,lips_masked,no_face_detected,2026-09-09T17:09:17
age61_079846.jpg,val,lips_masked,no_face_detected,2026-09-09T17:09:17
age69_035454.jpg,val,lips_masked,no_face_detected,2026-09-09T17:09:18
age2_051935.jpg,val,lips_masked,no_face_detected,2026-09-09T17:09:18
age38_070116.jpg,val,lips_masked,no_face_detected,2026-09-09T17:09:18
age38_068857.jpg,val,lips_masked,no_face_detected,2026-09-09T17:09:18
age37_069600.jpg,val,lips_masked,no_face_detected,2026-09-09T17:09:18
age50_040885.jpg,val,lips_masked,no_face_detected,2026-09-09T17:09:18
age36_022349.jpg,val,lips_masked,no_face_detected,2026-09-09T17:09:18
age47_033842.jpg,val,lips_masked,no_face_detected,2026-09-09T17:09:19
age67_036496.jpg,val,lips_masked,no_face_detected,2026-09-09T17:09:19
age10_003501.jpg,val,lips_masked,no_face_detected,2026-09-09T17:09:19
age61_079258.jpg,val,lips_masked,no_face_detected,2026-09-09T17:09:19
age64_046940.jpg,val,lips_masked,no_face_detected,2026-09-09T17:09:19
age6_011090.jpg,val,lips_masked,no_face_detected,2026-09-09T17:09:19
age51_047666.jpg,val,lips_masked,no_face_detected,2026-09-09T17:09:19
age4_052370.jpg,val,lips_masked,no_face_detected,2026-09-09T17:09:19
age70_028105.jpg,val,lips_masked,no_face_detected,2026-09-09T17:09:19
age18_074778.jpg,val,lips_masked,no_face_detected,2026-09-09T17:09:19
age60_075938.jpg,val,lips_masked,no_face_detected,2026-09-09T17:09:20
age31_017646.jpg,val,lips_masked,no_face_detected,2026-09-09T17:09:17
age54_047250.jpg,val,lips_masked,no_face_detected,2026-09-09T17:09:17
age61_037561.jpg,val,lips_masked,no_face_detected,2026-09-09T17:09:17
age4_053115.jpg,val,lips_masked,no_face_detected,2026-09-09T17:09:17
age18_073394.jpg,val,lips_masked,no_face_detected,2026-09-09T17:09:17
age62_081151.jpg,val,lips_masked,no_face_detected,2026-09-09T17:09:17
age61_063691.jpg,val,lips_masked,no_face_detected,2026-09-09T17:09:18
age7_008129.jpg,val,lips_masked,no_face_detected,2026-09-09T17:09:18
age8_010552.jpg,val,lips_masked,no_face_detected,2026-09-09T17:09:18
age38_065577.jpg,val,lips_masked,no_face_detected,2026-09-09T17:09:18
age22_059924.jpg,val,lips_masked,no_face_detected,2026-09-09T17:09:18
age60_081748.jpg,val,lips_masked,no_face_detected,2026-09-09T17:09:18
age27_023522.jpg,val,lips_masked,no_face_detected,2026-09-09T17:09:18
age4_051829.jpg,val,lips_masked,no_face_detected,2026-09-09T17:09:18
age15_005106.jpg,val,lips_masked,no_face_detected,2026-09-09T17:09:19
age22_058708.jpg,val,lips_masked,no_face_detected,2026-09-09T17:09:19
age65_033735.jpg,val,lips_masked,no_face_detected,2026-09-09T17:09:19
age62_028493.jpg,val,lips_masked,no_face_detected,2026-09-09T17:09:19
age50_050075.jpg,val,lips_masked,no_face_detected,2026-09-09T17:09:19
age69_033805.jpg,val,lips_masked,no_face_detected,2026-09-09T17:09:19
age72_029113.jpg,val,lips_masked,no_face_detected,2026-09-09T17:09:19
age11_003256.jpg,val,lips_masked,no_face_detected,2026-09-09T17:09:19
age77_083228.jpg,val,lips_masked,no_face_detected,2026-09-09T17:09:20
age14_002087.jpg,val,lips_masked,no_face_detected,2026-09-09T17:09:20
age19_059171.jpg,val,lips_masked,no_face_detected,2026-09-09T17:09:20
age27_024221.jpg,val,lips_masked,no_face_detected,2026-09-09T17:09:20
age48_038281.jpg,val,lips_masked,no_face_detected,2026-09-09T17:09:20
age68_032664.jpg,val,lips_masked,no_face_detected,2026-09-09T17:09:21
age47_005776.jpg,val,lips_masked,no_face_detected,2026-09-09T17:09:21
age27_022845.jpg,val,lips_masked,no_face_detected,2026-09-09T17:09:21
age48_043833.jpg,val,lips_masked,no_face_detected,2026-09-09T17:09:21
age21_057348.jpg,val,lips_masked,no_face_detected,2026-09-09T17:09:21
age27_026520.jpg,val,lips_masked,no_face_detected,2026-09-09T17:09:21
age64_080206.jpg,val,lips_masked,no_face_detected,2026-09-09T17:09:22
age42_062965.jpg,val,lips_masked,no_face_detected,2026-09-09T17:09:22
age20_055846.jpg,val,lips_masked,no_face_detected,2026-09-09T17:09:22
age55_078133.jpg,val,lips_masked,no_face_detected,2026-09-09T17:09:22
age13_005308.jpg,val,lips_masked,no_face_detected,2026-09-09T17:09:22
age18_074628.jpg,val,lips_masked,no_face_detected,2026-09-09T17:09:22
age37_066423.jpg,val,lips_masked,no_face_detected,2026-09-09T17:09:22
age31_014842.jpg,val,lips_masked,no_face_detected,2026-09-09T17:09:22
age64_082343.jpg,val,lips_masked,no_face_detected,2026-09-09T17:09:23
age55_076990.jpg,val,lips_masked,no_face_detected,2026-09-09T17:09:23
age53_046144.jpg,val,lips_masked,no_face_detected,2026-09-09T17:09:23
age40_062014.jpg,val,lips_masked,no_face_detected,2026-09-09T17:09:23
age27_026864.jpg,val,lips_masked,no_face_detected,2026-09-09T17:09:23
age78_083694.jpg,val,lips_masked,no_face_detected,2026-09-09T17:09:23
age38_065551.jpg,val,lips_masked,no_face_detected,2026-09-09T17:09:24
age11_000155.jpg,val,lips_masked,no_face_detected,2026-09-09T17:09:24
age72_029017.jpg,val,lips_masked,no_face_detected,2026-09-09T17:09:24
age7_008586.jpg,val,lips_masked,no_face_detected,2026-09-09T17:09:24
age20_057409.jpg,val,lips_masked,no_face_detected,2026-09-09T17:09:24
age41_061318.jpg,val,lips_masked,no_face_detected,2026-09-09T17:09:24
age73_030113.jpg,val,lips_masked,no_face_detected,2026-09-09T17:09:24
age72_030227.jpg,val,lips_masked,no_face_detected,2026-09-09T17:09:25
age48_038546.jpg,val,lips_masked,no_face_detected,2026-09-09T17:09:25
age44_031191.jpg,val,lips_masked,no_face_detected,2026-09-09T17:09:25
age56_018367.jpg,val,lips_masked,no_face_detected,2026-09-09T17:09:26
age13_004110.jpg,val,lips_masked,no_face_detected,2026-09-09T17:09:26
age62_028512.jpg,val,lips_masked,no_face_detected,2026-09-09T17:09:26
age18_071971.jpg,val,lips_masked,no_face_detected,2026-09-09T17:09:26
age40_061922.jpg,val,lips_masked,no_face_detected,2026-09-09T17:09:26
age33_004462.jpg,val,lips_masked,no_face_detected,2026-09-09T17:09:26
age57_078936.jpg,val,lips_masked,no_face_detected,2026-09-09T17:09:26
age60_078579.jpg,val,lips_masked,no_face_detected,2026-09-09T17:09:27
age19_073704.jpg,val,lips_masked,no_face_detected,2026-09-09T17:09:27
age3_013033.jpg,val,lips_masked,no_face_detected,2026-09-09T17:09:27
age36_065229.jpg,val,lips_masked,no_face_detected,2026-09-09T17:09:27
age58_076083.jpg,val,lips_masked,no_face_detected,2026-09-09T17:09:27
age60_082573.jpg,val,lips_masked,no_face_detected,2026-09-09T17:09:28
age42_064916.jpg,val,lips_masked,no_face_detected,2026-09-09T17:09:28
age50_037912.jpg,val,lips_masked,no_face_detected,2026-09-09T17:09:28
age34_019769.jpg,val,lips_masked,no_face_detected,2026-09-09T17:09:28
age4_052824.jpg,val,lips_masked,no_face_detected,2026-09-09T17:09:28
age54_049845.jpg,val,lips_masked,no_face_detected,2026-09-09T17:09:28
age37_070171.jpg,val,lips_masked,no_face_detected,2026-09-09T17:09:28
age8_012744.jpg,val,lips_masked,no_face_detected,2026-09-09T17:09:29
age37_066520.jpg,val,lips_masked,no_face_detected,2026-09-09T17:09:29
age50_045707.jpg,val,lips_masked,no_face_detected,2026-09-09T17:09:29
age22_058972.jpg,val,lips_masked,no_face_detected,2026-09-09T17:09:29
age67_033515.jpg,val,lips_masked,no_face_detected,2026-09-09T17:09:29
age13_004905.jpg,val,lips_masked,no_face_detected,2026-09-09T17:09:29
age62_079917.jpg,val,lips_masked,no_face_detected,2026-09-09T17:09:30
age20_072035.jpg,val,lips_masked,no_face_detected,2026-09-09T17:09:30
age34_019746.jpg,val,lips_masked,no_face_detected,2026-09-09T17:09:30
age20_074658.jpg,val,lips_masked,no_face_detected,2026-09-09T17:09:30
age40_066642.jpg,val,lips_masked,no_face_detected,2026-09-09T17:09:30
age11_002305.jpg,val,lips_masked,no_face_detected,2026-09-09T17:09:30
age31_019564.jpg,val,lips_masked,no_face_detected,2026-09-09T17:09:30
age50_040318.jpg,val,lips_masked,no_face_detected,2026-09-09T17:09:30
age77_083102.jpg,val,lips_masked,no_face_detected,2026-09-09T17:09:30
age64_081780.jpg,val,lips_masked,no_face_detected,2026-09-09T17:09:31
age66_011129.jpg,val,lips_masked,no_face_detected,2026-09-09T17:09:31
age20_070904.jpg,val,lips_masked,no_face_detected,2026-09-09T17:09:31
age27_026911.jpg,val,lips_masked,no_face_detected,2026-09-09T17:09:31
age55_047258.jpg,val,lips_masked,no_face_detected,2026-09-09T17:09:31
age61_082297.jpg,val,lips_masked,no_face_detected,2026-09-09T17:09:31
age40_064837.jpg,val,lips_masked,no_face_detected,2026-09-09T17:09:31
age50_039155.jpg,val,lips_masked,no_face_detected,2026-09-09T17:09:31
age54_049495.jpg,val,lips_masked,no_face_detected,2026-09-09T17:09:31
age46_020009.jpg,val,lips_masked,no_face_detected,2026-09-09T17:09:32
age70_028109.jpg,val,lips_masked,no_face_detected,2026-09-09T17:09:32
age40_063861.jpg,val,lips_masked,no_face_detected,2026-09-09T17:09:32
age3_019245.jpg,val,lips_masked,no_face_detected,2026-09-09T17:09:32
age90_027119.jpg,val,lips_masked,no_face_detected,2026-09-09T17:09:32
age25_056815.jpg,val,lips_masked,no_face_detected,2026-09-09T17:09:32
age13_003072.jpg,val,lips_masked,no_face_detected,2026-09-09T17:09:32
age25_025975.jpg,val,lips_masked,no_face_detected,2026-09-09T17:09:32
age38_067339.jpg,val,lips_masked,no_face_detected,2026-09-09T17:09:32
age40_068231.jpg,val,lips_masked,no_face_detected,2026-09-09T17:09:33
age27_022326.jpg,val,lips_masked,no_face_detected,2026-09-09T17:09:33
age10_002978.jpg,val,lips_masked,no_face_detected,2026-09-09T17:09:33
age58_075204.jpg,val,lips_masked,no_face_detected,2026-09-09T17:09:33
age54_046499.jpg,val,lips_masked,no_face_detected,2026-09-09T17:09:33
age68_036160.jpg,val,lips_masked,no_face_detected,2026-09-09T17:09:34
age34_017294.jpg,val,lips_masked,no_face_detected,2026-09-09T17:09:34
age21_059005.jpg,val,lips_masked,no_face_detected,2026-09-09T17:09:34
age36_067251.jpg,val,lips_masked,no_face_detected,2026-09-09T17:09:34
age10_004663.jpg,val,lips_masked,no_face_detected,2026-09-09T17:09:34
age62_079449.jpg,val,lips_masked,no_face_detected,2026-09-09T17:09:34
age36_069197.jpg,val,lips_masked,no_face_detected,2026-09-09T17:09:35
44_0_0_20170120134632848.jpg,val,lips_masked,no_face_detected,2026-09-09T17:09:35
age61_079979.jpg,val,lips_masked,no_face_detected,2026-09-09T17:09:35
age27_023008.jpg,val,lips_masked,no_face_detected,2026-09-09T17:09:35
age83_083963.jpg,val,lips_masked,no_face_detected,2026-09-09T17:09:35
age10_009632.jpg,val,lips_masked,no_face_detected,2026-09-09T17:09:35
age27_022348.jpg,val,lips_masked,no_face_detected,2026-09-09T17:09:35
age35_017331.jpg,val,lips_masked,no_face_detected,2026-09-09T17:09:36
age36_066666.jpg,val,lips_masked,no_face_detected,2026-09-09T17:09:36
age20_055928.jpg,val,lips_masked,no_face_detected,2026-09-09T17:09:36
age67_031701.jpg,val,lips_masked,no_face_detected,2026-09-09T17:09:36
age31_016681.jpg,val,lips_masked,no_face_detected,2026-09-09T17:09:36
age72_030557.jpg,val,lips_masked,no_face_detected,2026-09-09T17:09:36
age37_069115.jpg,val,lips_masked,no_face_detected,2026-09-09T17:09:37
age8_006342.jpg,val,lips_masked,no_face_detected,2026-09-09T17:09:37
age4_051716.jpg,val,lips_masked,no_face_detected,2026-09-09T17:09:37
age63_082038.jpg,val,lips_masked,no_face_detected,2026-09-09T17:09:37
age50_040427.jpg,val,lips_masked,no_face_detected,2026-09-09T17:09:37
age1_010669.jpg,val,lips_masked,no_face_detected,2026-09-09T17:09:37
age10_000600.jpg,val,lips_masked,no_face_detected,2026-09-09T17:09:38
age34_015540.jpg,val,lips_masked,no_face_detected,2026-09-09T17:09:38
age37_066447.jpg,val,lips_masked,no_face_detected,2026-09-09T17:09:38
age27_026024.jpg,val,lips_masked,no_face_detected,2026-09-09T17:09:38
age33_016333.jpg,val,lips_masked,no_face_detected,2026-09-09T17:09:39
age38_068769.jpg,val,lips_masked,no_face_detected,2026-09-09T17:09:39
age34_015100.jpg,val,lips_masked,no_face_detected,2026-09-09T17:09:39
age21_055386.jpg,val,lips_masked,no_face_detected,2026-09-09T17:09:39
age31_015900.jpg,val,lips_masked,no_face_detected,2026-09-09T17:09:39
age57_075159.jpg,val,lips_masked,no_face_detected,2026-09-09T17:09:39
age20_073436.jpg,val,lips_masked,no_face_detected,2026-09-09T17:09:40
age70_034650.jpg,val,lips_masked,no_face_detected,2026-09-09T17:09:40
age34_018507.jpg,val,lips_masked,no_face_detected,2026-09-09T17:09:40
age6_012206.jpg,val,lips_masked,no_face_detected,2026-09-09T17:09:40
age22_059345.jpg,val,lips_masked,no_face_detected,2026-09-09T17:09:40
age70_030658.jpg,val,lips_masked,no_face_detected,2026-09-09T17:09:40
age48_038223.jpg,val,lips_masked,no_face_detected,2026-09-09T17:09:40
age58_077029.jpg,val,lips_masked,no_face_detected,2026-09-09T17:09:40
age37_065333.jpg,val,lips_masked,no_face_detected,2026-09-09T17:09:41
age4_026469.jpg,val,lips_masked,no_face_detected,2026-09-09T17:09:41
age84_083995.jpg,val,lips_masked,no_face_detected,2026-09-09T17:09:41
age31_019792.jpg,val,lips_masked,no_face_detected,2026-09-09T17:09:41
age62_079944.jpg,val,lips_masked,no_face_detected,2026-09-09T17:09:41
age25_022680.jpg,val,lips_masked,no_face_detected,2026-09-09T17:09:41
age80_083827.jpg,val,lips_masked,no_face_detected,2026-09-09T17:09:41
age20_072553.jpg,val,lips_masked,no_face_detected,2026-09-09T17:09:41
age4_054161.jpg,val,lips_masked,no_face_detected,2026-09-09T17:09:42
age74_028832.jpg,val,lips_masked,no_face_detected,2026-09-09T17:09:42
age50_046372.jpg,val,lips_masked,no_face_detected,2026-09-09T17:09:42
age78_083636.jpg,val,lips_masked,no_face_detected,2026-09-09T17:09:42
age48_043908.jpg,val,lips_masked,no_face_detected,2026-09-09T17:09:42
age21_057772.jpg,val,lips_masked,no_face_detected,2026-09-09T17:09:42
age6_010797.jpg,val,lips_masked,no_face_detected,2026-09-09T17:09:42
age38_068904.jpg,val,lips_masked,no_face_detected,2026-09-09T17:09:42
age53_041070.jpg,val,lips_masked,no_face_detected,2026-09-09T17:09:43
age41_026565.jpg,val,lips_masked,no_face_detected,2026-09-09T17:09:43
age36_066257.jpg,val,lips_masked,no_face_detected,2026-09-09T17:09:43
age73_028452.jpg,val,lips_masked,no_face_detected,2026-09-09T17:09:43
age42_060970.jpg,val,lips_masked,no_face_detected,2026-09-09T17:09:43
age71_028579.jpg,val,lips_masked,no_face_detected,2026-09-09T17:09:43
age6_011962.jpg,val,lips_masked,no_face_detected,2026-09-09T17:09:43
age10_011102.jpg,val,lips_masked,no_face_detected,2026-09-09T17:09:44
age37_069538.jpg,val,lips_masked,no_face_detected,2026-09-09T17:09:44
age4_024531.jpg,val,lips_masked,no_face_detected,2026-09-09T17:09:44
age55_077730.jpg,val,lips_masked,no_face_detected,2026-09-09T17:09:44
age17_073901.jpg,val,lips_masked,no_face_detected,2026-09-09T17:09:45
age25_023385.jpg,val,lips_masked,no_face_detected,2026-09-09T17:09:45
age58_076685.jpg,val,lips_masked,no_face_detected,2026-09-09T17:09:45
age31_016848.jpg,val,lips_masked,no_face_detected,2026-09-09T17:09:45
age65_079313.jpg,val,lips_masked,no_face_detected,2026-09-09T17:09:45
age47_039277.jpg,val,lips_masked,no_face_detected,2026-09-09T17:09:45
age70_027428.jpg,val,lips_masked,no_face_detected,2026-09-09T17:09:45
age41_062955.jpg,val,lips_masked,no_face_detected,2026-09-09T17:09:46
age57_078131.jpg,val,lips_masked,no_face_detected,2026-09-09T17:09:46
age13_000719.jpg,val,lips_masked,no_face_detected,2026-09-09T17:09:46
age37_066063.jpg,val,lips_masked,no_face_detected,2026-09-09T17:09:46
age13_006046.jpg,val,lips_masked,no_face_detected,2026-09-09T17:09:46
age4_051358.jpg,val,lips_masked,no_face_detected,2026-09-09T17:09:46
age75_083692.jpg,val,lips_masked,no_face_detected,2026-09-09T17:09:47
age6_010941.jpg,val,lips_masked,no_face_detected,2026-09-09T17:09:47
age10_001514.jpg,val,lips_masked,no_face_detected,2026-09-09T17:09:47
age65_031218.jpg,val,lips_masked,no_face_detected,2026-09-09T17:09:47
age76_083349.jpg,val,lips_masked,no_face_detected,2026-09-09T17:09:48
age54_046630.jpg,val,lips_masked,no_face_detected,2026-09-09T17:09:48
age4_053243.jpg,val,lips_masked,no_face_detected,2026-09-09T17:09:48
age72_030487.jpg,val,lips_masked,no_face_detected,2026-09-09T17:09:48
85_1_0_20170110181621323.jpg,val,lips_masked,no_face_detected,2026-09-09T17:09:48
age10_007243.jpg,val,lips_masked,no_face_detected,2026-09-09T17:09:48
age62_029961.jpg,val,lips_masked,no_face_detected,2026-09-09T17:09:49
age72_030274.jpg,val,lips_masked,no_face_detected,2026-09-09T17:09:49
age78_029525.jpg,val,lips_masked,no_face_detected,2026-09-09T17:09:49
age27_021018.jpg,val,lips_masked,no_face_detected,2026-09-09T17:09:46
age17_071672.jpg,val,lips_masked,no_face_detected,2026-09-09T17:09:46
age49_029218.jpg,val,lips_masked,no_face_detected,2026-09-09T17:09:46
age34_017116.jpg,val,lips_masked,no_face_detected,2026-09-09T17:09:46
age60_079508.jpg,val,lips_masked,no_face_detected,2026-09-09T17:09:47
age58_075570.jpg,val,lips_masked,no_face_detected,2026-09-09T17:09:47
age58_078452.jpg,val,lips_masked,no_face_detected,2026-09-09T17:09:47
age67_006884.jpg,val,lips_masked,no_face_detected,2026-09-09T17:09:47
age16_056443.jpg,val,lips_masked,no_face_detected,2026-09-09T17:09:47
age38_068734.jpg,val,lips_masked,no_face_detected,2026-09-09T17:09:47
age45_060904.jpg,val,lips_masked,no_face_detected,2026-09-09T17:09:47
age11_004801.jpg,val,lips_masked,no_face_detected,2026-09-09T17:09:48
age4_052286.jpg,val,lips_masked,no_face_detected,2026-09-09T17:09:48
age6_012652.jpg,val,lips_masked,no_face_detected,2026-09-09T17:09:48
age5_051144.jpg,val,lips_masked,no_face_detected,2026-09-09T17:09:48
age4_054556.jpg,val,lips_masked,no_face_detected,2026-09-09T17:09:48
age81_083975.jpg,val,lips_masked,no_face_detected,2026-09-09T17:09:48
age62_080570.jpg,val,lips_masked,no_face_detected,2026-09-09T17:09:49
age40_063992.jpg,val,lips_masked,no_face_detected,2026-09-09T17:09:49
age65_035738.jpg,val,lips_masked,no_face_detected,2026-09-09T17:09:49
age13_001103.jpg,val,lips_masked,no_face_detected,2026-09-09T17:09:49
age48_039296.jpg,val,lips_masked,no_face_detected,2026-09-09T17:09:49
age71_029244.jpg,val,lips_masked,no_face_detected,2026-09-09T17:09:49
age14_001179.jpg,val,lips_masked,no_face_detected,2026-09-09T17:09:50
age12_005531.jpg,val,lips_masked,no_face_detected,2026-09-09T17:09:50
age10_003497.jpg,val,lips_masked,no_face_detected,2026-09-09T17:09:50
age22_058529.jpg,val,lips_masked,no_face_detected,2026-09-09T17:09:50
age27_021222.jpg,val,lips_masked,no_face_detected,2026-09-09T17:09:50
age36_067610.jpg,val,lips_masked,no_face_detected,2026-09-09T17:09:51
age38_069906.jpg,val,lips_masked,no_face_detected,2026-09-09T17:09:51
age34_019210.jpg,val,lips_masked,no_face_detected,2026-09-09T17:09:51
age20_055216.jpg,val,lips_masked,no_face_detected,2026-09-09T17:09:51
age37_067118.jpg,val,lips_masked,no_face_detected,2026-09-09T17:09:51
age61_082033.jpg,val,lips_masked,no_face_detected,2026-09-09T17:09:52
age41_061647.jpg,val,lips_masked,no_face_detected,2026-09-09T17:09:52
age60_080250.jpg,val,lips_masked,no_face_detected,2026-09-09T17:09:52
age61_028912.jpg,val,lips_masked,no_face_detected,2026-09-09T17:09:52
age4_051958.jpg,val,lips_masked,no_face_detected,2026-09-09T17:09:52
age55_060452.jpg,val,lips_masked,no_face_detected,2026-09-09T17:09:52
age27_021780.jpg,val,lips_masked,no_face_detected,2026-09-09T17:09:52
age57_077020.jpg,val,lips_masked,no_face_detected,2026-09-09T17:09:53
age58_067042.jpg,val,lips_masked,no_face_detected,2026-09-09T17:09:53
age40_067259.jpg,val,lips_masked,no_face_detected,2026-09-09T17:09:53
age34_016485.jpg,val,lips_masked,no_face_detected,2026-09-09T17:09:53
age65_029677.jpg,val,lips_masked,no_face_detected,2026-09-09T17:09:53
age38_065737.jpg,val,lips_masked,no_face_detected,2026-09-09T17:09:53
age38_068832.jpg,val,lips_masked,no_face_detected,2026-09-09T17:09:53
age60_029018.jpg,val,lips_masked,no_face_detected,2026-09-09T17:09:54
age74_028294.jpg,val,lips_masked,no_face_detected,2026-09-09T17:09:54
age28_021812.jpg,val,lips_masked,no_face_detected,2026-09-09T17:09:54
age55_077053.jpg,val,lips_masked,no_face_detected,2026-09-09T17:09:54
age71_029129.jpg,val,lips_masked,no_face_detected,2026-09-09T17:09:54
age68_035154.jpg,val,lips_masked,no_face_detected,2026-09-09T17:09:54
age10_000968.jpg,val,lips_masked,no_face_detected,2026-09-09T17:09:55
age34_014150.jpg,val,lips_masked,no_face_detected,2026-09-09T17:09:55
age34_019537.jpg,val,lips_masked,no_face_detected,2026-09-09T17:09:55
age60_028499.jpg,val,lips_masked,no_face_detected,2026-09-09T17:09:55
age64_080175.jpg,val,lips_masked,no_face_detected,2026-09-09T17:09:55
age68_032324.jpg,val,lips_masked,no_face_detected,2026-09-09T17:09:55
age4_054317.jpg,val,lips_masked,no_face_detected,2026-09-09T17:09:56
age41_061123.jpg,val,lips_masked,no_face_detected,2026-09-09T17:09:56
age63_076890.jpg,val,lips_masked,no_face_detected,2026-09-09T17:09:56
age64_028878.jpg,val,lips_masked,no_face_detected,2026-09-09T17:09:56
age58_076753.jpg,val,lips_masked,no_face_detected,2026-09-09T17:09:56
age61_082553.jpg,val,lips_masked,no_face_detected,2026-09-09T17:09:56
age69_034396.jpg,val,lips_masked,no_face_detected,2026-09-09T17:09:56
age21_055272.jpg,val,lips_masked,no_face_detected,2026-09-09T17:09:57
age6_007854.jpg,val,lips_masked,no_face_detected,2026-09-09T17:09:57
age74_029524.jpg,val,lips_masked,no_face_detected,2026-09-09T17:09:57
age10_006854.jpg,val,lips_masked,no_face_detected,2026-09-09T17:09:57
age38_070444.jpg,val,lips_masked,no_face_detected,2026-09-09T17:09:57
age40_064872.jpg,val,lips_masked,no_face_detected,2026-09-09T17:09:57
age37_068670.jpg,val,lips_masked,no_face_detected,2026-09-09T17:09:57
age41_063713.jpg,val,lips_masked,no_face_detected,2026-09-09T17:09:57
age6_010934.jpg,val,lips_masked,no_face_detected,2026-09-09T17:09:57
age76_083375.jpg,val,lips_masked,no_face_detected,2026-09-09T17:09:58
age54_033893.jpg,val,lips_masked,no_face_detected,2026-09-09T17:09:58
age2_053179.jpg,val,lips_masked,no_face_detected,2026-09-09T17:09:58
age76_083530.jpg,val,lips_masked,no_face_detected,2026-09-09T17:09:58
age41_062084.jpg,val,lips_masked,no_face_detected,2026-09-09T17:09:58
age6_008095.jpg,val,lips_masked,no_face_detected,2026-09-09T17:09:58
age4_053204.jpg,val,lips_masked,no_face_detected,2026-09-09T17:09:58
age29_023466.jpg,val,lips_masked,no_face_detected,2026-09-09T17:09:58
age21_058368.jpg,val,lips_masked,no_face_detected,2026-09-09T17:09:58
age55_077223.jpg,val,lips_masked,no_face_detected,2026-09-09T17:09:59
age20_073258.jpg,val,lips_masked,no_face_detected,2026-09-09T17:09:59
age74_028521.jpg,val,lips_masked,no_face_detected,2026-09-09T17:09:59
age10_007242.jpg,val,lips_masked,no_face_detected,2026-09-09T17:09:59
age4_050505.jpg,val,lips_masked,no_face_detected,2026-09-09T17:09:59
age67_035252.jpg,val,lips_masked,no_face_detected,2026-09-09T17:09:59
age6_007667.jpg,val,lips_masked,no_face_detected,2026-09-09T17:09:59
age31_016953.jpg,val,lips_masked,no_face_detected,2026-09-09T17:09:59
age13_000775.jpg,val,lips_masked,no_face_detected,2026-09-09T17:09:59
age38_067958.jpg,val,lips_masked,no_face_detected,2026-09-09T17:09:59
age10_013094.jpg,val,lips_masked,no_face_detected,2026-09-09T17:10:00
age25_026012.jpg,val,lips_masked,no_face_detected,2026-09-09T17:10:00
age6_013585.jpg,val,lips_masked,no_face_detected,2026-09-09T17:10:00
age86_027336.jpg,val,lips_masked,no_face_detected,2026-09-09T17:10:00
age37_067898.jpg,val,lips_masked,no_face_detected,2026-09-09T17:10:00
age38_070033.jpg,val,lips_masked,no_face_detected,2026-09-09T17:10:00
age25_025561.jpg,val,lips_masked,no_face_detected,2026-09-09T17:10:00
age6_008713.jpg,val,lips_masked,no_face_detected,2026-09-09T17:10:00
age34_017282.jpg,val,lips_masked,no_face_detected,2026-09-09T17:10:00
age72_030233.jpg,val,lips_masked,no_face_detected,2026-09-09T17:10:01
age20_025184.jpg,val,lips_masked,no_face_detected,2026-09-09T17:10:01
age4_051114.jpg,val,lips_masked,no_face_detected,2026-09-09T17:10:01
age54_032212.jpg,val,lips_masked,no_face_detected,2026-09-09T17:10:01
age30_014256.jpg,val,lips_masked,no_face_detected,2026-09-09T17:10:01
age72_028020.jpg,val,lips_masked,no_face_detected,2026-09-09T17:10:01
age53_047547.jpg,val,lips_masked,no_face_detected,2026-09-09T17:10:01
age64_080966.jpg,val,lips_masked,no_face_detected,2026-09-09T17:10:01
age4_051359.jpg,val,lips_masked,no_face_detected,2026-09-09T17:10:02
age31_015341.jpg,val,lips_masked,no_face_detected,2026-09-09T17:10:02
age33_020123.jpg,val,lips_masked,no_face_detected,2026-09-09T17:10:02
age68_034094.jpg,val,lips_masked,no_face_detected,2026-09-09T17:10:02
age38_068996.jpg,val,lips_masked,no_face_detected,2026-09-09T17:10:03
age4_050816.jpg,val,lips_masked,no_face_detected,2026-09-09T17:10:03
age34_003468.jpg,val,lips_masked,no_face_detected,2026-09-09T17:10:03
age67_031220.jpg,val,lips_masked,no_face_detected,2026-09-09T17:10:03
age8_009476.jpg,val,lips_masked,no_face_detected,2026-09-09T17:10:03
age55_077683.jpg,val,lips_masked,no_face_detected,2026-09-09T17:10:04
age18_016638.jpg,val,lips_masked,no_face_detected,2026-09-09T17:10:04
age38_068023.jpg,val,lips_masked,no_face_detected,2026-09-09T17:10:04
age0_051467.jpg,val,lips_masked,no_face_detected,2026-09-09T17:10:04
age6_009852.jpg,val,lips_masked,no_face_detected,2026-09-09T17:10:04
age20_057902.jpg,val,lips_masked,no_face_detected,2026-09-09T17:10:04
age47_038464.jpg,val,lips_masked,no_face_detected,2026-09-09T17:10:04
age33_015057.jpg,val,lips_masked,no_face_detected,2026-09-09T17:10:05
age4_051306.jpg,val,lips_masked,no_face_detected,2026-09-09T17:10:05
age21_056505.jpg,val,lips_masked,no_face_detected,2026-09-09T17:10:05
age61_079483.jpg,val,lips_masked,no_face_detected,2026-09-09T17:10:05
age50_043223.jpg,val,lips_masked,no_face_detected,2026-09-09T17:10:05
age44_019075.jpg,val,lips_masked,no_face_detected,2026-09-09T17:10:05
age66_031996.jpg,val,lips_masked,no_face_detected,2026-09-09T17:10:05
age34_014913.jpg,val,lips_masked,no_face_detected,2026-09-09T17:10:05
age40_065283.jpg,val,lips_masked,no_face_detected,2026-09-09T17:10:06
age17_016562.jpg,val,lips_masked,no_face_detected,2026-09-09T17:10:06
age41_061772.jpg,val,lips_masked,no_face_detected,2026-09-09T17:10:06
age15_072100.jpg,val,lips_masked,no_face_detected,2026-09-09T17:10:06
age21_055828.jpg,val,lips_masked,no_face_detected,2026-09-09T17:10:06
age73_029199.jpg,val,lips_masked,no_face_detected,2026-09-09T17:10:06
age20_074631.jpg,val,lips_masked,no_face_detected,2026-09-09T17:10:06
age21_058287.jpg,val,lips_masked,no_face_detected,2026-09-09T17:10:06
age9_004024.jpg,val,lips_masked,no_face_detected,2026-09-09T17:10:07
age10_007383.jpg,val,lips_masked,no_face_detected,2026-09-09T17:10:07
age30_023728.jpg,val,lips_masked,no_face_detected,2026-09-09T17:10:07
age27_025133.jpg,val,lips_masked,no_face_detected,2026-09-09T17:10:08
age33_016612.jpg,val,lips_masked,no_face_detected,2026-09-09T17:10:08
age48_037802.jpg,val,lips_masked,no_face_detected,2026-09-09T17:10:08
age10_012537.jpg,val,lips_masked,no_face_detected,2026-09-09T17:10:08
age47_038095.jpg,val,lips_masked,no_face_detected,2026-09-09T17:10:08
age6_006963.jpg,val,lips_masked,no_face_detected,2026-09-09T17:10:08
age34_014626.jpg,val,lips_masked,no_face_detected,2026-09-09T17:10:08
age17_006035.jpg,val,lips_masked,no_face_detected,2026-09-09T17:10:08
age5_012270.jpg,val,lips_masked,no_face_detected,2026-09-09T17:10:09
age54_045043.jpg,val,lips_masked,no_face_detected,2026-09-09T17:10:09
age4_050408.jpg,val,lips_masked,no_face_detected,2026-09-09T17:10:09
age34_019506.jpg,val,lips_masked,no_face_detected,2026-09-09T17:10:09
age40_063997.jpg,val,lips_masked,no_face_detected,2026-09-09T17:10:09
age37_061031.jpg,val,lips_masked,no_face_detected,2026-09-09T17:10:09
age53_047704.jpg,val,lips_masked,no_face_detected,2026-09-09T17:10:10
age37_069729.jpg,val,lips_masked,no_face_detected,2026-09-09T17:10:10
age29_014259.jpg,val,lips_masked,no_face_detected,2026-09-09T17:10:10
age41_064688.jpg,val,lips_masked,no_face_detected,2026-09-09T17:10:10
age34_019728.jpg,val,lips_masked,no_face_detected,2026-09-09T17:10:10
age41_062738.jpg,val,lips_masked,no_face_detected,2026-09-09T17:10:10
age10_001925.jpg,val,lips_masked,no_face_detected,2026-09-09T17:10:11
age40_063246.jpg,val,lips_masked,no_face_detected,2026-09-09T17:10:11
age70_029214.jpg,val,lips_masked,no_face_detected,2026-09-09T17:10:11
age11_006232.jpg,val,lips_masked,no_face_detected,2026-09-09T17:10:11
age65_081414.jpg,val,lips_masked,no_face_detected,2026-09-09T17:10:11
age37_066239.jpg,val,lips_masked,no_face_detected,2026-09-09T17:10:11
age67_032155.jpg,val,lips_masked,no_face_detected,2026-09-09T17:10:11
age69_034236.jpg,val,lips_masked,no_face_detected,2026-09-09T17:10:11
age4_053197.jpg,val,lips_masked,no_face_detected,2026-09-09T17:10:11
age6_000146.jpg,val,lips_masked,no_face_detected,2026-09-09T17:10:12
age6_013563.jpg,val,lips_masked,no_face_detected,2026-09-09T17:10:12
age38_069821.jpg,val,lips_masked,no_face_detected,2026-09-09T17:10:12
age38_067633.jpg,val,lips_masked,no_face_detected,2026-09-09T17:10:12
age41_060710.jpg,val,lips_masked,no_face_detected,2026-09-09T17:10:12
age31_020986.jpg,val,lips_masked,no_face_detected,2026-09-09T17:10:12
age15_006348.jpg,val,lips_masked,no_face_detected,2026-09-09T17:10:13
age50_044983.jpg,val,lips_masked,no_face_detected,2026-09-09T17:10:13
age30_015220.jpg,val,lips_masked,no_face_detected,2026-09-09T17:10:13
age6_009619.jpg,val,lips_masked,no_face_detected,2026-09-09T17:10:13
age40_063259.jpg,val,lips_masked,no_face_detected,2026-09-09T17:10:13
age41_063984.jpg,val,lips_masked,no_face_detected,2026-09-09T17:10:13
age34_020309.jpg,val,lips_masked,no_face_detected,2026-09-09T17:10:13
age21_056564.jpg,val,lips_masked,no_face_detected,2026-09-09T17:10:14
age6_010800.jpg,val,lips_masked,no_face_detected,2026-09-09T17:10:14
age61_079739.jpg,val,lips_masked,no_face_detected,2026-09-09T17:10:14
age41_063050.jpg,val,lips_masked,no_face_detected,2026-09-09T17:10:14
age11_003708.jpg,val,lips_masked,no_face_detected,2026-09-09T17:10:14
age48_042422.jpg,val,lips_masked,no_face_detected,2026-09-09T17:10:14
age5_010801.jpg,val,lips_masked,no_face_detected,2026-09-09T17:10:15
age23_017014.jpg,val,lips_masked,no_face_detected,2026-09-09T17:10:15
age61_080399.jpg,val,lips_masked,no_face_detected,2026-09-09T17:10:15
age40_020140.jpg,val,lips_masked,no_face_detected,2026-09-09T17:10:15
age11_000413.jpg,val,lips_masked,no_face_detected,2026-09-09T17:10:16
age69_032957.jpg,val,lips_masked,no_face_detected,2026-09-09T17:10:16
age36_068790.jpg,val,lips_masked,no_face_detected,2026-09-09T17:10:16
age10_011399.jpg,val,lips_masked,no_face_detected,2026-09-09T17:10:16
age40_065380.jpg,val,lips_masked,no_face_detected,2026-09-09T17:10:16
age27_022989.jpg,val,lips_masked,no_face_detected,2026-09-09T17:10:17
age53_046047.jpg,val,lips_masked,no_face_detected,2026-09-09T17:10:17
age2_054874.jpg,val,lips_masked,no_face_detected,2026-09-09T17:10:17
age41_015101.jpg,val,lips_masked,no_face_detected,2026-09-09T17:10:17
age4_052377.jpg,val,lips_masked,no_face_detected,2026-09-09T17:10:17
age58_078148.jpg,val,lips_masked,no_face_detected,2026-09-09T17:10:17
age54_004426.jpg,val,lips_masked,no_face_detected,2026-09-09T17:10:17
age27_018048.jpg,val,lips_masked,no_face_detected,2026-09-09T17:10:17
age58_062267.jpg,val,lips_masked,no_face_detected,2026-09-09T17:10:18
age41_064092.jpg,val,lips_masked,no_face_detected,2026-09-09T17:10:18
age10_000369.jpg,val,lips_masked,no_face_detected,2026-09-09T17:10:18
age50_039476.jpg,val,lips_masked,no_face_detected,2026-09-09T17:10:15
age70_028508.jpg,val,lips_masked,no_face_detected,2026-09-09T17:10:15
age68_031806.jpg,val,lips_masked,no_face_detected,2026-09-09T17:10:16
age4_054472.jpg,val,lips_masked,no_face_detected,2026-09-09T17:10:16
age50_048933.jpg,val,lips_masked,no_face_detected,2026-09-09T17:10:16
age58_079212.jpg,val,lips_masked,no_face_detected,2026-09-09T17:10:16
age50_036853.jpg,val,lips_masked,no_face_detected,2026-09-09T17:10:16
age72_028160.jpg,val,lips_masked,no_face_detected,2026-09-09T17:10:16
age66_032859.jpg,val,lips_masked,no_face_detected,2026-09-09T17:10:16
age83_036239.jpg,val,lips_masked,no_face_detected,2026-09-09T17:10:16
age25_056678.jpg,val,lips_masked,no_face_detected,2026-09-09T17:10:16
age41_063945.jpg,val,lips_masked,no_face_detected,2026-09-09T17:10:17
age31_016194.jpg,val,lips_masked,no_face_detected,2026-09-09T17:10:17
age21_022748.jpg,val,lips_masked,no_face_detected,2026-09-09T17:10:17
age37_067250.jpg,val,lips_masked,no_face_detected,2026-09-09T17:10:17
age36_070084.jpg,val,lips_masked,no_face_detected,2026-09-09T17:10:17
age64_076250.jpg,val,lips_masked,no_face_detected,2026-09-09T17:10:17
age6_010791.jpg,val,lips_masked,no_face_detected,2026-09-09T17:10:17
age72_027715.jpg,val,lips_masked,no_face_detected,2026-09-09T17:10:18
age54_049381.jpg,val,lips_masked,no_face_detected,2026-09-09T17:10:18
age6_013183.jpg,val,lips_masked,no_face_detected,2026-09-09T17:10:18
age57_075202.jpg,val,lips_masked,no_face_detected,2026-09-09T17:10:19
age48_043157.jpg,val,lips_masked,no_face_detected,2026-09-09T17:10:19
age62_080421.jpg,val,lips_masked,no_face_detected,2026-09-09T17:10:19
age64_079289.jpg,val,lips_masked,no_face_detected,2026-09-09T17:10:19
age41_062975.jpg,val,lips_masked,no_face_detected,2026-09-09T17:10:19
age63_030659.jpg,val,lips_masked,no_face_detected,2026-09-09T17:10:20
age31_019913.jpg,val,lips_masked,no_face_detected,2026-09-09T17:10:20
age77_083328.jpg,val,lips_masked,no_face_detected,2026-09-09T17:10:20
age27_026039.jpg,val,lips_masked,no_face_detected,2026-09-09T17:10:20
age37_069882.jpg,val,lips_masked,no_face_detected,2026-09-09T17:10:20
age2_054602.jpg,val,lips_masked,no_face_detected,2026-09-09T17:10:20
age54_045391.jpg,val,lips_masked,no_face_detected,2026-09-09T17:10:20
age22_056877.jpg,val,lips_masked,no_face_detected,2026-09-09T17:10:20
age65_081994.jpg,val,lips_masked,no_face_detected,2026-09-09T17:10:20
age12_004425.jpg,val,lips_masked,no_face_detected,2026-09-09T17:10:20
age18_072532.jpg,val,lips_masked,no_face_detected,2026-09-09T17:10:20
age31_020938.jpg,val,lips_masked,no_face_detected,2026-09-09T17:10:21
age31_015628.jpg,val,lips_masked,no_face_detected,2026-09-09T17:10:21
age27_025552.jpg,val,lips_masked,no_face_detected,2026-09-09T17:10:21
age6_011965.jpg,val,lips_masked,no_face_detected,2026-09-09T17:10:21
age27_024795.jpg,val,lips_masked,no_face_detected,2026-09-09T17:10:21
age60_075126.jpg,val,lips_masked,no_face_detected,2026-09-09T17:10:21
age18_074798.jpg,val,lips_masked,no_face_detected,2026-09-09T17:10:22
79_0_2_20170105174927254.jpg,val,lips_masked,no_face_detected,2026-09-09T17:10:22
age36_069249.jpg,val,lips_masked,no_face_detected,2026-09-09T17:10:22
age11_003249.jpg,val,lips_masked,no_face_detected,2026-09-09T17:10:22
age22_057786.jpg,val,lips_masked,no_face_detected,2026-09-09T17:10:22
age41_063819.jpg,val,lips_masked,no_face_detected,2026-09-09T17:10:23
age27_024898.jpg,val,lips_masked,no_face_detected,2026-09-09T17:10:23
age10_000764.jpg,val,lips_masked,no_face_detected,2026-09-09T17:10:23
age55_047287.jpg,val,lips_masked,no_face_detected,2026-09-09T17:10:23
age22_058358.jpg,val,lips_masked,no_face_detected,2026-09-09T17:10:23
age41_050003.jpg,val,lips_masked,no_face_detected,2026-09-09T17:10:24
age37_064282.jpg,val,lips_masked,no_face_detected,2026-09-09T17:10:24
age31_020361.jpg,val,lips_masked,no_face_detected,2026-09-09T17:10:24
age18_072680.jpg,val,lips_masked,no_face_detected,2026-09-09T17:10:24
age27_022689.jpg,val,lips_masked,no_face_detected,2026-09-09T17:10:24
age38_067404.jpg,val,lips_masked,no_face_detected,2026-09-09T17:10:24
age55_035066.jpg,val,lips_masked,no_face_detected,2026-09-09T17:10:25
age60_026551.jpg,val,lips_masked,no_face_detected,2026-09-09T17:10:25
age21_060007.jpg,val,lips_masked,no_face_detected,2026-09-09T17:10:25
age21_058255.jpg,val,lips_masked,no_face_detected,2026-09-09T17:10:25
age50_049577.jpg,val,lips_masked,no_face_detected,2026-09-09T17:10:26
age57_078711.jpg,val,lips_masked,no_face_detected,2026-09-09T17:10:26
age62_082494.jpg,val,lips_masked,no_face_detected,2026-09-09T17:10:26
age58_078913.jpg,val,lips_masked,no_face_detected,2026-09-09T17:10:26
age62_082327.jpg,val,lips_masked,no_face_detected,2026-09-09T17:10:26
age69_031564.jpg,val,lips_masked,no_face_detected,2026-09-09T17:10:26
age57_075324.jpg,val,lips_masked,no_face_detected,2026-09-09T17:10:26
age40_023246.jpg,val,lips_masked,no_face_detected,2026-09-09T17:10:26
age64_034833.jpg,val,lips_masked,no_face_detected,2026-09-09T17:10:27
age20_057120.jpg,val,lips_masked,no_face_detected,2026-09-09T17:10:27
age36_070473.jpg,val,lips_masked,no_face_detected,2026-09-09T17:10:27
age18_071557.jpg,val,lips_masked,no_face_detected,2026-09-09T17:10:27
age21_058110.jpg,val,lips_masked,no_face_detected,2026-09-09T17:10:27
age38_069557.jpg,val,lips_masked,no_face_detected,2026-09-09T17:10:27
age10_003680.jpg,val,lips_masked,no_face_detected,2026-09-09T17:10:28
age61_080244.jpg,val,lips_masked,no_face_detected,2026-09-09T17:10:28
age61_081603.jpg,val,lips_masked,no_face_detected,2026-09-09T17:10:28
age27_025353.jpg,val,lips_masked,no_face_detected,2026-09-09T17:10:28
age11_002440.jpg,val,lips_masked,no_face_detected,2026-09-09T17:10:29
age25_058671.jpg,val,lips_masked,no_face_detected,2026-09-09T17:10:29
age73_029155.jpg,val,lips_masked,no_face_detected,2026-09-09T17:10:29
age56_015975.jpg,val,lips_masked,no_face_detected,2026-09-09T17:10:29
age50_048219.jpg,val,lips_masked,no_face_detected,2026-09-09T17:10:29
age50_045976.jpg,val,lips_masked,no_face_detected,2026-09-09T17:10:30
age50_047546.jpg,val,lips_masked,no_face_detected,2026-09-09T17:10:30
age21_058707.jpg,val,lips_masked,no_face_detected,2026-09-09T17:10:30
age17_074415.jpg,val,lips_masked,no_face_detected,2026-09-09T17:10:30
age48_029956.jpg,val,lips_masked,no_face_detected,2026-09-09T17:10:30
age37_065738.jpg,val,lips_masked,no_face_detected,2026-09-09T17:10:30
age54_045895.jpg,val,lips_masked,no_face_detected,2026-09-09T17:10:30
age4_052347.jpg,val,lips_masked,no_face_detected,2026-09-09T17:10:31
age65_031702.jpg,val,lips_masked,no_face_detected,2026-09-09T17:10:31
age27_021485.jpg,val,lips_masked,no_face_detected,2026-09-09T17:10:31
age54_047392.jpg,val,lips_masked,no_face_detected,2026-09-09T17:10:31
age73_027450.jpg,val,lips_masked,no_face_detected,2026-09-09T17:10:31
age30_017729.jpg,val,lips_masked,no_face_detected,2026-09-09T17:10:31
age70_036247.jpg,val,lips_masked,no_face_detected,2026-09-09T17:10:31
age30_026468.jpg,val,lips_masked,no_face_detected,2026-09-09T17:10:31
age61_081490.jpg,val,lips_masked,no_face_detected,2026-09-09T17:10:32
age48_037253.jpg,val,lips_masked,no_face_detected,2026-09-09T17:10:32
age21_058530.jpg,val,lips_masked,no_face_detected,2026-09-09T17:10:32
age34_019135.jpg,val,lips_masked,no_face_detected,2026-09-09T17:10:32
age6_011697.jpg,val,lips_masked,no_face_detected,2026-09-09T17:10:32
age40_017286.jpg,val,lips_masked,no_face_detected,2026-09-09T17:10:32
age27_026249.jpg,val,lips_masked,no_face_detected,2026-09-09T17:10:32
age11_005215.jpg,val,lips_masked,no_face_detected,2026-09-09T17:10:33
age6_008407.jpg,val,lips_masked,no_face_detected,2026-09-09T17:10:33
age38_068743.jpg,val,lips_masked,no_face_detected,2026-09-09T17:10:33
age45_062578.jpg,val,lips_masked,no_face_detected,2026-09-09T17:10:33
age50_048690.jpg,val,lips_masked,no_face_detected,2026-09-09T17:10:33
age76_082900.jpg,val,lips_masked,no_face_detected,2026-09-09T17:10:33
age4_050721.jpg,val,lips_masked,no_face_detected,2026-09-09T17:10:33
age41_064893.jpg,val,lips_masked,no_face_detected,2026-09-09T17:10:33
age11_004399.jpg,val,lips_masked,no_face_detected,2026-09-09T17:10:33
age20_056316.jpg,val,lips_masked,no_face_detected,2026-09-09T17:10:33
age63_014714.jpg,val,lips_masked,no_face_detected,2026-09-09T17:10:33
age24_021223.jpg,val,lips_masked,no_face_detected,2026-09-09T17:10:34
age30_018280.jpg,val,lips_masked,no_face_detected,2026-09-09T17:10:34
age2_054956.jpg,val,lips_masked,no_face_detected,2026-09-09T17:10:34
age73_030061.jpg,val,lips_masked,no_face_detected,2026-09-09T17:10:34
age37_070082.jpg,val,lips_masked,no_face_detected,2026-09-09T17:10:34
age36_028106.jpg,val,lips_masked,no_face_detected,2026-09-09T17:10:35
age38_067063.jpg,val,lips_masked,no_face_detected,2026-09-09T17:10:35
age36_067474.jpg,val,lips_masked,no_face_detected,2026-09-09T17:10:35
age55_015911.jpg,val,lips_masked,no_face_detected,2026-09-09T17:10:35
age48_042806.jpg,val,lips_masked,no_face_detected,2026-09-09T17:10:35
age65_032504.jpg,val,lips_masked,no_face_detected,2026-09-09T17:10:35
age31_017783.jpg,val,lips_masked,no_face_detected,2026-09-09T17:10:35
age49_038896.jpg,val,lips_masked,no_face_detected,2026-09-09T17:10:36
age52_046245.jpg,val,lips_masked,no_face_detected,2026-09-09T17:10:36
age48_041610.jpg,val,lips_masked,no_face_detected,2026-09-09T17:10:36
age20_074344.jpg,val,lips_masked,no_face_detected,2026-09-09T17:10:36
age53_048618.jpg,val,lips_masked,no_face_detected,2026-09-09T17:10:36
age19_071402.jpg,val,lips_masked,no_face_detected,2026-09-09T17:10:36
age67_034750.jpg,val,lips_masked,no_face_detected,2026-09-09T17:10:36
age68_035013.jpg,val,lips_masked,no_face_detected,2026-09-09T17:10:36
age72_029592.jpg,val,lips_masked,no_face_detected,2026-09-09T17:10:36
age50_047904.jpg,val,lips_masked,no_face_detected,2026-09-09T17:10:37
age10_002415.jpg,val,lips_masked,no_face_detected,2026-09-09T17:10:37
age40_067851.jpg,val,lips_masked,no_face_detected,2026-09-09T17:10:37
age22_056212.jpg,val,lips_masked,no_face_detected,2026-09-09T17:10:37
age8_005480.jpg,val,lips_masked,no_face_detected,2026-09-09T17:10:37
age19_073887.jpg,val,lips_masked,no_face_detected,2026-09-09T17:10:37
age41_064150.jpg,val,lips_masked,no_face_detected,2026-09-09T17:10:38
age86_027266.jpg,val,lips_masked,no_face_detected,2026-09-09T17:10:38
age48_042412.jpg,val,lips_masked,no_face_detected,2026-09-09T17:10:38
age6_012392.jpg,val,lips_masked,no_face_detected,2026-09-09T17:10:38
age61_081894.jpg,val,lips_masked,no_face_detected,2026-09-09T17:10:38
age57_078603.jpg,val,lips_masked,no_face_detected,2026-09-09T17:10:39
age15_006031.jpg,val,lips_masked,no_face_detected,2026-09-09T17:10:39
age58_076371.jpg,val,lips_masked,no_face_detected,2026-09-09T17:10:39
age22_058400.jpg,val,lips_masked,no_face_detected,2026-09-09T17:10:39
age41_061003.jpg,val,lips_masked,no_face_detected,2026-09-09T17:10:39
age72_028782.jpg,val,lips_masked,no_face_detected,2026-09-09T17:10:39
age62_045429.jpg,val,lips_masked,no_face_detected,2026-09-09T17:10:39
age15_003099.jpg,val,lips_masked,no_face_detected,2026-09-09T17:10:39
age61_082158.jpg,val,lips_masked,no_face_detected,2026-09-09T17:10:40
age60_079843.jpg,val,lips_masked,no_face_detected,2026-09-09T17:10:40
age4_053467.jpg,val,lips_masked,no_face_detected,2026-09-09T17:10:40
age17_073269.jpg,val,lips_masked,no_face_detected,2026-09-09T17:10:40
age20_059268.jpg,val,lips_masked,no_face_detected,2026-09-09T17:10:41
age27_022516.jpg,val,lips_masked,no_face_detected,2026-09-09T17:10:41
age78_083308.jpg,val,lips_masked,no_face_detected,2026-09-09T17:10:41
age20_071836.jpg,val,lips_masked,no_face_detected,2026-09-09T17:10:41
age61_082024.jpg,val,lips_masked,no_face_detected,2026-09-09T17:10:41
age91_027311.jpg,val,lips_masked,no_face_detected,2026-09-09T17:10:41
age47_040914.jpg,val,lips_masked,no_face_detected,2026-09-09T17:10:41
age40_061140.jpg,val,lips_masked,no_face_detected,2026-09-09T17:10:42
age38_066834.jpg,val,lips_masked,no_face_detected,2026-09-09T17:10:42
age58_003117.jpg,val,lips_masked,no_face_detected,2026-09-09T17:10:42
age57_076594.jpg,val,lips_masked,no_face_detected,2026-09-09T17:10:42
age53_047753.jpg,val,lips_masked,no_face_detected,2026-09-09T17:10:42
age33_014588.jpg,val,lips_masked,no_face_detected,2026-09-09T17:10:43
age60_077963.jpg,val,lips_masked,no_face_detected,2026-09-09T17:10:43
age69_034415.jpg,val,lips_masked,no_face_detected,2026-09-09T17:10:43
age6_008162.jpg,val,lips_masked,no_face_detected,2026-09-09T17:10:43
age75_027425.jpg,val,lips_masked,no_face_detected,2026-09-09T17:10:43
age66_036351.jpg,val,lips_masked,no_face_detected,2026-09-09T17:10:44
age54_045607.jpg,val,lips_masked,no_face_detected,2026-09-09T17:10:44
age71_028511.jpg,val,lips_masked,no_face_detected,2026-09-09T17:10:44
age67_033156.jpg,val,lips_masked,no_face_detected,2026-09-09T17:10:44
age11_000156.jpg,val,lips_masked,no_face_detected,2026-09-09T17:10:44
age10_012842.jpg,val,lips_masked,no_face_detected,2026-09-09T17:10:44
age17_010085.jpg,val,lips_masked,no_face_detected,2026-09-09T17:10:45
age80_083063.jpg,val,lips_masked,no_face_detected,2026-09-09T17:10:45
age31_020920.jpg,val,lips_masked,no_face_detected,2026-09-09T17:10:45
age38_025174.jpg,val,lips_masked,no_face_detected,2026-09-09T17:10:45
age41_064724.jpg,val,lips_masked,no_face_detected,2026-09-09T17:10:45
age27_009659.jpg,val,lips_masked,no_face_detected,2026-09-09T17:10:45
age46_012374.jpg,val,lips_masked,no_face_detected,2026-09-09T17:10:45
age57_076737.jpg,val,lips_masked,no_face_detected,2026-09-09T17:10:45
age10_008788.jpg,val,lips_masked,no_face_detected,2026-09-09T17:10:45
age57_079095.jpg,val,lips_masked,no_face_detected,2026-09-09T17:10:46
age12_004064.jpg,val,lips_masked,no_face_detected,2026-09-09T17:10:46
age19_020570.jpg,val,lips_masked,no_face_detected,2026-09-09T17:10:46
age15_074905.jpg,val,lips_masked,no_face_detected,2026-09-09T17:10:46
age37_067396.jpg,val,lips_masked,no_face_detected,2026-09-09T17:10:46
age38_066462.jpg,val,lips_masked,no_face_detected,2026-09-09T17:10:46
age3_054331.jpg,val,lips_masked,no_face_detected,2026-09-09T17:10:46
age47_037546.jpg,val,lips_masked,no_face_detected,2026-09-09T17:10:46
age68_031246.jpg,val,lips_masked,no_face_detected,2026-09-09T17:10:47
age46_036876.jpg,val,lips_masked,no_face_detected,2026-09-09T17:10:47
age20_059314.jpg,val,lips_masked,no_face_detected,2026-09-09T17:10:47
age38_069063.jpg,val,lips_masked,no_face_detected,2026-09-09T17:10:47
age60_041159.jpg,val,lips_masked,no_face_detected,2026-09-09T17:10:47
age42_060800.jpg,val,lips_masked,no_face_detected,2026-09-09T17:10:48
age19_071096.jpg,val,lips_masked,no_face_detected,2026-09-09T17:10:45
age25_026784.jpg,val,lips_masked,no_face_detected,2026-09-09T17:10:45
age65_081997.jpg,val,lips_masked,no_face_detected,2026-09-09T17:10:45
age27_022217.jpg,val,lips_masked,no_face_detected,2026-09-09T17:10:45
age66_032198.jpg,val,lips_masked,no_face_detected,2026-09-09T17:10:45
age4_053404.jpg,val,lips_masked,no_face_detected,2026-09-09T17:10:45
age6_010660.jpg,val,lips_masked,no_face_detected,2026-09-09T17:10:45
age10_005362.jpg,val,lips_masked,no_face_detected,2026-09-09T17:10:46
age55_076004.jpg,val,lips_masked,no_face_detected,2026-09-09T17:10:46
age44_033139.jpg,val,lips_masked,no_face_detected,2026-09-09T17:10:46
age79_083629.jpg,val,lips_masked,no_face_detected,2026-09-09T17:10:46
age40_059981.jpg,val,lips_masked,no_face_detected,2026-09-09T17:10:46
age48_042920.jpg,val,lips_masked,no_face_detected,2026-09-09T17:10:46
age66_036812.jpg,val,lips_masked,no_face_detected,2026-09-09T17:10:46
age27_019914.jpg,val,lips_masked,no_face_detected,2026-09-09T17:10:47
age54_049302.jpg,val,lips_masked,no_face_detected,2026-09-09T17:10:47
age8_011082.jpg,val,lips_masked,no_face_detected,2026-09-09T17:10:47
age18_073551.jpg,val,lips_masked,no_face_detected,2026-09-09T17:10:47
age10_002398.jpg,val,lips_masked,no_face_detected,2026-09-09T17:10:47
age28_024663.jpg,val,lips_masked,no_face_detected,2026-09-09T17:10:47
age55_044541.jpg,val,lips_masked,no_face_detected,2026-09-09T17:10:47
age75_082998.jpg,val,lips_masked,no_face_detected,2026-09-09T17:10:47
age66_036782.jpg,val,lips_masked,no_face_detected,2026-09-09T17:10:48
age27_024790.jpg,val,lips_masked,no_face_detected,2026-09-09T17:10:48
age18_074085.jpg,val,lips_masked,no_face_detected,2026-09-09T17:10:48
age57_075105.jpg,val,lips_masked,no_face_detected,2026-09-09T17:10:48
age37_011870.jpg,val,lips_masked,no_face_detected,2026-09-09T17:10:48
age61_080295.jpg,val,lips_masked,no_face_detected,2026-09-09T17:10:48
age34_014074.jpg,val,lips_masked,no_face_detected,2026-09-09T17:10:48
age61_033965.jpg,val,lips_masked,no_face_detected,2026-09-09T17:10:49
age48_042280.jpg,val,lips_masked,no_face_detected,2026-09-09T17:10:49
age48_042628.jpg,val,lips_masked,no_face_detected,2026-09-09T17:10:49
age55_044679.jpg,val,lips_masked,no_face_detected,2026-09-09T17:10:49
age27_023689.jpg,val,lips_masked,no_face_detected,2026-09-09T17:10:49
age42_061750.jpg,val,lips_masked,no_face_detected,2026-09-09T17:10:49
age38_070331.jpg,val,lips_masked,no_face_detected,2026-09-09T17:10:50
age59_064238.jpg,val,lips_masked,no_face_detected,2026-09-09T17:10:50
age5_053453.jpg,val,lips_masked,no_face_detected,2026-09-09T17:10:50
age6_009858.jpg,val,lips_masked,no_face_detected,2026-09-09T17:10:50
age47_044246.jpg,val,lips_masked,no_face_detected,2026-09-09T17:10:50
age53_050188.jpg,val,lips_masked,no_face_detected,2026-09-09T17:10:50
age40_069946.jpg,val,lips_masked,no_face_detected,2026-09-09T17:10:50
age37_065547.jpg,val,lips_masked,no_face_detected,2026-09-09T17:10:50
age38_068993.jpg,val,lips_masked,no_face_detected,2026-09-09T17:10:51
age37_066806.jpg,val,lips_masked,no_face_detected,2026-09-09T17:10:51
age31_014085.jpg,val,lips_masked,no_face_detected,2026-09-09T17:10:51
age6_001648.jpg,val,lips_masked,no_face_detected,2026-09-09T17:10:51
age25_021480.jpg,val,lips_masked,no_face_detected,2026-09-09T17:10:51
age6_012114.jpg,val,lips_masked,no_face_detected,2026-09-09T17:10:51
age67_033514.jpg,val,lips_masked,no_face_detected,2026-09-09T17:10:52
age31_013876.jpg,val,lips_masked,no_face_detected,2026-09-09T17:10:52
age31_013862.jpg,val,lips_masked,no_face_detected,2026-09-09T17:10:52
age25_025595.jpg,val,lips_masked,no_face_detected,2026-09-09T17:10:52
age38_068567.jpg,val,lips_masked,no_face_detected,2026-09-09T17:10:52
age31_017471.jpg,val,lips_masked,no_face_detected,2026-09-09T17:10:52
age61_044849.jpg,val,lips_masked,no_face_detected,2026-09-09T17:10:52
age40_070238.jpg,val,lips_masked,no_face_detected,2026-09-09T17:10:52
age45_037890.jpg,val,lips_masked,no_face_detected,2026-09-09T17:10:52
age57_077623.jpg,val,lips_masked,no_face_detected,2026-09-09T17:10:53
age54_049821.jpg,val,lips_masked,no_face_detected,2026-09-09T17:10:53
age57_071999.jpg,val,lips_masked,no_face_detected,2026-09-09T17:10:53
age62_081642.jpg,val,lips_masked,no_face_detected,2026-09-09T17:10:53
age65_080805.jpg,val,lips_masked,no_face_detected,2026-09-09T17:10:53
age33_017477.jpg,val,lips_masked,no_face_detected,2026-09-09T17:10:53
age6_011626.jpg,val,lips_masked,no_face_detected,2026-09-09T17:10:53
age61_082662.jpg,val,lips_masked,no_face_detected,2026-09-09T17:10:53
age20_071440.jpg,val,lips_masked,no_face_detected,2026-09-09T17:10:53
age55_047336.jpg,val,lips_masked,no_face_detected,2026-09-09T17:10:54
age40_062391.jpg,val,lips_masked,no_face_detected,2026-09-09T17:10:54
age66_031351.jpg,val,lips_masked,no_face_detected,2026-09-09T17:10:54
age36_070247.jpg,val,lips_masked,no_face_detected,2026-09-09T17:10:54
age15_073983.jpg,val,lips_masked,no_face_detected,2026-09-09T17:10:54
age76_036270.jpg,val,lips_masked,no_face_detected,2026-09-09T17:10:54
age27_025510.jpg,val,lips_masked,no_face_detected,2026-09-09T17:10:54
age31_016159.jpg,val,lips_masked,no_face_detected,2026-09-09T17:10:54
age54_048787.jpg,val,lips_masked,no_face_detected,2026-09-09T17:10:55
age62_079916.jpg,val,lips_masked,no_face_detected,2026-09-09T17:10:55
age13_000238.jpg,val,lips_masked,no_face_detected,2026-09-09T17:10:55
age21_056060.jpg,val,lips_masked,no_face_detected,2026-09-09T17:10:55
age6_008337.jpg,val,lips_masked,no_face_detected,2026-09-09T17:10:55
age62_079616.jpg,val,lips_masked,no_face_detected,2026-09-09T17:10:55
age60_079760.jpg,val,lips_masked,no_face_detected,2026-09-09T17:10:56
age21_060095.jpg,val,lips_masked,no_face_detected,2026-09-09T17:10:56
age58_077809.jpg,val,lips_masked,no_face_detected,2026-09-09T17:10:56
age10_006657.jpg,val,lips_masked,no_face_detected,2026-09-09T17:10:56
age18_071100.jpg,val,lips_masked,no_face_detected,2026-09-09T17:10:56
age77_082754.jpg,val,lips_masked,no_face_detected,2026-09-09T17:10:56
age27_025712.jpg,val,lips_masked,no_face_detected,2026-09-09T17:10:56
age20_056682.jpg,val,lips_masked,no_face_detected,2026-09-09T17:10:56
age31_019522.jpg,val,lips_masked,no_face_detected,2026-09-09T17:10:57
age45_060739.jpg,val,lips_masked,no_face_detected,2026-09-09T17:10:57
age42_062506.jpg,val,lips_masked,no_face_detected,2026-09-09T17:10:57
age37_066700.jpg,val,lips_masked,no_face_detected,2026-09-09T17:10:57
age40_068667.jpg,val,lips_masked,no_face_detected,2026-09-09T17:10:57
age4_053848.jpg,val,lips_masked,no_face_detected,2026-09-09T17:10:57
age37_066431.jpg,val,lips_masked,no_face_detected,2026-09-09T17:10:57
age10_003988.jpg,val,lips_masked,no_face_detected,2026-09-09T17:10:58
age65_033892.jpg,val,lips_masked,no_face_detected,2026-09-09T17:10:58
age31_019425.jpg,val,lips_masked,no_face_detected,2026-09-09T17:10:58
age54_049622.jpg,val,lips_masked,no_face_detected,2026-09-09T17:10:58
age41_063370.jpg,val,lips_masked,no_face_detected,2026-09-09T17:10:58
age31_017201.jpg,val,lips_masked,no_face_detected,2026-09-09T17:10:59
age38_066740.jpg,val,lips_masked,no_face_detected,2026-09-09T17:10:59
age68_033272.jpg,val,lips_masked,no_face_detected,2026-09-09T17:10:59
age53_031807.jpg,val,lips_masked,no_face_detected,2026-09-09T17:11:00
age60_077172.jpg,val,lips_masked,no_face_detected,2026-09-09T17:11:00
age42_062289.jpg,val,lips_masked,no_face_detected,2026-09-09T17:11:00
age34_018053.jpg,val,lips_masked,no_face_detected,2026-09-09T17:11:00
age34_017484.jpg,val,lips_masked,no_face_detected,2026-09-09T17:11:00
age40_069438.jpg,val,lips_masked,no_face_detected,2026-09-09T17:11:00
age37_065083.jpg,val,lips_masked,no_face_detected,2026-09-09T17:11:01
age74_030205.jpg,val,lips_masked,no_face_detected,2026-09-09T17:11:01
age67_036647.jpg,val,lips_masked,no_face_detected,2026-09-09T17:11:01
age57_076869.jpg,val,lips_masked,no_face_detected,2026-09-09T17:11:01
age10_006896.jpg,val,lips_masked,no_face_detected,2026-09-09T17:11:02
age31_016525.jpg,val,lips_masked,no_face_detected,2026-09-09T17:11:02
age27_026894.jpg,val,lips_masked,no_face_detected,2026-09-09T17:11:02
age7_008082.jpg,val,lips_masked,no_face_detected,2026-09-09T17:11:02
age22_040064.jpg,val,lips_masked,no_face_detected,2026-09-09T17:11:02
age27_025471.jpg,val,lips_masked,no_face_detected,2026-09-09T17:11:02
age37_069712.jpg,val,lips_masked,no_face_detected,2026-09-09T17:11:03
age74_027447.jpg,val,lips_masked,no_face_detected,2026-09-09T17:11:03
age6_008081.jpg,val,lips_masked,no_face_detected,2026-09-09T17:11:03
age55_075144.jpg,val,lips_masked,no_face_detected,2026-09-09T17:11:03
age37_068909.jpg,val,lips_masked,no_face_detected,2026-09-09T17:11:03
age34_019538.jpg,val,lips_masked,no_face_detected,2026-09-09T17:11:03
age79_036269.jpg,val,lips_masked,no_face_detected,2026-09-09T17:11:03
age79_083170.jpg,val,lips_masked,no_face_detected,2026-09-09T17:11:03
age26_011759.jpg,val,lips_masked,no_face_detected,2026-09-09T17:11:03
age38_065245.jpg,val,lips_masked,no_face_detected,2026-09-09T17:11:03
age6_010194.jpg,val,lips_masked,no_face_detected,2026-09-09T17:11:04
age34_018898.jpg,val,lips_masked,no_face_detected,2026-09-09T17:11:04
age31_014773.jpg,val,lips_masked,no_face_detected,2026-09-09T17:11:04
age38_067581.jpg,val,lips_masked,no_face_detected,2026-09-09T17:11:04
age45_062204.jpg,val,lips_masked,no_face_detected,2026-09-09T17:11:04
age57_075113.jpg,val,lips_masked,no_face_detected,2026-09-09T17:11:04
age27_023793.jpg,val,lips_masked,no_face_detected,2026-09-09T17:11:04
age40_062950.jpg,val,lips_masked,no_face_detected,2026-09-09T17:11:04
age27_023094.jpg,val,lips_masked,no_face_detected,2026-09-09T17:11:05
age12_001310.jpg,val,lips_masked,no_face_detected,2026-09-09T17:11:05
age36_068200.jpg,val,lips_masked,no_face_detected,2026-09-09T17:11:05
age47_040608.jpg,val,lips_masked,no_face_detected,2026-09-09T17:11:05
age58_078497.jpg,val,lips_masked,no_face_detected,2026-09-09T17:11:05
age10_011366.jpg,val,lips_masked,no_face_detected,2026-09-09T17:11:05
age70_030881.jpg,val,lips_masked,no_face_detected,2026-09-09T17:11:05
age67_035386.jpg,val,lips_masked,no_face_detected,2026-09-09T17:11:05
age17_071689.jpg,val,lips_masked,no_face_detected,2026-09-09T17:11:05
age37_065299.jpg,val,lips_masked,no_face_detected,2026-09-09T17:11:05
age55_075409.jpg,val,lips_masked,no_face_detected,2026-09-09T17:11:06
age57_078518.jpg,val,lips_masked,no_face_detected,2026-09-09T17:11:06
age47_040750.jpg,val,lips_masked,no_face_detected,2026-09-09T17:11:06
age54_049719.jpg,val,lips_masked,no_face_detected,2026-09-09T17:11:06
age12_003496.jpg,val,lips_masked,no_face_detected,2026-09-09T17:11:06
age27_021454.jpg,val,lips_masked,no_face_detected,2026-09-09T17:11:06
age65_034436.jpg,val,lips_masked,no_face_detected,2026-09-09T17:11:06
age27_023903.jpg,val,lips_masked,no_face_detected,2026-09-09T17:11:06
age78_082856.jpg,val,lips_masked,no_face_detected,2026-09-09T17:11:06
age37_067824.jpg,val,lips_masked,no_face_detected,2026-09-09T17:11:07
age2_054465.jpg,val,lips_masked,no_face_detected,2026-09-09T17:11:07
age54_045903.jpg,val,lips_masked,no_face_detected,2026-09-09T17:11:07
age31_019689.jpg,val,lips_masked,no_face_detected,2026-09-09T17:11:07
age41_062630.jpg,val,lips_masked,no_face_detected,2026-09-09T17:11:07
age50_041277.jpg,val,lips_masked,no_face_detected,2026-09-09T17:11:08
age58_076355.jpg,val,lips_masked,no_face_detected,2026-09-09T17:11:08
age21_056533.jpg,val,lips_masked,no_face_detected,2026-09-09T17:11:08
age37_065715.jpg,val,lips_masked,no_face_detected,2026-09-09T17:11:08
age53_046097.jpg,val,lips_masked,no_face_detected,2026-09-09T17:11:08
age10_010516.jpg,val,lips_masked,no_face_detected,2026-09-09T17:11:08
age34_018349.jpg,val,lips_masked,no_face_detected,2026-09-09T17:11:09
age41_061895.jpg,val,lips_masked,no_face_detected,2026-09-09T17:11:09
age61_081329.jpg,val,lips_masked,no_face_detected,2026-09-09T17:11:09
age25_056585.jpg,val,lips_masked,no_face_detected,2026-09-09T17:11:09
age27_026995.jpg,val,lips_masked,no_face_detected,2026-09-09T17:11:09
age67_032080.jpg,val,lips_masked,no_face_detected,2026-09-09T17:11:09
age27_024944.jpg,val,lips_masked,no_face_detected,2026-09-09T17:11:10
age37_069275.jpg,val,lips_masked,no_face_detected,2026-09-09T17:11:10
age54_045718.jpg,val,lips_masked,no_face_detected,2026-09-09T17:11:10
age31_019793.jpg,val,lips_masked,no_face_detected,2026-09-09T17:11:10
age65_035926.jpg,val,lips_masked,no_face_detected,2026-09-09T17:11:10
age11_002341.jpg,val,lips_masked,no_face_detected,2026-09-09T17:11:10
age6_009602.jpg,val,lips_masked,no_face_detected,2026-09-09T17:11:10
age41_060774.jpg,val,lips_masked,no_face_detected,2026-09-09T17:11:11
age4_050884.jpg,val,lips_masked,no_face_detected,2026-09-09T17:11:11
age61_080020.jpg,val,lips_masked,no_face_detected,2026-09-09T17:11:11
age48_042963.jpg,val,lips_masked,no_face_detected,2026-09-09T17:11:11
age58_077943.jpg,val,lips_masked,no_face_detected,2026-09-09T17:11:11
age38_038897.jpg,val,lips_masked,no_face_detected,2026-09-09T17:11:12
age21_057600.jpg,val,lips_masked,no_face_detected,2026-09-09T17:11:12
age38_064996.jpg,val,lips_masked,no_face_detected,2026-09-09T17:11:12
age10_011989.jpg,val,lips_masked,no_face_detected,2026-09-09T17:11:12
age60_082256.jpg,val,lips_masked,no_face_detected,2026-09-09T17:11:12
age85_027137.jpg,val,lips_masked,no_face_detected,2026-09-09T17:11:12
age40_070221.jpg,val,lips_masked,no_face_detected,2026-09-09T17:11:12
age6_012777.jpg,val,lips_masked,no_face_detected,2026-09-09T17:11:13
age17_056061.jpg,val,lips_masked,no_face_detected,2026-09-09T17:11:13
age7_011109.jpg,val,lips_masked,no_face_detected,2026-09-09T17:11:13
age35_019910.jpg,val,lips_masked,no_face_detected,2026-09-09T17:11:13
age29_023138.jpg,val,lips_masked,no_face_detected,2026-09-09T17:11:13
age57_078615.jpg,val,lips_masked,no_face_detected,2026-09-09T17:11:14
age37_015112.jpg,val,lips_masked,no_face_detected,2026-09-09T17:11:14
age2_054254.jpg,val,lips_masked,no_face_detected,2026-09-09T17:11:14
age17_074437.jpg,val,lips_masked,no_face_detected,2026-09-09T17:11:14
age56_075079.jpg,val,lips_masked,no_face_detected,2026-09-09T17:11:14
age57_075400.jpg,val,lips_masked,no_face_detected,2026-09-09T17:11:14
age60_077981.jpg,val,lips_masked,no_face_detected,2026-09-09T17:11:15
age20_071546.jpg,val,lips_masked,no_face_detected,2026-09-09T17:11:15
age47_037190.jpg,val,lips_masked,no_face_detected,2026-09-09T17:11:15
age26_024105.jpg,val,lips_masked,no_face_detected,2026-09-09T17:11:15
age57_047667.jpg,val,lips_masked,no_face_detected,2026-09-09T17:11:15
age50_038389.jpg,val,lips_masked,no_face_detected,2026-09-09T17:11:15
age64_044114.jpg,val,lips_masked,no_face_detected,2026-09-09T17:11:15
age60_078589.jpg,val,lips_masked,no_face_detected,2026-09-09T17:11:16
age57_077135.jpg,val,lips_masked,no_face_detected,2026-09-09T17:11:16
age19_074181.jpg,val,lips_masked,no_face_detected,2026-09-09T17:11:16
age69_030937.jpg,val,lips_masked,no_face_detected,2026-09-09T17:11:16
age27_025268.jpg,val,lips_masked,no_face_detected,2026-09-09T17:11:16
age43_046825.jpg,val,lips_masked,no_face_detected,2026-09-09T17:11:17
age7_009554.jpg,val,lips_masked,no_face_detected,2026-09-09T17:11:17
age38_068424.jpg,val,lips_masked,no_face_detected,2026-09-09T17:11:17
age28_024189.jpg,val,lips_masked,no_face_detected,2026-09-09T17:11:14
age67_036238.jpg,val,lips_masked,no_face_detected,2026-09-09T17:11:15
age47_037408.jpg,val,lips_masked,no_face_detected,2026-09-09T17:11:15
age54_049267.jpg,val,lips_masked,no_face_detected,2026-09-09T17:11:15
age27_025430.jpg,val,lips_masked,no_face_detected,2026-09-09T17:11:15
age31_019377.jpg,val,lips_masked,no_face_detected,2026-09-09T17:11:15
age50_048249.jpg,val,lips_masked,no_face_detected,2026-09-09T17:11:15
age18_072888.jpg,val,lips_masked,no_face_detected,2026-09-09T17:11:16
age70_032122.jpg,val,lips_masked,no_face_detected,2026-09-09T17:11:16
age76_079509.jpg,val,lips_masked,no_face_detected,2026-09-09T17:11:17
age6_011237.jpg,val,lips_masked,no_face_detected,2026-09-09T17:11:17
age60_042210.jpg,val,lips_masked,no_face_detected,2026-09-09T17:11:17
age15_002517.jpg,val,lips_masked,no_face_detected,2026-09-09T17:11:17
age19_071660.jpg,val,lips_masked,no_face_detected,2026-09-09T17:11:18
age13_005496.jpg,val,lips_masked,no_face_detected,2026-09-09T17:11:18
age54_046480.jpg,val,lips_masked,no_face_detected,2026-09-09T17:11:18
age47_039596.jpg,val,lips_masked,no_face_detected,2026-09-09T17:11:18
age4_053696.jpg,val,lips_masked,no_face_detected,2026-09-09T17:11:18
age48_039003.jpg,val,lips_masked,no_face_detected,2026-09-09T17:11:18
age27_021556.jpg,val,lips_masked,no_face_detected,2026-09-09T17:11:18
age45_036916.jpg,val,lips_masked,no_face_detected,2026-09-09T17:11:18
age69_032153.jpg,val,lips_masked,no_face_detected,2026-09-09T17:11:19
age27_024379.jpg,val,lips_masked,no_face_detected,2026-09-09T17:11:19
age57_078981.jpg,val,lips_masked,no_face_detected,2026-09-09T17:11:19
age50_049786.jpg,val,lips_masked,no_face_detected,2026-09-09T17:11:19
age55_078818.jpg,val,lips_masked,no_face_detected,2026-09-09T17:11:19
age36_016335.jpg,val,lips_masked,no_face_detected,2026-09-09T17:11:19
age64_033675.jpg,val,lips_masked,no_face_detected,2026-09-09T17:11:19
age48_044020.jpg,val,lips_masked,no_face_detected,2026-09-09T17:11:19
age13_004212.jpg,val,lips_masked,no_face_detected,2026-09-09T17:11:19
age37_068753.jpg,val,lips_masked,no_face_detected,2026-09-09T17:11:20
age57_065543.jpg,val,lips_masked,no_face_detected,2026-09-09T17:11:20
age2_054484.jpg,val,lips_masked,no_face_detected,2026-09-09T17:11:20
age41_063016.jpg,val,lips_masked,no_face_detected,2026-09-09T17:11:20
age63_044699.jpg,val,lips_masked,no_face_detected,2026-09-09T17:11:20
age22_058075.jpg,val,lips_masked,no_face_detected,2026-09-09T17:11:20
age17_043699.jpg,val,lips_masked,no_face_detected,2026-09-09T17:11:21
age27_021753.jpg,val,lips_masked,no_face_detected,2026-09-09T17:11:21
age71_027646.jpg,val,lips_masked,no_face_detected,2026-09-09T17:11:21
age25_024437.jpg,val,lips_masked,no_face_detected,2026-09-09T17:11:21
age86_027144.jpg,val,lips_masked,no_face_detected,2026-09-09T17:11:21
age27_023954.jpg,val,lips_masked,no_face_detected,2026-09-09T17:11:21
age15_001572.jpg,val,lips_masked,no_face_detected,2026-09-09T17:11:21
age55_045346.jpg,val,lips_masked,no_face_detected,2026-09-09T17:11:22
age64_079790.jpg,val,lips_masked,no_face_detected,2026-09-09T17:11:22
age37_065661.jpg,val,lips_masked,no_face_detected,2026-09-09T17:11:22
age47_038178.jpg,val,lips_masked,no_face_detected,2026-09-09T17:11:22
age27_022987.jpg,val,lips_masked,no_face_detected,2026-09-09T17:11:22
age73_029515.jpg,val,lips_masked,no_face_detected,2026-09-09T17:11:22
age48_043562.jpg,val,lips_masked,no_face_detected,2026-09-09T17:11:22
age22_055367.jpg,val,lips_masked,no_face_detected,2026-09-09T17:11:23
age53_046653.jpg,val,lips_masked,no_face_detected,2026-09-09T17:11:23
age27_025201.jpg,val,lips_masked,no_face_detected,2026-09-09T17:11:23
age34_019421.jpg,val,lips_masked,no_face_detected,2026-09-09T17:11:23
age37_070439.jpg,val,lips_masked,no_face_detected,2026-09-09T17:11:23
age19_071691.jpg,val,lips_masked,no_face_detected,2026-09-09T17:11:23
age34_019595.jpg,val,lips_masked,no_face_detected,2026-09-09T17:11:24
age10_004613.jpg,val,lips_masked,no_face_detected,2026-09-09T17:11:24
age48_034999.jpg,val,lips_masked,no_face_detected,2026-09-09T17:11:24
age57_076855.jpg,val,lips_masked,no_face_detected,2026-09-09T17:11:24
age0_007631.jpg,val,lips_masked,no_face_detected,2026-09-09T17:11:24
age31_016185.jpg,val,lips_masked,no_face_detected,2026-09-09T17:11:24
age25_024951.jpg,val,lips_masked,no_face_detected,2026-09-09T17:11:24
age20_012803.jpg,val,lips_masked,no_face_detected,2026-09-09T17:11:24
40_0_0_20170117171106050.jpg,val,lips_masked,no_face_detected,2026-09-09T17:11:25
age64_080335.jpg,val,lips_masked,no_face_detected,2026-09-09T17:11:25
age62_080267.jpg,val,lips_masked,no_face_detected,2026-09-09T17:11:25
age57_075548.jpg,val,lips_masked,no_face_detected,2026-09-09T17:11:25
age71_029514.jpg,val,lips_masked,no_face_detected,2026-09-09T17:11:26
age58_078849.jpg,val,lips_masked,no_face_detected,2026-09-09T17:11:26
age49_042863.jpg,val,lips_masked,no_face_detected,2026-09-09T17:11:26
age62_081662.jpg,val,lips_masked,no_face_detected,2026-09-09T17:11:26
age42_061539.jpg,val,lips_masked,no_face_detected,2026-09-09T17:11:26
age55_075378.jpg,val,lips_masked,no_face_detected,2026-09-09T17:11:26
age17_073683.jpg,val,lips_masked,no_face_detected,2026-09-09T17:11:27
age10_005832.jpg,val,lips_masked,no_face_detected,2026-09-09T17:11:27
age67_032841.jpg,val,lips_masked,no_face_detected,2026-09-09T17:11:27
age40_070177.jpg,val,lips_masked,no_face_detected,2026-09-09T17:11:27
age72_028911.jpg,val,lips_masked,no_face_detected,2026-09-09T17:11:27
age72_029922.jpg,val,lips_masked,no_face_detected,2026-09-09T17:11:27
age56_032232.jpg,val,lips_masked,no_face_detected,2026-09-09T17:11:28
age21_059911.jpg,val,lips_masked,no_face_detected,2026-09-09T17:11:28
age38_021214.jpg,val,lips_masked,no_face_detected,2026-09-09T17:11:28
age38_067275.jpg,val,lips_masked,no_face_detected,2026-09-09T17:11:28
age58_075595.jpg,val,lips_masked,no_face_detected,2026-09-09T17:11:28
age87_027171.jpg,val,lips_masked,no_face_detected,2026-09-09T17:11:28
age19_071132.jpg,val,lips_masked,no_face_detected,2026-09-09T17:11:28
age74_028969.jpg,val,lips_masked,no_face_detected,2026-09-09T17:11:28
age6_010562.jpg,val,lips_masked,no_face_detected,2026-09-09T17:11:28
age36_067857.jpg,val,lips_masked,no_face_detected,2026-09-09T17:11:28
age53_048645.jpg,val,lips_masked,no_face_detected,2026-09-09T17:11:28
age73_029471.jpg,val,lips_masked,no_face_detected,2026-09-09T17:11:29
age1_055054.jpg,val,lips_masked,no_face_detected,2026-09-09T17:11:29
age49_019920.jpg,val,lips_masked,no_face_detected,2026-09-09T17:11:29
age57_078575.jpg,val,lips_masked,no_face_detected,2026-09-09T17:11:29
age63_064356.jpg,val,lips_masked,no_face_detected,2026-09-09T17:11:29
age74_027472.jpg,val,lips_masked,no_face_detected,2026-09-09T17:11:29
age6_009477.jpg,val,lips_masked,no_face_detected,2026-09-09T17:11:30
age28_026823.jpg,val,lips_masked,no_face_detected,2026-09-09T17:11:30
age13_005508.jpg,val,lips_masked,no_face_detected,2026-09-09T17:11:30
age21_058892.jpg,val,lips_masked,no_face_detected,2026-09-09T17:11:30
age21_056569.jpg,val,lips_masked,no_face_detected,2026-09-09T17:11:30
age20_059878.jpg,val,lips_masked,no_face_detected,2026-09-09T17:11:31
age4_051521.jpg,val,lips_masked,no_face_detected,2026-09-09T17:11:31
age36_067059.jpg,val,lips_masked,no_face_detected,2026-09-09T17:11:31
age38_025737.jpg,val,lips_masked,no_face_detected,2026-09-09T17:11:31
age40_064261.jpg,val,lips_masked,no_face_detected,2026-09-09T17:11:31
age54_047580.jpg,val,lips_masked,no_face_detected,2026-09-09T17:11:31
age72_028483.jpg,val,lips_masked,no_face_detected,2026-09-09T17:11:31
age58_075230.jpg,val,lips_masked,no_face_detected,2026-09-09T17:11:32
age5_013583.jpg,val,lips_masked,no_face_detected,2026-09-09T17:11:32
age48_040249.jpg,val,lips_masked,no_face_detected,2026-09-09T17:11:32
26_1_0_20170113210127505.jpg,val,lips_masked,no_face_detected,2026-09-09T17:11:32
age28_023158.jpg,val,lips_masked,no_face_detected,2026-09-09T17:11:32
age26_026948.jpg,val,lips_masked,no_face_detected,2026-09-09T17:11:32
age53_049543.jpg,val,lips_masked,no_face_detected,2026-09-09T17:11:32
age27_026832.jpg,val,lips_masked,no_face_detected,2026-09-09T17:11:32
age34_016145.jpg,val,lips_masked,no_face_detected,2026-09-09T17:11:32
age19_070529.jpg,val,lips_masked,no_face_detected,2026-09-09T17:11:33
age60_076391.jpg,val,lips_masked,no_face_detected,2026-09-09T17:11:33
age20_055900.jpg,val,lips_masked,no_face_detected,2026-09-09T17:11:33
age47_038094.jpg,val,lips_masked,no_face_detected,2026-09-09T17:11:33
age27_025141.jpg,val,lips_masked,no_face_detected,2026-09-09T17:11:33
age54_048006.jpg,val,lips_masked,no_face_detected,2026-09-09T17:11:33
age43_062501.jpg,val,lips_masked,no_face_detected,2026-09-09T17:11:33
age31_015691.jpg,val,lips_masked,no_face_detected,2026-09-09T17:11:33
age38_067866.jpg,val,lips_masked,no_face_detected,2026-09-09T17:11:34
age69_036087.jpg,val,lips_masked,no_face_detected,2026-09-09T17:11:34
age76_083334.jpg,val,lips_masked,no_face_detected,2026-09-09T17:11:34
age20_074131.jpg,val,lips_masked,no_face_detected,2026-09-09T17:11:35
age38_066306.jpg,val,lips_masked,no_face_detected,2026-09-09T17:11:35
age54_050046.jpg,val,lips_masked,no_face_detected,2026-09-09T17:11:35
age2_052980.jpg,val,lips_masked,no_face_detected,2026-09-09T17:11:35
age77_083644.jpg,val,lips_masked,no_face_detected,2026-09-09T17:11:35
age19_074739.jpg,val,lips_masked,no_face_detected,2026-09-09T17:11:35
age60_081175.jpg,val,lips_masked,no_face_detected,2026-09-09T17:11:35
age25_059422.jpg,val,lips_masked,no_face_detected,2026-09-09T17:11:35
age18_074984.jpg,val,lips_masked,no_face_detected,2026-09-09T17:11:35
age40_070471.jpg,val,lips_masked,no_face_detected,2026-09-09T17:11:35
age66_033172.jpg,val,lips_masked,no_face_detected,2026-09-09T17:11:35
age58_078489.jpg,val,lips_masked,no_face_detected,2026-09-09T17:11:36
age58_077765.jpg,val,lips_masked,no_face_detected,2026-09-09T17:11:36
age72_028939.jpg,val,lips_masked,no_face_detected,2026-09-09T17:11:36
age27_014258.jpg,val,lips_masked,no_face_detected,2026-09-09T17:11:37
age13_000228.jpg,val,lips_masked,no_face_detected,2026-09-09T17:11:37
age72_028675.jpg,val,lips_masked,no_face_detected,2026-09-09T17:11:37
age84_083919.jpg,val,lips_masked,no_face_detected,2026-09-09T17:11:37
age66_032376.jpg,val,lips_masked,no_face_detected,2026-09-09T17:11:37
age4_052133.jpg,val,lips_masked,no_face_detected,2026-09-09T17:11:38
age66_035730.jpg,val,lips_masked,no_face_detected,2026-09-09T17:11:38
age59_031106.jpg,val,lips_masked,no_face_detected,2026-09-09T17:11:38
age67_035546.jpg,val,lips_masked,no_face_detected,2026-09-09T17:11:39
age13_006040.jpg,val,lips_masked,no_face_detected,2026-09-09T17:11:39
age2_051251.jpg,val,lips_masked,no_face_detected,2026-09-09T17:11:39
age58_078073.jpg,val,lips_masked,no_face_detected,2026-09-09T17:11:39
age41_060679.jpg,val,lips_masked,no_face_detected,2026-09-09T17:11:39
age11_002325.jpg,val,lips_masked,no_face_detected,2026-09-09T17:11:40
age11_001465.jpg,val,lips_masked,no_face_detected,2026-09-09T17:11:40
age67_035806.jpg,val,lips_masked,no_face_detected,2026-09-09T17:11:40
age62_079719.jpg,val,lips_masked,no_face_detected,2026-09-09T17:11:40
age31_020929.jpg,val,lips_masked,no_face_detected,2026-09-09T17:11:40
age15_004942.jpg,val,lips_masked,no_face_detected,2026-09-09T17:11:41
age20_071398.jpg,val,lips_masked,no_face_detected,2026-09-09T17:11:41
age54_045908.jpg,val,lips_masked,no_face_detected,2026-09-09T17:11:41
age82_083994.jpg,val,lips_masked,no_face_detected,2026-09-09T17:11:41
age73_027776.jpg,val,lips_masked,no_face_detected,2026-09-09T17:11:41
age6_013120.jpg,val,lips_masked,no_face_detected,2026-09-09T17:11:41
age55_078252.jpg,val,lips_masked,no_face_detected,2026-09-09T17:11:41
age4_053226.jpg,val,lips_masked,no_face_detected,2026-09-09T17:11:42
age7_007245.jpg,val,lips_masked,no_face_detected,2026-09-09T17:11:42
age40_068021.jpg,val,lips_masked,no_face_detected,2026-09-09T17:11:42
age54_047903.jpg,val,lips_masked,no_face_detected,2026-09-09T17:11:42
age40_063059.jpg,val,lips_masked,no_face_detected,2026-09-09T17:11:42
age73_030302.jpg,val,lips_masked,no_face_detected,2026-09-09T17:11:43
age4_053785.jpg,val,lips_masked,no_face_detected,2026-09-09T17:11:43
age66_034251.jpg,val,lips_masked,no_face_detected,2026-09-09T17:11:43
age18_074068.jpg,val,lips_masked,no_face_detected,2026-09-09T17:11:44
age25_059152.jpg,val,lips_masked,no_face_detected,2026-09-09T17:11:44
age71_027935.jpg,val,lips_masked,no_face_detected,2026-09-09T17:11:44
age38_069789.jpg,val,lips_masked,no_face_detected,2026-09-09T17:11:44
age70_008159.jpg,val,lips_masked,no_face_detected,2026-09-09T17:11:44
age65_079789.jpg,val,lips_masked,no_face_detected,2026-09-09T17:11:44
age4_052466.jpg,val,lips_masked,no_face_detected,2026-09-09T17:11:45
age10_000555.jpg,val,lips_masked,no_face_detected,2026-09-09T17:11:45
age22_058278.jpg,val,lips_masked,no_face_detected,2026-09-09T17:11:45
age31_016783.jpg,val,lips_masked,no_face_detected,2026-09-09T17:11:45
age69_033595.jpg,val,lips_masked,no_face_detected,2026-09-09T17:11:45
age25_022232.jpg,val,lips_masked,no_face_detected,2026-09-09T17:11:45
age54_044670.jpg,val,lips_masked,no_face_detected,2026-09-09T17:11:46
age73_029124.jpg,val,lips_masked,no_face_detected,2026-09-09T17:11:46
age45_060754.jpg,val,lips_masked,no_face_detected,2026-09-09T17:11:46
age40_068810.jpg,val,lips_masked,no_face_detected,2026-09-09T17:11:46
age48_042736.jpg,val,lips_masked,no_face_detected,2026-09-09T17:11:46
age17_070586.jpg,val,lips_masked,no_face_detected,2026-09-09T17:11:46
age4_053985.jpg,val,lips_masked,no_face_detected,2026-09-09T17:11:43
age18_073491.jpg,val,lips_masked,no_face_detected,2026-09-09T17:11:44
age28_026146.jpg,val,lips_masked,no_face_detected,2026-09-09T17:11:44
age6_008689.jpg,val,lips_masked,no_face_detected,2026-09-09T17:11:44
age58_076740.jpg,val,lips_masked,no_face_detected,2026-09-09T17:11:44
age67_034589.jpg,val,lips_masked,no_face_detected,2026-09-09T17:11:44
age26_025308.jpg,val,lips_masked,no_face_detected,2026-09-09T17:11:44
age38_065331.jpg,val,lips_masked,no_face_detected,2026-09-09T17:11:44
age40_069635.jpg,val,lips_masked,no_face_detected,2026-09-09T17:11:44
age48_039612.jpg,val,lips_masked,no_face_detected,2026-09-09T17:11:44
age62_050567.jpg,val,lips_masked,no_face_detected,2026-09-09T17:11:45
age71_030234.jpg,val,lips_masked,no_face_detected,2026-09-09T17:11:45
age40_063939.jpg,val,lips_masked,no_face_detected,2026-09-09T17:11:45
age27_025569.jpg,val,lips_masked,no_face_detected,2026-09-09T17:11:45
age38_070143.jpg,val,lips_masked,no_face_detected,2026-09-09T17:11:45
age58_032156.jpg,val,lips_masked,no_face_detected,2026-09-09T17:11:45
age72_028665.jpg,val,lips_masked,no_face_detected,2026-09-09T17:11:45
age38_066736.jpg,val,lips_masked,no_face_detected,2026-09-09T17:11:45
age21_058045.jpg,val,lips_masked,no_face_detected,2026-09-09T17:11:46
age34_018490.jpg,val,lips_masked,no_face_detected,2026-09-09T17:11:46
age27_026142.jpg,val,lips_masked,no_face_detected,2026-09-09T17:11:46
age28_027083.jpg,val,lips_masked,no_face_detected,2026-09-09T17:11:46
age60_081492.jpg,val,lips_masked,no_face_detected,2026-09-09T17:11:46
age38_069830.jpg,val,lips_masked,no_face_detected,2026-09-09T17:11:46
age34_014038.jpg,val,lips_masked,no_face_detected,2026-09-09T17:11:47
age30_017074.jpg,val,lips_masked,no_face_detected,2026-09-09T17:11:47
age22_059663.jpg,val,lips_masked,no_face_detected,2026-09-09T17:11:47
age18_044372.jpg,val,lips_masked,no_face_detected,2026-09-09T17:11:47
age41_064899.jpg,val,lips_masked,no_face_detected,2026-09-09T17:11:47
age6_010251.jpg,val,lips_masked,no_face_detected,2026-09-09T17:11:48
age55_045171.jpg,val,lips_masked,no_face_detected,2026-09-09T17:11:48
age69_031180.jpg,val,lips_masked,no_face_detected,2026-09-09T17:11:48
age56_044048.jpg,val,lips_masked,no_face_detected,2026-09-09T17:11:48
age74_027806.jpg,val,lips_masked,no_face_detected,2026-09-09T17:11:48
age58_077856.jpg,val,lips_masked,no_face_detected,2026-09-09T17:11:48
age4_055073.jpg,val,lips_masked,no_face_detected,2026-09-09T17:11:48
age66_036213.jpg,val,lips_masked,no_face_detected,2026-09-09T17:11:49
age4_050647.jpg,val,lips_masked,no_face_detected,2026-09-09T17:11:49
age7_008033.jpg,val,lips_masked,no_face_detected,2026-09-09T17:11:49
age27_024068.jpg,val,lips_masked,no_face_detected,2026-09-09T17:11:49
age55_077644.jpg,val,lips_masked,no_face_detected,2026-09-09T17:11:49
age6_013729.jpg,val,lips_masked,no_face_detected,2026-09-09T17:11:49
age6_007861.jpg,val,lips_masked,no_face_detected,2026-09-09T17:11:49
age31_014507.jpg,val,lips_masked,no_face_detected,2026-09-09T17:11:49
age6_010875.jpg,val,lips_masked,no_face_detected,2026-09-09T17:11:49
age12_001674.jpg,val,lips_masked,no_face_detected,2026-09-09T17:11:50
age73_030495.jpg,val,lips_masked,no_face_detected,2026-09-09T17:11:50
age27_024695.jpg,val,lips_masked,no_face_detected,2026-09-09T17:11:50
age22_056614.jpg,val,lips_masked,no_face_detected,2026-09-09T17:11:50
age48_040585.jpg,val,lips_masked,no_face_detected,2026-09-09T17:11:50
age48_041274.jpg,val,lips_masked,no_face_detected,2026-09-09T17:11:50
age69_034748.jpg,val,lips_masked,no_face_detected,2026-09-09T17:11:50
age4_055148.jpg,val,lips_masked,no_face_detected,2026-09-09T17:11:50
age40_066725.jpg,val,lips_masked,no_face_detected,2026-09-09T17:11:50
age61_080475.jpg,val,lips_masked,no_face_detected,2026-09-09T17:11:50
age38_067972.jpg,val,lips_masked,no_face_detected,2026-09-09T17:11:51
age25_057290.jpg,val,lips_masked,no_face_detected,2026-09-09T17:11:51
age37_066876.jpg,val,lips_masked,no_face_detected,2026-09-09T17:11:51
age40_063996.jpg,val,lips_masked,no_face_detected,2026-09-09T17:11:51
age52_048237.jpg,val,lips_masked,no_face_detected,2026-09-09T17:11:51
age75_029217.jpg,val,lips_masked,no_face_detected,2026-09-09T17:11:51
age70_027924.jpg,val,lips_masked,no_face_detected,2026-09-09T17:11:51
age61_081269.jpg,val,lips_masked,no_face_detected,2026-09-09T17:11:51
age50_044558.jpg,val,lips_masked,no_face_detected,2026-09-09T17:11:52
age48_042364.jpg,val,lips_masked,no_face_detected,2026-09-09T17:11:52
age41_060899.jpg,val,lips_masked,no_face_detected,2026-09-09T17:11:52
age76_083257.jpg,val,lips_masked,no_face_detected,2026-09-09T17:11:52
age17_070901.jpg,val,lips_masked,no_face_detected,2026-09-09T17:11:52
age37_067048.jpg,val,lips_masked,no_face_detected,2026-09-09T17:11:52
age19_073638.jpg,val,lips_masked,no_face_detected,2026-09-09T17:11:53
age2_050879.jpg,val,lips_masked,no_face_detected,2026-09-09T17:11:53
age50_038311.jpg,val,lips_masked,no_face_detected,2026-09-09T17:11:53
age27_023904.jpg,val,lips_masked,no_face_detected,2026-09-09T17:11:53
age60_077834.jpg,val,lips_masked,no_face_detected,2026-09-09T17:11:53
age25_025173.jpg,val,lips_masked,no_face_detected,2026-09-09T17:11:53
age27_023787.jpg,val,lips_masked,no_face_detected,2026-09-09T17:11:53
age40_067040.jpg,val,lips_masked,no_face_detected,2026-09-09T17:11:54
age38_069355.jpg,val,lips_masked,no_face_detected,2026-09-09T17:11:54
age26_023544.jpg,val,lips_masked,no_face_detected,2026-09-09T17:11:54
age20_058260.jpg,val,lips_masked,no_face_detected,2026-09-09T17:11:54
age54_047670.jpg,val,lips_masked,no_face_detected,2026-09-09T17:11:54
age67_036228.jpg,val,lips_masked,no_face_detected,2026-09-09T17:11:54
age65_080083.jpg,val,lips_masked,no_face_detected,2026-09-09T17:11:55
age33_019836.jpg,val,lips_masked,no_face_detected,2026-09-09T17:11:55
age45_038355.jpg,val,lips_masked,no_face_detected,2026-09-09T17:11:55
age13_002339.jpg,val,lips_masked,no_face_detected,2026-09-09T17:11:55
age54_048601.jpg,val,lips_masked,no_face_detected,2026-09-09T17:11:55
age41_024167.jpg,val,lips_masked,no_face_detected,2026-09-09T17:11:55
age63_079824.jpg,val,lips_masked,no_face_detected,2026-09-09T17:11:56
age57_076117.jpg,val,lips_masked,no_face_detected,2026-09-09T17:11:56
age64_038508.jpg,val,lips_masked,no_face_detected,2026-09-09T17:11:56
age27_024081.jpg,val,lips_masked,no_face_detected,2026-09-09T17:11:56
age41_062875.jpg,val,lips_masked,no_face_detected,2026-09-09T17:11:56
age24_057496.jpg,val,lips_masked,no_face_detected,2026-09-09T17:11:56
age62_080516.jpg,val,lips_masked,no_face_detected,2026-09-09T17:11:56
age54_046463.jpg,val,lips_masked,no_face_detected,2026-09-09T17:11:56
age34_015070.jpg,val,lips_masked,no_face_detected,2026-09-09T17:11:57
age11_004222.jpg,val,lips_masked,no_face_detected,2026-09-09T17:11:57
age20_056085.jpg,val,lips_masked,no_face_detected,2026-09-09T17:11:57
age2_052248.jpg,val,lips_masked,no_face_detected,2026-09-09T17:11:57
age26_022281.jpg,val,lips_masked,no_face_detected,2026-09-09T17:11:57
age69_035062.jpg,val,lips_masked,no_face_detected,2026-09-09T17:11:57
age6_011068.jpg,val,lips_masked,no_face_detected,2026-09-09T17:11:57
age53_045852.jpg,val,lips_masked,no_face_detected,2026-09-09T17:11:57
age22_056686.jpg,val,lips_masked,no_face_detected,2026-09-09T17:11:58
age47_038521.jpg,val,lips_masked,no_face_detected,2026-09-09T17:11:58
age58_038866.jpg,val,lips_masked,no_face_detected,2026-09-09T17:11:58
age50_038777.jpg,val,lips_masked,no_face_detected,2026-09-09T17:11:58
age53_045606.jpg,val,lips_masked,no_face_detected,2026-09-09T17:11:58
age42_063677.jpg,val,lips_masked,no_face_detected,2026-09-09T17:11:58
age15_073826.jpg,val,lips_masked,no_face_detected,2026-09-09T17:11:58
age21_058970.jpg,val,lips_masked,no_face_detected,2026-09-09T17:11:59
age34_020304.jpg,val,lips_masked,no_face_detected,2026-09-09T17:11:59
age18_024624.jpg,val,lips_masked,no_face_detected,2026-09-09T17:11:59
age27_023173.jpg,val,lips_masked,no_face_detected,2026-09-09T17:11:59
age55_046439.jpg,val,lips_masked,no_face_detected,2026-09-09T17:11:59
age11_000479.jpg,val,lips_masked,no_face_detected,2026-09-09T17:11:59
age60_075671.jpg,val,lips_masked,no_face_detected,2026-09-09T17:11:59
age71_028304.jpg,val,lips_masked,no_face_detected,2026-09-09T17:12:00
age65_036877.jpg,val,lips_masked,no_face_detected,2026-09-09T17:12:00
age65_035650.jpg,val,lips_masked,no_face_detected,2026-09-09T17:12:00
age4_053293.jpg,val,lips_masked,no_face_detected,2026-09-09T17:12:00
age53_048600.jpg,val,lips_masked,no_face_detected,2026-09-09T17:12:00
age17_013861.jpg,val,lips_masked,no_face_detected,2026-09-09T17:12:00
age51_044502.jpg,val,lips_masked,no_face_detected,2026-09-09T17:12:00
age88_027313.jpg,val,lips_masked,no_face_detected,2026-09-09T17:12:00
age10_008324.jpg,val,lips_masked,no_face_detected,2026-09-09T17:12:00
age56_031257.jpg,val,lips_masked,no_face_detected,2026-09-09T17:12:00
age37_068404.jpg,val,lips_masked,no_face_detected,2026-09-09T17:12:01
age42_064435.jpg,val,lips_masked,no_face_detected,2026-09-09T17:12:01
age47_042524.jpg,val,lips_masked,no_face_detected,2026-09-09T17:12:01
age20_072369.jpg,val,lips_masked,no_face_detected,2026-09-09T17:12:01
age6_008124.jpg,val,lips_masked,no_face_detected,2026-09-09T17:12:01
age38_068358.jpg,val,lips_masked,no_face_detected,2026-09-09T17:12:01
age27_023153.jpg,val,lips_masked,no_face_detected,2026-09-09T17:12:01
age58_078996.jpg,val,lips_masked,no_face_detected,2026-09-09T17:12:02
age62_079530.jpg,val,lips_masked,no_face_detected,2026-09-09T17:12:02
age6_010963.jpg,val,lips_masked,no_face_detected,2026-09-09T17:12:02
age52_000969.jpg,val,lips_masked,no_face_detected,2026-09-09T17:12:02
26_1_1_20170116011425192.jpg,val,lips_masked,no_face_detected,2026-09-09T17:12:02
age4_054535.jpg,val,lips_masked,no_face_detected,2026-09-09T17:12:03
age62_081608.jpg,val,lips_masked,no_face_detected,2026-09-09T17:12:03
age25_058121.jpg,val,lips_masked,no_face_detected,2026-09-09T17:12:03
age6_011127.jpg,val,lips_masked,no_face_detected,2026-09-09T17:12:03
age84_084047.jpg,val,lips_masked,no_face_detected,2026-09-09T17:12:03
age34_020158.jpg,val,lips_masked,no_face_detected,2026-09-09T17:12:03
age17_073399.jpg,val,lips_masked,no_face_detected,2026-09-09T17:12:03
age27_025243.jpg,val,lips_masked,no_face_detected,2026-09-09T17:12:03
age47_040352.jpg,val,lips_masked,no_face_detected,2026-09-09T17:12:04
age53_044904.jpg,val,lips_masked,no_face_detected,2026-09-09T17:12:04
age77_082792.jpg,val,lips_masked,no_face_detected,2026-09-09T17:12:04
age17_072073.jpg,val,lips_masked,no_face_detected,2026-09-09T17:12:04
age54_046243.jpg,val,lips_masked,no_face_detected,2026-09-09T17:12:04
age10_011466.jpg,val,lips_masked,no_face_detected,2026-09-09T17:12:04
age22_055824.jpg,val,lips_masked,no_face_detected,2026-09-09T17:12:04
age4_054140.jpg,val,lips_masked,no_face_detected,2026-09-09T17:12:04
age31_018535.jpg,val,lips_masked,no_face_detected,2026-09-09T17:12:04
age41_060400.jpg,val,lips_masked,no_face_detected,2026-09-09T17:12:04
age47_042289.jpg,val,lips_masked,no_face_detected,2026-09-09T17:12:05
age21_055443.jpg,val,lips_masked,no_face_detected,2026-09-09T17:12:05
age37_067920.jpg,val,lips_masked,no_face_detected,2026-09-09T17:12:05
age42_062605.jpg,val,lips_masked,no_face_detected,2026-09-09T17:12:05
age38_069236.jpg,val,lips_masked,no_face_detected,2026-09-09T17:12:05
age34_015419.jpg,val,lips_masked,no_face_detected,2026-09-09T17:12:05
age37_068559.jpg,val,lips_masked,no_face_detected,2026-09-09T17:12:05
age61_038974.jpg,val,lips_masked,no_face_detected,2026-09-09T17:12:05
age21_055753.jpg,val,lips_masked,no_face_detected,2026-09-09T17:12:06
age6_013121.jpg,val,lips_masked,no_face_detected,2026-09-09T17:12:06
age25_056159.jpg,val,lips_masked,no_face_detected,2026-09-09T17:12:06
age6_013220.jpg,val,lips_masked,no_face_detected,2026-09-09T17:12:06
age58_077439.jpg,val,lips_masked,no_face_detected,2026-09-09T17:12:07
age53_045709.jpg,val,lips_masked,no_face_detected,2026-09-09T17:12:07
age47_042765.jpg,val,lips_masked,no_face_detected,2026-09-09T17:12:07
age13_003007.jpg,val,lips_masked,no_face_detected,2026-09-09T17:12:07
age79_082972.jpg,val,lips_masked,no_face_detected,2026-09-09T17:12:08
age20_074441.jpg,val,lips_masked,no_face_detected,2026-09-09T17:12:08
age40_070256.jpg,val,lips_masked,no_face_detected,2026-09-09T17:12:08
age20_031097.jpg,val,lips_masked,no_face_detected,2026-09-09T17:12:08
age62_079446.jpg,val,lips_masked,no_face_detected,2026-09-09T17:12:09
age76_079692.jpg,val,lips_masked,no_face_detected,2026-09-09T17:12:09
age58_075585.jpg,val,lips_masked,no_face_detected,2026-09-09T17:12:09
age13_005135.jpg,val,lips_masked,no_face_detected,2026-09-09T17:12:09
age6_008469.jpg,val,lips_masked,no_face_detected,2026-09-09T17:12:09
age72_028468.jpg,val,lips_masked,no_face_detected,2026-09-09T17:12:09
age27_025925.jpg,val,lips_masked,no_face_detected,2026-09-09T17:12:09
age22_057301.jpg,val,lips_masked,no_face_detected,2026-09-09T17:12:09
age42_060415.jpg,val,lips_masked,no_face_detected,2026-09-09T17:12:10
age13_004092.jpg,val,lips_masked,no_face_detected,2026-09-09T17:12:10
age33_018213.jpg,val,lips_masked,no_face_detected,2026-09-09T17:12:10
age27_021984.jpg,val,lips_masked,no_face_detected,2026-09-09T17:12:11
age20_059888.jpg,val,lips_masked,no_face_detected,2026-09-09T17:12:11
age25_049886.jpg,val,lips_masked,no_face_detected,2026-09-09T17:12:11
age13_005689.jpg,val,lips_masked,no_face_detected,2026-09-09T17:12:11
age67_033018.jpg,val,lips_masked,no_face_detected,2026-09-09T17:12:11
age59_045603.jpg,val,lips_masked,no_face_detected,2026-09-09T17:12:11
age77_082945.jpg,val,lips_masked,no_face_detected,2026-09-09T17:12:11
age32_015348.jpg,val,lips_masked,no_face_detected,2026-09-09T17:12:11
age21_056442.jpg,val,lips_masked,no_face_detected,2026-09-09T17:12:11
age7_012781.jpg,val,lips_masked,no_face_detected,2026-09-09T17:12:11
age37_068502.jpg,val,lips_masked,no_face_detected,2026-09-09T17:12:12
age71_030837.jpg,val,lips_masked,no_face_detected,2026-09-09T17:12:12
age27_024583.jpg,val,lips_masked,no_face_detected,2026-09-09T17:12:12
age67_036071.jpg,val,lips_masked,no_face_detected,2026-09-09T17:12:12
age4_051840.jpg,val,lips_masked,no_face_detected,2026-09-09T17:12:12
age34_013827.jpg,val,lips_masked,no_face_detected,2026-09-09T17:12:12
age57_076329.jpg,val,lips_masked,no_face_detected,2026-09-09T17:12:12
age20_070714.jpg,val,lips_masked,no_face_detected,2026-09-09T17:12:12
age31_015135.jpg,val,lips_masked,no_face_detected,2026-09-09T17:12:12
age16_074142.jpg,val,lips_masked,no_face_detected,2026-09-09T17:12:13
age34_015217.jpg,val,lips_masked,no_face_detected,2026-09-09T17:12:13
age31_018483.jpg,val,lips_masked,no_face_detected,2026-09-09T17:12:13
age58_076043.jpg,val,lips_masked,no_face_detected,2026-09-09T17:12:13
age25_024215.jpg,val,lips_masked,no_face_detected,2026-09-09T17:12:14
age18_073781.jpg,val,lips_masked,no_face_detected,2026-09-09T17:12:14
age62_080579.jpg,val,lips_masked,no_face_detected,2026-09-09T17:12:14
age25_057018.jpg,val,lips_masked,no_face_detected,2026-09-09T17:12:14
age25_057422.jpg,val,lips_masked,no_face_detected,2026-09-09T17:12:14
age13_002370.jpg,val,lips_masked,no_face_detected,2026-09-09T17:12:14
age6_009700.jpg,val,lips_masked,no_face_detected,2026-09-09T17:12:15
age14_003116.jpg,val,lips_masked,no_face_detected,2026-09-09T17:12:15
age15_001677.jpg,val,lips_masked,no_face_detected,2026-09-09T17:12:15
age34_014267.jpg,val,lips_masked,no_face_detected,2026-09-09T17:12:15
age27_023566.jpg,val,lips_masked,no_face_detected,2026-09-09T17:12:15
age75_029753.jpg,val,lips_masked,no_face_detected,2026-09-09T17:12:16
age38_066208.jpg,val,lips_masked,no_face_detected,2026-09-09T17:12:13
age50_029074.jpg,val,lips_masked,no_face_detected,2026-09-09T17:12:13
age42_063395.jpg,val,lips_masked,no_face_detected,2026-09-09T17:12:13
age69_032803.jpg,val,lips_masked,no_face_detected,2026-09-09T17:12:13
age70_030448.jpg,val,lips_masked,no_face_detected,2026-09-09T17:12:13
age53_022537.jpg,val,lips_masked,no_face_detected,2026-09-09T17:12:13
age50_050106.jpg,val,lips_masked,no_face_detected,2026-09-09T17:12:14
age54_048540.jpg,val,lips_masked,no_face_detected,2026-09-09T17:12:14
age83_084043.jpg,val,lips_masked,no_face_detected,2026-09-09T17:12:14
age58_076333.jpg,val,lips_masked,no_face_detected,2026-09-09T17:12:14
age68_034169.jpg,val,lips_masked,no_face_detected,2026-09-09T17:12:14
age15_074912.jpg,val,lips_masked,no_face_detected,2026-09-09T17:12:14
age48_037936.jpg,val,lips_masked,no_face_detected,2026-09-09T17:12:15
age6_006875.jpg,val,lips_masked,no_face_detected,2026-09-09T17:12:15
age20_055843.jpg,val,lips_masked,no_face_detected,2026-09-09T17:12:15
age29_022430.jpg,val,lips_masked,no_face_detected,2026-09-09T17:12:15
age50_043338.jpg,val,lips_masked,no_face_detected,2026-09-09T17:12:15
age70_032632.jpg,val,lips_masked,no_face_detected,2026-09-09T17:12:15
age42_060871.jpg,val,lips_masked,no_face_detected,2026-09-09T17:12:16
age49_022121.jpg,val,lips_masked,no_face_detected,2026-09-09T17:12:16
age11_003436.jpg,val,lips_masked,no_face_detected,2026-09-09T17:12:16
age68_033467.jpg,val,lips_masked,no_face_detected,2026-09-09T17:12:16
age47_040809.jpg,val,lips_masked,no_face_detected,2026-09-09T17:12:16
age47_044170.jpg,val,lips_masked,no_face_detected,2026-09-09T17:12:16
age36_066374.jpg,val,lips_masked,no_face_detected,2026-09-09T17:12:16
age41_047913.jpg,val,lips_masked,no_face_detected,2026-09-09T17:12:17
age12_006340.jpg,val,lips_masked,no_face_detected,2026-09-09T17:12:17
age79_082830.jpg,val,lips_masked,no_face_detected,2026-09-09T17:12:17
age62_081028.jpg,val,lips_masked,no_face_detected,2026-09-09T17:12:17
age72_030031.jpg,val,lips_masked,no_face_detected,2026-09-09T17:12:18
age51_044848.jpg,val,lips_masked,no_face_detected,2026-09-09T17:12:18
age54_045829.jpg,val,lips_masked,no_face_detected,2026-09-09T17:12:18
age4_050831.jpg,val,lips_masked,no_face_detected,2026-09-09T17:12:18
age4_050696.jpg,val,lips_masked,no_face_detected,2026-09-09T17:12:18
age10_005095.jpg,val,lips_masked,no_face_detected,2026-09-09T17:12:18
age75_030083.jpg,val,lips_masked,no_face_detected,2026-09-09T17:12:19
age11_002620.jpg,val,lips_masked,no_face_detected,2026-09-09T17:12:19
age67_035838.jpg,val,lips_masked,no_face_detected,2026-09-09T17:12:19
age20_071084.jpg,val,lips_masked,no_face_detected,2026-09-09T17:12:19
age74_029240.jpg,val,lips_masked,no_face_detected,2026-09-09T17:12:19
age31_020509.jpg,val,lips_masked,no_face_detected,2026-09-09T17:12:19
age10_009357.jpg,val,lips_masked,no_face_detected,2026-09-09T17:12:20
age11_005775.jpg,val,lips_masked,no_face_detected,2026-09-09T17:12:20
age27_023220.jpg,val,lips_masked,no_face_detected,2026-09-09T17:12:20
age48_043251.jpg,val,lips_masked,no_face_detected,2026-09-09T17:12:20
age25_023890.jpg,val,lips_masked,no_face_detected,2026-09-09T17:12:20
age58_075960.jpg,val,lips_masked,no_face_detected,2026-09-09T17:12:20
age64_034749.jpg,val,lips_masked,no_face_detected,2026-09-09T17:12:20
age38_066217.jpg,val,lips_masked,no_face_detected,2026-09-09T17:12:21
age40_064639.jpg,val,lips_masked,no_face_detected,2026-09-09T17:12:21
age26_026868.jpg,val,lips_masked,no_face_detected,2026-09-09T17:12:21
age41_013327.jpg,val,lips_masked,no_face_detected,2026-09-09T17:12:21
age6_008277.jpg,val,lips_masked,no_face_detected,2026-09-09T17:12:21
age39_012965.jpg,val,lips_masked,no_face_detected,2026-09-09T17:12:21
age89_027370.jpg,val,lips_masked,no_face_detected,2026-09-09T17:12:21
age34_016665.jpg,val,lips_masked,no_face_detected,2026-09-09T17:12:21
age47_038599.jpg,val,lips_masked,no_face_detected,2026-09-09T17:12:21
age4_050500.jpg,val,lips_masked,no_face_detected,2026-09-09T17:12:21
age10_000250.jpg,val,lips_masked,no_face_detected,2026-09-09T17:12:21
age48_039021.jpg,val,lips_masked,no_face_detected,2026-09-09T17:12:22
age45_038238.jpg,val,lips_masked,no_face_detected,2026-09-09T17:12:22
age75_030891.jpg,val,lips_masked,no_face_detected,2026-09-09T17:12:22
age10_010381.jpg,val,lips_masked,no_face_detected,2026-09-09T17:12:22
age54_044591.jpg,val,lips_masked,no_face_detected,2026-09-09T17:12:22
age54_044339.jpg,val,lips_masked,no_face_detected,2026-09-09T17:12:22
age21_024190.jpg,val,lips_masked,no_face_detected,2026-09-09T17:12:22
age68_036363.jpg,val,lips_masked,no_face_detected,2026-09-09T17:12:22
age63_031002.jpg,val,lips_masked,no_face_detected,2026-09-09T17:12:23
age18_073282.jpg,val,lips_masked,no_face_detected,2026-09-09T17:12:23
age12_002132.jpg,val,lips_masked,no_face_detected,2026-09-09T17:12:23
age27_023773.jpg,val,lips_masked,no_face_detected,2026-09-09T17:12:23
age67_033362.jpg,val,lips_masked,no_face_detected,2026-09-09T17:12:23
age7_008470.jpg,val,lips_masked,no_face_detected,2026-09-09T17:12:23
age37_066459.jpg,val,lips_masked,no_face_detected,2026-09-09T17:12:23
age47_043021.jpg,val,lips_masked,no_face_detected,2026-09-09T17:12:23
age59_044498.jpg,val,lips_masked,no_face_detected,2026-09-09T17:12:23
age7_009013.jpg,val,lips_masked,no_face_detected,2026-09-09T17:12:24
age13_001102.jpg,val,lips_masked,no_face_detected,2026-09-09T17:12:24
age68_031649.jpg,val,lips_masked,no_face_detected,2026-09-09T17:12:24
age47_042089.jpg,val,lips_masked,no_face_detected,2026-09-09T17:12:24
age38_004951.jpg,val,lips_masked,no_face_detected,2026-09-09T17:12:24
age22_059227.jpg,val,lips_masked,no_face_detected,2026-09-09T17:12:25
age54_046057.jpg,val,lips_masked,no_face_detected,2026-09-09T17:12:25
age38_070144.jpg,val,lips_masked,no_face_detected,2026-09-09T17:12:25
age31_016127.jpg,val,lips_masked,no_face_detected,2026-09-09T17:12:25
age23_012801.jpg,val,lips_masked,no_face_detected,2026-09-09T17:12:25
age73_030678.jpg,val,lips_masked,no_face_detected,2026-09-09T17:12:25
age25_056371.jpg,val,lips_masked,no_face_detected,2026-09-09T17:12:25
age47_037921.jpg,val,lips_masked,no_face_detected,2026-09-09T17:12:26
age27_023163.jpg,val,lips_masked,no_face_detected,2026-09-09T17:12:26
age22_059689.jpg,val,lips_masked,no_face_detected,2026-09-09T17:12:26
age73_028492.jpg,val,lips_masked,no_face_detected,2026-09-09T17:12:26
age72_029184.jpg,val,lips_masked,no_face_detected,2026-09-09T17:12:26
age54_037201.jpg,val,lips_masked,no_face_detected,2026-09-09T17:12:26
age69_035267.jpg,val,lips_masked,no_face_detected,2026-09-09T17:12:26
age18_071806.jpg,val,lips_masked,no_face_detected,2026-09-09T17:12:27
age45_036988.jpg,val,lips_masked,no_face_detected,2026-09-09T17:12:27
age36_069067.jpg,val,lips_masked,no_face_detected,2026-09-09T17:12:27
age4_051256.jpg,val,lips_masked,no_face_detected,2026-09-09T17:12:27
age50_034106.jpg,val,lips_masked,no_face_detected,2026-09-09T17:12:27
age66_025451.jpg,val,lips_masked,no_face_detected,2026-09-09T17:12:27
age6_011691.jpg,val,lips_masked,no_face_detected,2026-09-09T17:12:28
age38_070137.jpg,val,lips_masked,no_face_detected,2026-09-09T17:12:28
age27_021659.jpg,val,lips_masked,no_face_detected,2026-09-09T17:12:28
age41_061887.jpg,val,lips_masked,no_face_detected,2026-09-09T17:12:28
age61_030080.jpg,val,lips_masked,no_face_detected,2026-09-09T17:12:28
age61_082547.jpg,val,lips_masked,no_face_detected,2026-09-09T17:12:28
age45_041350.jpg,val,lips_masked,no_face_detected,2026-09-09T17:12:28
age10_011917.jpg,val,lips_masked,no_face_detected,2026-09-09T17:12:28
age9_002171.jpg,val,lips_masked,no_face_detected,2026-09-09T17:12:28
age70_030380.jpg,val,lips_masked,no_face_detected,2026-09-09T17:12:29
age34_017747.jpg,val,lips_masked,no_face_detected,2026-09-09T17:12:29
age10_001414.jpg,val,lips_masked,no_face_detected,2026-09-09T17:12:29
age75_082902.jpg,val,lips_masked,no_face_detected,2026-09-09T17:12:29
age57_078410.jpg,val,lips_masked,no_face_detected,2026-09-09T17:12:29
age48_043748.jpg,val,lips_masked,no_face_detected,2026-09-09T17:12:30
age63_082079.jpg,val,lips_masked,no_face_detected,2026-09-09T17:12:30
age49_039193.jpg,val,lips_masked,no_face_detected,2026-09-09T17:12:30
age65_079288.jpg,val,lips_masked,no_face_detected,2026-09-09T17:12:30
78_0_1_20170111210701342.jpg,val,lips_masked,no_face_detected,2026-09-09T17:12:30
age34_017138.jpg,val,lips_masked,no_face_detected,2026-09-09T17:12:31
age26_024623.jpg,val,lips_masked,no_face_detected,2026-09-09T17:12:31
110_1_1_20170110155117522.jpg,val,lips_masked,no_face_detected,2026-09-09T17:12:31
age18_073530.jpg,val,lips_masked,no_face_detected,2026-09-09T17:12:31
age6_008503.jpg,val,lips_masked,no_face_detected,2026-09-09T17:12:31
age4_050569.jpg,val,lips_masked,no_face_detected,2026-09-09T17:12:32
age74_028131.jpg,val,lips_masked,no_face_detected,2026-09-09T17:12:32
age62_079290.jpg,val,lips_masked,no_face_detected,2026-09-09T17:12:32
age41_062925.jpg,val,lips_masked,no_face_detected,2026-09-09T17:12:32
age21_056472.jpg,val,lips_masked,no_face_detected,2026-09-09T17:12:32
age18_039564.jpg,val,lips_masked,no_face_detected,2026-09-09T17:12:32
age45_049297.jpg,val,lips_masked,no_face_detected,2026-09-09T17:12:33
age58_076136.jpg,val,lips_masked,no_face_detected,2026-09-09T17:12:33
age37_069971.jpg,val,lips_masked,no_face_detected,2026-09-09T17:12:33
age6_009367.jpg,val,lips_masked,no_face_detected,2026-09-09T17:12:33
age21_059606.jpg,val,lips_masked,no_face_detected,2026-09-09T17:12:33
age13_002170.jpg,val,lips_masked,no_face_detected,2026-09-09T17:12:33
age38_068931.jpg,val,lips_masked,no_face_detected,2026-09-09T17:12:33
age20_070626.jpg,val,lips_masked,no_face_detected,2026-09-09T17:12:33
age41_021773.jpg,val,lips_masked,no_face_detected,2026-09-09T17:12:34
age32_018006.jpg,val,lips_masked,no_face_detected,2026-09-09T17:12:34
age38_070178.jpg,val,lips_masked,no_face_detected,2026-09-09T17:12:34
age19_075026.jpg,val,lips_masked,no_face_detected,2026-09-09T17:12:34
age21_056194.jpg,val,lips_masked,no_face_detected,2026-09-09T17:12:34
age4_011543.jpg,val,lips_masked,no_face_detected,2026-09-09T17:12:34
age76_029220.jpg,val,lips_masked,no_face_detected,2026-09-09T17:12:34
age34_016095.jpg,val,lips_masked,no_face_detected,2026-09-09T17:12:35
age34_018403.jpg,val,lips_masked,no_face_detected,2026-09-09T17:12:35
age73_028985.jpg,val,lips_masked,no_face_detected,2026-09-09T17:12:35
age18_074092.jpg,val,lips_masked,no_face_detected,2026-09-09T17:12:35
age69_035979.jpg,val,lips_masked,no_face_detected,2026-09-09T17:12:35
age27_024987.jpg,val,lips_masked,no_face_detected,2026-09-09T17:12:35
age54_047484.jpg,val,lips_masked,no_face_detected,2026-09-09T17:12:35
age48_042132.jpg,val,lips_masked,no_face_detected,2026-09-09T17:12:36
age6_012461.jpg,val,lips_masked,no_face_detected,2026-09-09T17:12:36
age34_018640.jpg,val,lips_masked,no_face_detected,2026-09-09T17:12:36
age42_063571.jpg,val,lips_masked,no_face_detected,2026-09-09T17:12:36
age55_045559.jpg,val,lips_masked,no_face_detected,2026-09-09T17:12:36
age42_062336.jpg,val,lips_masked,no_face_detected,2026-09-09T17:12:36
age40_066877.jpg,val,lips_masked,no_face_detected,2026-09-09T17:12:36
age61_079296.jpg,val,lips_masked,no_face_detected,2026-09-09T17:12:36
age15_003016.jpg,val,lips_masked,no_face_detected,2026-09-09T17:12:36
age20_059156.jpg,val,lips_masked,no_face_detected,2026-09-09T17:12:37
age21_058413.jpg,val,lips_masked,no_face_detected,2026-09-09T17:12:37
age54_044909.jpg,val,lips_masked,no_face_detected,2026-09-09T17:12:37
age21_051815.jpg,val,lips_masked,no_face_detected,2026-09-09T17:12:37
age4_054089.jpg,val,lips_masked,no_face_detected,2026-09-09T17:12:37
age17_074931.jpg,val,lips_masked,no_face_detected,2026-09-09T17:12:37
age27_024067.jpg,val,lips_masked,no_face_detected,2026-09-09T17:12:37
age2_054300.jpg,val,lips_masked,no_face_detected,2026-09-09T17:12:37
age60_075658.jpg,val,lips_masked,no_face_detected,2026-09-09T17:12:37
age27_022913.jpg,val,lips_masked,no_face_detected,2026-09-09T17:12:38
age51_047202.jpg,val,lips_masked,no_face_detected,2026-09-09T17:12:38
age60_043034.jpg,val,lips_masked,no_face_detected,2026-09-09T17:12:38
age20_022431.jpg,val,lips_masked,no_face_detected,2026-09-09T17:12:38
age25_024328.jpg,val,lips_masked,no_face_detected,2026-09-09T17:12:38
age16_050252.jpg,val,lips_masked,no_face_detected,2026-09-09T17:12:39
age48_039431.jpg,val,lips_masked,no_face_detected,2026-09-09T17:12:39
age6_008820.jpg,val,lips_masked,no_face_detected,2026-09-09T17:12:39
age3_054357.jpg,val,lips_masked,no_face_detected,2026-09-09T17:12:39
age60_076905.jpg,val,lips_masked,no_face_detected,2026-09-09T17:12:39
age53_049166.jpg,val,lips_masked,no_face_detected,2026-09-09T17:12:39
age10_010451.jpg,val,lips_masked,no_face_detected,2026-09-09T17:12:39
age16_073476.jpg,val,lips_masked,no_face_detected,2026-09-09T17:12:39
age78_083291.jpg,val,lips_masked,no_face_detected,2026-09-09T17:12:40
age13_005431.jpg,val,lips_masked,no_face_detected,2026-09-09T17:12:40
age55_044348.jpg,val,lips_masked,no_face_detected,2026-09-09T17:12:40
age12_003480.jpg,val,lips_masked,no_face_detected,2026-09-09T17:12:40
age67_033389.jpg,val,lips_masked,no_face_detected,2026-09-09T17:12:40
age13_001157.jpg,val,lips_masked,no_face_detected,2026-09-09T17:12:40
age6_010305.jpg,val,lips_masked,no_face_detected,2026-09-09T17:12:40
age68_032657.jpg,val,lips_masked,no_face_detected,2026-09-09T17:12:41
age34_017949.jpg,val,lips_masked,no_face_detected,2026-09-09T17:12:41
age12_006640.jpg,val,lips_masked,no_face_detected,2026-09-09T17:12:41
age8_013326.jpg,val,lips_masked,no_face_detected,2026-09-09T17:12:41
age72_027959.jpg,val,lips_masked,no_face_detected,2026-09-09T17:12:41
age30_014621.jpg,val,lips_masked,no_face_detected,2026-09-09T17:12:41
age10_001116.jpg,val,lips_masked,no_face_detected,2026-09-09T17:12:41
age27_025050.jpg,val,lips_masked,no_face_detected,2026-09-09T17:12:42
age25_059447.jpg,val,lips_masked,no_face_detected,2026-09-09T17:12:42
age25_025176.jpg,val,lips_masked,no_face_detected,2026-09-09T17:12:42
age10_004780.jpg,val,lips_masked,no_face_detected,2026-09-09T17:12:42
age31_013356.jpg,val,lips_masked,no_face_detected,2026-09-09T17:12:42
age48_041938.jpg,val,lips_masked,no_face_detected,2026-09-09T17:12:42
age10_000982.jpg,val,lips_masked,no_face_detected,2026-09-09T17:12:42
age10_008638.jpg,val,lips_masked,no_face_detected,2026-09-09T17:12:42
age63_050897.jpg,val,lips_masked,no_face_detected,2026-09-09T17:12:43
age54_046248.jpg,val,lips_masked,no_face_detected,2026-09-09T17:12:43
age15_002708.jpg,val,lips_masked,no_face_detected,2026-09-09T17:12:43
age54_044485.jpg,val,lips_masked,no_face_detected,2026-09-09T17:12:43
age4_054647.jpg,val,lips_masked,no_face_detected,2026-09-09T17:12:43
age33_020054.jpg,val,lips_masked,no_face_detected,2026-09-09T17:12:43
age48_037300.jpg,val,lips_masked,no_face_detected,2026-09-09T17:12:44
age10_003698.jpg,val,lips_masked,no_face_detected,2026-09-09T17:12:44
age47_042026.jpg,val,lips_masked,no_face_detected,2026-09-09T17:12:44
age47_043525.jpg,val,lips_masked,no_face_detected,2026-09-09T17:12:44
age6_007072.jpg,val,lips_masked,no_face_detected,2026-09-09T17:12:44
age25_025851.jpg,val,lips_masked,no_face_detected,2026-09-09T17:12:44
age75_028668.jpg,val,lips_masked,no_face_detected,2026-09-09T17:12:45
age20_059973.jpg,val,lips_masked,no_face_detected,2026-09-09T17:12:45
age25_056277.jpg,val,lips_masked,no_face_detected,2026-09-09T17:12:45
age63_078697.jpg,val,lips_masked,no_face_detected,2026-09-09T17:12:42
age58_076815.jpg,val,lips_masked,no_face_detected,2026-09-09T17:12:43
age10_002658.jpg,val,lips_masked,no_face_detected,2026-09-09T17:12:43
age12_004326.jpg,val,lips_masked,no_face_detected,2026-09-09T17:12:43
age34_017869.jpg,val,lips_masked,no_face_detected,2026-09-09T17:12:43
age3_007742.jpg,val,lips_masked,no_face_detected,2026-09-09T17:12:43
age31_018518.jpg,val,lips_masked,no_face_detected,2026-09-09T17:12:43
age6_005341.jpg,val,lips_masked,no_face_detected,2026-09-09T17:12:43
age25_023898.jpg,val,lips_masked,no_face_detected,2026-09-09T17:12:43
age38_043566.jpg,val,lips_masked,no_face_detected,2026-09-09T17:12:43
age34_015438.jpg,val,lips_masked,no_face_detected,2026-09-09T17:12:44
age50_048497.jpg,val,lips_masked,no_face_detected,2026-09-09T17:12:44
age65_080790.jpg,val,lips_masked,no_face_detected,2026-09-09T17:12:44
age41_060711.jpg,val,lips_masked,no_face_detected,2026-09-09T17:12:44
age68_035456.jpg,val,lips_masked,no_face_detected,2026-09-09T17:12:44
age15_070794.jpg,val,lips_masked,no_face_detected,2026-09-09T17:12:44
age42_056182.jpg,val,lips_masked,no_face_detected,2026-09-09T17:12:44
age11_004400.jpg,val,lips_masked,no_face_detected,2026-09-09T17:12:45
age77_082892.jpg,val,lips_masked,no_face_detected,2026-09-09T17:12:45
age38_018007.jpg,val,lips_masked,no_face_detected,2026-09-09T17:12:45
age27_023410.jpg,val,lips_masked,no_face_detected,2026-09-09T17:12:45
age62_076709.jpg,val,lips_masked,no_face_detected,2026-09-09T17:12:45
age50_041463.jpg,val,lips_masked,no_face_detected,2026-09-09T17:12:46
age57_078349.jpg,val,lips_masked,no_face_detected,2026-09-09T17:12:46
age6_011887.jpg,val,lips_masked,no_face_detected,2026-09-09T17:12:46
age45_061998.jpg,val,lips_masked,no_face_detected,2026-09-09T17:12:46
age27_021237.jpg,val,lips_masked,no_face_detected,2026-09-09T17:12:46
age66_034166.jpg,val,lips_masked,no_face_detected,2026-09-09T17:12:47
age68_034556.jpg,val,lips_masked,no_face_detected,2026-09-09T17:12:47
age26_026787.jpg,val,lips_masked,no_face_detected,2026-09-09T17:12:47
age10_009529.jpg,val,lips_masked,no_face_detected,2026-09-09T17:12:47
24_1_0_20170105183611646.jpg,val,lips_masked,no_face_detected,2026-09-09T17:12:48
age13_005872.jpg,val,lips_masked,no_face_detected,2026-09-09T17:12:49
age58_076847.jpg,val,lips_masked,no_face_detected,2026-09-09T17:12:49
age58_046579.jpg,val,lips_masked,no_face_detected,2026-09-09T17:12:49
age62_048806.jpg,val,lips_masked,no_face_detected,2026-09-09T17:12:49
age17_071450.jpg,val,lips_masked,no_face_detected,2026-09-09T17:12:49
age14_000774.jpg,val,lips_masked,no_face_detected,2026-09-09T17:12:49
age76_007361.jpg,val,lips_masked,no_face_detected,2026-09-09T17:12:49
age4_052678.jpg,val,lips_masked,no_face_detected,2026-09-09T17:12:49
age38_070334.jpg,val,lips_masked,no_face_detected,2026-09-09T17:12:49
age54_045891.jpg,val,lips_masked,no_face_detected,2026-09-09T17:12:49
age62_079964.jpg,val,lips_masked,no_face_detected,2026-09-09T17:12:50
age4_051989.jpg,val,lips_masked,no_face_detected,2026-09-09T17:12:50
age50_045500.jpg,val,lips_masked,no_face_detected,2026-09-09T17:12:50
age69_035063.jpg,val,lips_masked,no_face_detected,2026-09-09T17:12:50
age25_005920.jpg,val,lips_masked,no_face_detected,2026-09-09T17:12:50
age33_018926.jpg,val,lips_masked,no_face_detected,2026-09-09T17:12:50
age27_025670.jpg,val,lips_masked,no_face_detected,2026-09-09T17:12:50
age55_050016.jpg,val,lips_masked,no_face_detected,2026-09-09T17:12:51
age51_050102.jpg,val,lips_masked,no_face_detected,2026-09-09T17:12:51
age34_016016.jpg,val,lips_masked,no_face_detected,2026-09-09T17:12:51
age27_023086.jpg,val,lips_masked,no_face_detected,2026-09-09T17:12:51
age34_014854.jpg,val,lips_masked,no_face_detected,2026-09-09T17:12:51
age65_082690.jpg,val,lips_masked,no_face_detected,2026-09-09T17:12:52
age62_081521.jpg,val,lips_masked,no_face_detected,2026-09-09T17:12:52
age34_018500.jpg,val,lips_masked,no_face_detected,2026-09-09T17:12:52
age59_031105.jpg,val,lips_masked,no_face_detected,2026-09-09T17:12:52
age47_040850.jpg,val,lips_masked,no_face_detected,2026-09-09T17:12:52
75_0_1_20170111205412614.jpg,val,lips_masked,no_face_detected,2026-09-09T17:12:53
age20_056876.jpg,val,lips_masked,no_face_detected,2026-09-09T17:12:53
age4_054466.jpg,val,lips_masked,no_face_detected,2026-09-09T17:12:53
age6_012971.jpg,val,lips_masked,no_face_detected,2026-09-09T17:12:53
age31_016266.jpg,val,lips_masked,no_face_detected,2026-09-09T17:12:53
age15_000810.jpg,val,lips_masked,no_face_detected,2026-09-09T17:12:53
age20_026788.jpg,val,lips_masked,no_face_detected,2026-09-09T17:12:53
age40_067394.jpg,val,lips_masked,no_face_detected,2026-09-09T17:12:54
age9_012120.jpg,val,lips_masked,no_face_detected,2026-09-09T17:12:54
age42_060573.jpg,val,lips_masked,no_face_detected,2026-09-09T17:12:54
age48_040499.jpg,val,lips_masked,no_face_detected,2026-09-09T17:12:54
age47_038548.jpg,val,lips_masked,no_face_detected,2026-09-09T17:12:54
age61_046683.jpg,val,lips_masked,no_face_detected,2026-09-09T17:12:54
age38_065922.jpg,val,lips_masked,no_face_detected,2026-09-09T17:12:54
age65_036739.jpg,val,lips_masked,no_face_detected,2026-09-09T17:12:54
age59_033891.jpg,val,lips_masked,no_face_detected,2026-09-09T17:12:54
age27_022844.jpg,val,lips_masked,no_face_detected,2026-09-09T17:12:55
age68_032197.jpg,val,lips_masked,no_face_detected,2026-09-09T17:12:55
age55_049877.jpg,val,lips_masked,no_face_detected,2026-09-09T17:12:55
age58_044996.jpg,val,lips_masked,no_face_detected,2026-09-09T17:12:55
age15_001832.jpg,val,lips_masked,no_face_detected,2026-09-09T17:12:55
age10_011799.jpg,val,lips_masked,no_face_detected,2026-09-09T17:12:55
age2_054066.jpg,val,lips_masked,no_face_detected,2026-09-09T17:12:55
age40_068895.jpg,val,lips_masked,no_face_detected,2026-09-09T17:12:55
age48_008877.jpg,val,lips_masked,no_face_detected,2026-09-09T17:12:55
age48_037990.jpg,val,lips_masked,no_face_detected,2026-09-09T17:12:56
age55_078770.jpg,val,lips_masked,no_face_detected,2026-09-09T17:12:56
age11_006697.jpg,val,lips_masked,no_face_detected,2026-09-09T17:12:56
age31_020097.jpg,val,lips_masked,no_face_detected,2026-09-09T17:12:56
age7_005613.jpg,val,lips_masked,no_face_detected,2026-09-09T17:12:56
age5_055053.jpg,val,lips_masked,no_face_detected,2026-09-09T17:12:56
age55_047489.jpg,val,lips_masked,no_face_detected,2026-09-09T17:12:56
age47_042082.jpg,val,lips_masked,no_face_detected,2026-09-09T17:12:57
age25_028877.jpg,val,lips_masked,no_face_detected,2026-09-09T17:12:57
age86_027159.jpg,val,lips_masked,no_face_detected,2026-09-09T17:12:57
age25_023997.jpg,val,lips_masked,no_face_detected,2026-09-09T17:12:58
age72_028982.jpg,val,lips_masked,no_face_detected,2026-09-09T17:12:58
age41_061343.jpg,val,lips_masked,no_face_detected,2026-09-09T17:12:58
age37_016980.jpg,val,lips_masked,no_face_detected,2026-09-09T17:12:58
age40_063039.jpg,val,lips_masked,no_face_detected,2026-09-09T17:12:58
age75_083541.jpg,val,lips_masked,no_face_detected,2026-09-09T17:12:59
age33_019919.jpg,val,lips_masked,no_face_detected,2026-09-09T17:12:59
age68_031381.jpg,val,lips_masked,no_face_detected,2026-09-09T17:12:59
age65_032301.jpg,val,lips_masked,no_face_detected,2026-09-09T17:12:59
age60_027121.jpg,val,lips_masked,no_face_detected,2026-09-09T17:12:59
age55_031641.jpg,val,lips_masked,no_face_detected,2026-09-09T17:13:00
age13_002589.jpg,val,lips_masked,no_face_detected,2026-09-09T17:13:00
age40_060614.jpg,val,lips_masked,no_face_detected,2026-09-09T17:13:00
age16_074130.jpg,val,lips_masked,no_face_detected,2026-09-09T17:13:00
age17_074648.jpg,val,lips_masked,no_face_detected,2026-09-09T17:13:00
age31_016317.jpg,val,lips_masked,no_face_detected,2026-09-09T17:13:01
age58_075408.jpg,val,lips_masked,no_face_detected,2026-09-09T17:13:01
age37_069541.jpg,val,lips_masked,no_face_detected,2026-09-09T17:13:01
age58_076213.jpg,val,lips_masked,no_face_detected,2026-09-09T17:13:01
age8_007722.jpg,val,lips_masked,no_face_detected,2026-09-09T17:13:02
age6_013405.jpg,val,lips_masked,no_face_detected,2026-09-09T17:13:02
age20_055740.jpg,val,lips_masked,no_face_detected,2026-09-09T17:13:02
age66_036427.jpg,val,lips_masked,no_face_detected,2026-09-09T17:13:02
age67_032635.jpg,val,lips_masked,no_face_detected,2026-09-09T17:13:02
age54_045186.jpg,val,lips_masked,no_face_detected,2026-09-09T17:13:02
age69_031575.jpg,val,lips_masked,no_face_detected,2026-09-09T17:13:02
age34_016637.jpg,val,lips_masked,no_face_detected,2026-09-09T17:13:02
age50_040895.jpg,val,lips_masked,no_face_detected,2026-09-09T17:13:03
age26_025770.jpg,val,lips_masked,no_face_detected,2026-09-09T17:13:03
age35_016240.jpg,val,lips_masked,no_face_detected,2026-09-09T17:13:03
age27_021573.jpg,val,lips_masked,no_face_detected,2026-09-09T17:13:03
age50_042409.jpg,val,lips_masked,no_face_detected,2026-09-09T17:13:03
age47_041460.jpg,val,lips_masked,no_face_detected,2026-09-09T17:13:03
age55_029506.jpg,val,lips_masked,no_face_detected,2026-09-09T17:13:03
age31_014891.jpg,val,lips_masked,no_face_detected,2026-09-09T17:13:03
age73_027532.jpg,val,lips_masked,no_face_detected,2026-09-09T17:13:03
age40_064211.jpg,val,lips_masked,no_face_detected,2026-09-09T17:13:04
age69_034695.jpg,val,lips_masked,no_face_detected,2026-09-09T17:13:04
age61_082385.jpg,val,lips_masked,no_face_detected,2026-09-09T17:13:04
age55_046939.jpg,val,lips_masked,no_face_detected,2026-09-09T17:13:05
age36_068935.jpg,val,lips_masked,no_face_detected,2026-09-09T17:13:05
age60_082412.jpg,val,lips_masked,no_face_detected,2026-09-09T17:13:05
age6_012984.jpg,val,lips_masked,no_face_detected,2026-09-09T17:13:05
age64_047608.jpg,val,lips_masked,no_face_detected,2026-09-09T17:13:05
age65_035337.jpg,val,lips_masked,no_face_detected,2026-09-09T17:13:05
age10_004130.jpg,val,lips_masked,no_face_detected,2026-09-09T17:13:05
age45_042085.jpg,val,lips_masked,no_face_detected,2026-09-09T17:13:05
age2_054225.jpg,val,lips_masked,no_face_detected,2026-09-09T17:13:06
age25_026035.jpg,val,lips_masked,no_face_detected,2026-09-09T17:13:06
age50_042740.jpg,val,lips_masked,no_face_detected,2026-09-09T17:13:06
age27_023951.jpg,val,lips_masked,no_face_detected,2026-09-09T17:13:06
age44_062266.jpg,val,lips_masked,no_face_detected,2026-09-09T17:13:06
age48_012729.jpg,val,lips_masked,no_face_detected,2026-09-09T17:13:06
age65_081041.jpg,val,lips_masked,no_face_detected,2026-09-09T17:13:07
age42_063676.jpg,val,lips_masked,no_face_detected,2026-09-09T17:13:07
age79_083481.jpg,val,lips_masked,no_face_detected,2026-09-09T17:13:07
age73_027821.jpg,val,lips_masked,no_face_detected,2026-09-09T17:13:07
age53_045635.jpg,val,lips_masked,no_face_detected,2026-09-09T17:13:08
age25_024742.jpg,val,lips_masked,no_face_detected,2026-09-09T17:13:08
age44_030633.jpg,val,lips_masked,no_face_detected,2026-09-09T17:13:08
age58_078098.jpg,val,lips_masked,no_face_detected,2026-09-09T17:13:08
age27_025525.jpg,val,lips_masked,no_face_detected,2026-09-09T17:13:08
age69_032595.jpg,val,lips_masked,no_face_detected,2026-09-09T17:13:08
age62_079993.jpg,val,lips_masked,no_face_detected,2026-09-09T17:13:08
age34_016448.jpg,val,lips_masked,no_face_detected,2026-09-09T17:13:08
age41_062869.jpg,val,lips_masked,no_face_detected,2026-09-09T17:13:08
age6_011955.jpg,val,lips_masked,no_face_detected,2026-09-09T17:13:08
age37_065493.jpg,val,lips_masked,no_face_detected,2026-09-09T17:13:09
age27_024193.jpg,val,lips_masked,no_face_detected,2026-09-09T17:13:09
age39_064220.jpg,val,lips_masked,no_face_detected,2026-09-09T17:13:09
age34_016913.jpg,val,lips_masked,no_face_detected,2026-09-09T17:13:09
age81_084084.jpg,val,lips_masked,no_face_detected,2026-09-09T17:13:09
age40_065693.jpg,val,lips_masked,no_face_detected,2026-09-09T17:13:09
age31_017012.jpg,val,lips_masked,no_face_detected,2026-09-09T17:13:09
age50_037711.jpg,val,lips_masked,no_face_detected,2026-09-09T17:13:10
age60_080076.jpg,val,lips_masked,no_face_detected,2026-09-09T17:13:10
age64_082078.jpg,val,lips_masked,no_face_detected,2026-09-09T17:13:10
age23_012802.jpg,val,lips_masked,no_face_detected,2026-09-09T17:13:10
age68_031776.jpg,val,lips_masked,no_face_detected,2026-09-09T17:13:10
age11_003736.jpg,val,lips_masked,no_face_detected,2026-09-09T17:13:10
age76_083062.jpg,val,lips_masked,no_face_detected,2026-09-09T17:13:10
age41_064484.jpg,val,lips_masked,no_face_detected,2026-09-09T17:13:10
age14_003585.jpg,val,lips_masked,no_face_detected,2026-09-09T17:13:11
age57_076367.jpg,val,lips_masked,no_face_detected,2026-09-09T17:13:11
age54_048851.jpg,val,lips_masked,no_face_detected,2026-09-09T17:13:11
age31_019034.jpg,val,lips_masked,no_face_detected,2026-09-09T17:13:11
age31_018537.jpg,val,lips_masked,no_face_detected,2026-09-09T17:13:11
age18_071106.jpg,val,lips_masked,no_face_detected,2026-09-09T17:13:11
age40_017075.jpg,val,lips_masked,no_face_detected,2026-09-09T17:13:11
age5_007178.jpg,val,lips_masked,no_face_detected,2026-09-09T17:13:11
age37_069457.jpg,val,lips_masked,no_face_detected,2026-09-09T17:13:12
age72_029223.jpg,val,lips_masked,no_face_detected,2026-09-09T17:13:12
age66_032876.jpg,val,lips_masked,no_face_detected,2026-09-09T17:13:12
age5_003989.jpg,val,lips_masked,no_face_detected,2026-09-09T17:13:12
age48_041697.jpg,val,lips_masked,no_face_detected,2026-09-09T17:13:12
age13_001582.jpg,val,lips_masked,no_face_detected,2026-09-09T17:13:12
age66_031779.jpg,val,lips_masked,no_face_detected,2026-09-09T17:13:12
age60_077191.jpg,val,lips_masked,no_face_detected,2026-09-09T17:13:12
age25_024322.jpg,val,lips_masked,no_face_detected,2026-09-09T17:13:12
age48_042424.jpg,val,lips_masked,no_face_detected,2026-09-09T17:13:13
age4_052101.jpg,val,lips_masked,no_face_detected,2026-09-09T17:13:13
age40_063502.jpg,val,lips_masked,no_face_detected,2026-09-09T17:13:13
age11_002293.jpg,val,lips_masked,no_face_detected,2026-09-09T17:13:13
age50_047788.jpg,val,lips_masked,no_face_detected,2026-09-09T17:13:13
age58_076497.jpg,val,lips_masked,no_face_detected,2026-09-09T17:13:13
age25_056701.jpg,val,lips_masked,no_face_detected,2026-09-09T17:13:13
age27_024889.jpg,val,lips_masked,no_face_detected,2026-09-09T17:13:14
age49_029224.jpg,val,lips_masked,no_face_detected,2026-09-09T17:13:14
age6_008894.jpg,val,lips_masked,no_face_detected,2026-09-09T17:13:14
age4_052478.jpg,val,lips_masked,no_face_detected,2026-09-09T17:13:14
age2_054000.jpg,val,lips_masked,no_face_detected,2026-09-09T17:13:11
age55_050251.jpg,val,lips_masked,no_face_detected,2026-09-09T17:13:12
age65_033870.jpg,val,lips_masked,no_face_detected,2026-09-09T17:13:12
age35_017285.jpg,val,lips_masked,no_face_detected,2026-09-09T17:13:12
age79_076626.jpg,val,lips_masked,no_face_detected,2026-09-09T17:13:12
age31_020245.jpg,val,lips_masked,no_face_detected,2026-09-09T17:13:12
age4_053560.jpg,val,lips_masked,no_face_detected,2026-09-09T17:13:12
age60_075983.jpg,val,lips_masked,no_face_detected,2026-09-09T17:13:12
age25_056014.jpg,val,lips_masked,no_face_detected,2026-09-09T17:13:13
age72_029949.jpg,val,lips_masked,no_face_detected,2026-09-09T17:13:13
age37_069761.jpg,val,lips_masked,no_face_detected,2026-09-09T17:13:13
age38_068438.jpg,val,lips_masked,no_face_detected,2026-09-09T17:13:13
age58_035068.jpg,val,lips_masked,no_face_detected,2026-09-09T17:13:13
age53_046087.jpg,val,lips_masked,no_face_detected,2026-09-09T17:13:13
age54_029075.jpg,val,lips_masked,no_face_detected,2026-09-09T17:13:13
age13_003706.jpg,val,lips_masked,no_face_detected,2026-09-09T17:13:13
age67_034734.jpg,val,lips_masked,no_face_detected,2026-09-09T17:13:13
age36_065912.jpg,val,lips_masked,no_face_detected,2026-09-09T17:13:14
age40_023784.jpg,val,lips_masked,no_face_detected,2026-09-09T17:13:14
age47_038703.jpg,val,lips_masked,no_face_detected,2026-09-09T17:13:14
age40_062517.jpg,val,lips_masked,no_face_detected,2026-09-09T17:13:15
age25_025640.jpg,val,lips_masked,no_face_detected,2026-09-09T17:13:15
age4_054165.jpg,val,lips_masked,no_face_detected,2026-09-09T17:13:15
age50_042326.jpg,val,lips_masked,no_face_detected,2026-09-09T17:13:15
age31_014719.jpg,val,lips_masked,no_face_detected,2026-09-09T17:13:15
age40_062046.jpg,val,lips_masked,no_face_detected,2026-09-09T17:13:15
age34_015749.jpg,val,lips_masked,no_face_detected,2026-09-09T17:13:15
age57_075601.jpg,val,lips_masked,no_face_detected,2026-09-09T17:13:15
age10_013626.jpg,val,lips_masked,no_face_detected,2026-09-09T17:13:15
age20_056247.jpg,val,lips_masked,no_face_detected,2026-09-09T17:13:16
age50_047370.jpg,val,lips_masked,no_face_detected,2026-09-09T17:13:16
age54_048223.jpg,val,lips_masked,no_face_detected,2026-09-09T17:13:16
age30_018878.jpg,val,lips_masked,no_face_detected,2026-09-09T17:13:16
age53_048891.jpg,val,lips_masked,no_face_detected,2026-09-09T17:13:16
age54_047162.jpg,val,lips_masked,no_face_detected,2026-09-09T17:13:16
age61_028608.jpg,val,lips_masked,no_face_detected,2026-09-09T17:13:16
age62_079435.jpg,val,lips_masked,no_face_detected,2026-09-09T17:13:17
age50_042683.jpg,val,lips_masked,no_face_detected,2026-09-09T17:13:17
age40_067620.jpg,val,lips_masked,no_face_detected,2026-09-09T17:13:17
age56_032086.jpg,val,lips_masked,no_face_detected,2026-09-09T17:13:17
age67_031814.jpg,val,lips_masked,no_face_detected,2026-09-09T17:13:17
age18_074200.jpg,val,lips_masked,no_face_detected,2026-09-09T17:13:18
age11_000055.jpg,val,lips_masked,no_face_detected,2026-09-09T17:13:18
age47_040252.jpg,val,lips_masked,no_face_detected,2026-09-09T17:13:18
age47_037513.jpg,val,lips_masked,no_face_detected,2026-09-09T17:13:18
age11_006334.jpg,val,lips_masked,no_face_detected,2026-09-09T17:13:19
age36_070272.jpg,val,lips_masked,no_face_detected,2026-09-09T17:13:19
age46_040591.jpg,val,lips_masked,no_face_detected,2026-09-09T17:13:19
age31_020380.jpg,val,lips_masked,no_face_detected,2026-09-09T17:13:19
age42_060630.jpg,val,lips_masked,no_face_detected,2026-09-09T17:13:19
age31_019898.jpg,val,lips_masked,no_face_detected,2026-09-09T17:13:19
age78_045926.jpg,val,lips_masked,no_face_detected,2026-09-09T17:13:19
age34_018334.jpg,val,lips_masked,no_face_detected,2026-09-09T17:13:19
age27_023269.jpg,val,lips_masked,no_face_detected,2026-09-09T17:13:19
age31_019159.jpg,val,lips_masked,no_face_detected,2026-09-09T17:13:19
age31_013988.jpg,val,lips_masked,no_face_detected,2026-09-09T17:13:20
age40_065451.jpg,val,lips_masked,no_face_detected,2026-09-09T17:13:20
age20_070985.jpg,val,lips_masked,no_face_detected,2026-09-09T17:13:20
age50_046875.jpg,val,lips_masked,no_face_detected,2026-09-09T17:13:20
age67_035567.jpg,val,lips_masked,no_face_detected,2026-09-09T17:13:20
age56_043834.jpg,val,lips_masked,no_face_detected,2026-09-09T17:13:21
age19_071725.jpg,val,lips_masked,no_face_detected,2026-09-09T17:13:21
age21_059952.jpg,val,lips_masked,no_face_detected,2026-09-09T17:13:21
age63_015140.jpg,val,lips_masked,no_face_detected,2026-09-09T17:13:21
age57_075828.jpg,val,lips_masked,no_face_detected,2026-09-09T17:13:21
age37_068123.jpg,val,lips_masked,no_face_detected,2026-09-09T17:13:21
age72_028045.jpg,val,lips_masked,no_face_detected,2026-09-09T17:13:21
age11_006093.jpg,val,lips_masked,no_face_detected,2026-09-09T17:13:22
age84_083744.jpg,val,lips_masked,no_face_detected,2026-09-09T17:13:22
age38_066922.jpg,val,lips_masked,no_face_detected,2026-09-09T17:13:22
age53_048993.jpg,val,lips_masked,no_face_detected,2026-09-09T17:13:22
age61_080333.jpg,val,lips_masked,no_face_detected,2026-09-09T17:13:22
age48_043466.jpg,val,lips_masked,no_face_detected,2026-09-09T17:13:23
age23_006301.jpg,val,lips_masked,no_face_detected,2026-09-09T17:13:23
age53_044988.jpg,val,lips_masked,no_face_detected,2026-09-09T17:13:23
age74_030822.jpg,val,lips_masked,no_face_detected,2026-09-09T17:13:23
age71_029414.jpg,val,lips_masked,no_face_detected,2026-09-09T17:13:23
age42_063845.jpg,val,lips_masked,no_face_detected,2026-09-09T17:13:23
age52_015511.jpg,val,lips_masked,no_face_detected,2026-09-09T17:13:23
age65_081399.jpg,val,lips_masked,no_face_detected,2026-09-09T17:13:24
age44_029702.jpg,val,lips_masked,no_face_detected,2026-09-09T17:13:24
age35_016979.jpg,val,lips_masked,no_face_detected,2026-09-09T17:13:24
age58_076128.jpg,val,lips_masked,no_face_detected,2026-09-09T17:13:24
age4_053368.jpg,val,lips_masked,no_face_detected,2026-09-09T17:13:24
age46_042098.jpg,val,lips_masked,no_face_detected,2026-09-09T17:13:24
age50_038246.jpg,val,lips_masked,no_face_detected,2026-09-09T17:13:24
age27_026782.jpg,val,lips_masked,no_face_detected,2026-09-09T17:13:24
age17_070775.jpg,val,lips_masked,no_face_detected,2026-09-09T17:13:25
age65_080915.jpg,val,lips_masked,no_face_detected,2026-09-09T17:13:25
age22_021205.jpg,val,lips_masked,no_face_detected,2026-09-09T17:13:25
age3_054067.jpg,val,lips_masked,no_face_detected,2026-09-09T17:13:25
age38_065975.jpg,val,lips_masked,no_face_detected,2026-09-09T17:13:26
age20_071513.jpg,val,lips_masked,no_face_detected,2026-09-09T17:13:26
age27_024436.jpg,val,lips_masked,no_face_detected,2026-09-09T17:13:26
age53_049876.jpg,val,lips_masked,no_face_detected,2026-09-09T17:13:26
age8_000305.jpg,val,lips_masked,no_face_detected,2026-09-09T17:13:26
age58_078055.jpg,val,lips_masked,no_face_detected,2026-09-09T17:13:27
age21_058464.jpg,val,lips_masked,no_face_detected,2026-09-09T17:13:27
age2_054787.jpg,val,lips_masked,no_face_detected,2026-09-09T17:13:27
age41_007723.jpg,val,lips_masked,no_face_detected,2026-09-09T17:13:27
age6_012677.jpg,val,lips_masked,no_face_detected,2026-09-09T17:13:27
age22_058127.jpg,val,lips_masked,no_face_detected,2026-09-09T17:13:27
age67_032385.jpg,val,lips_masked,no_face_detected,2026-09-09T17:13:27
age74_030936.jpg,val,lips_masked,no_face_detected,2026-09-09T17:13:28
age55_044503.jpg,val,lips_masked,no_face_detected,2026-09-09T17:13:28
age47_040086.jpg,val,lips_masked,no_face_detected,2026-09-09T17:13:28
age48_026869.jpg,val,lips_masked,no_face_detected,2026-09-09T17:13:28
age17_072686.jpg,val,lips_masked,no_face_detected,2026-09-09T17:13:28
age77_083103.jpg,val,lips_masked,no_face_detected,2026-09-09T17:13:28
age15_005981.jpg,val,lips_masked,no_face_detected,2026-09-09T17:13:28
age71_030687.jpg,val,lips_masked,no_face_detected,2026-09-09T17:13:29
age11_005919.jpg,val,lips_masked,no_face_detected,2026-09-09T17:13:29
age18_074323.jpg,val,lips_masked,no_face_detected,2026-09-09T17:13:29
age63_008303.jpg,val,lips_masked,no_face_detected,2026-09-09T17:13:29
age25_026144.jpg,val,lips_masked,no_face_detected,2026-09-09T17:13:29
age38_069603.jpg,val,lips_masked,no_face_detected,2026-09-09T17:13:29
age27_024848.jpg,val,lips_masked,no_face_detected,2026-09-09T17:13:29
age69_036354.jpg,val,lips_masked,no_face_detected,2026-09-09T17:13:29
age62_082476.jpg,val,lips_masked,no_face_detected,2026-09-09T17:13:30
age54_045181.jpg,val,lips_masked,no_face_detected,2026-09-09T17:13:30
age70_027952.jpg,val,lips_masked,no_face_detected,2026-09-09T17:13:30
age31_019063.jpg,val,lips_masked,no_face_detected,2026-09-09T17:13:30
age33_018279.jpg,val,lips_masked,no_face_detected,2026-09-09T17:13:30
age4_054454.jpg,val,lips_masked,no_face_detected,2026-09-09T17:13:30
age18_074294.jpg,val,lips_masked,no_face_detected,2026-09-09T17:13:30
age15_011476.jpg,val,lips_masked,no_face_detected,2026-09-09T17:13:30
age58_078960.jpg,val,lips_masked,no_face_detected,2026-09-09T17:13:30
age82_084002.jpg,val,lips_masked,no_face_detected,2026-09-09T17:13:30
age55_076560.jpg,val,lips_masked,no_face_detected,2026-09-09T17:13:31
age57_078554.jpg,val,lips_masked,no_face_detected,2026-09-09T17:13:31
age41_061768.jpg,val,lips_masked,no_face_detected,2026-09-09T17:13:31
age53_048041.jpg,val,lips_masked,no_face_detected,2026-09-09T17:13:31
age12_002464.jpg,val,lips_masked,no_face_detected,2026-09-09T17:13:31
age4_050568.jpg,val,lips_masked,no_face_detected,2026-09-09T17:13:31
age17_073037.jpg,val,lips_masked,no_face_detected,2026-09-09T17:13:32
age48_042065.jpg,val,lips_masked,no_face_detected,2026-09-09T17:13:32
age64_081812.jpg,val,lips_masked,no_face_detected,2026-09-09T17:13:32
age73_029591.jpg,val,lips_masked,no_face_detected,2026-09-09T17:13:32
age2_053756.jpg,val,lips_masked,no_face_detected,2026-09-09T17:13:32
age48_041375.jpg,val,lips_masked,no_face_detected,2026-09-09T17:13:32
age38_066919.jpg,val,lips_masked,no_face_detected,2026-09-09T17:13:33
age40_062349.jpg,val,lips_masked,no_face_detected,2026-09-09T17:13:33
age48_043409.jpg,val,lips_masked,no_face_detected,2026-09-09T17:13:33
age11_000599.jpg,val,lips_masked,no_face_detected,2026-09-09T17:13:33
age37_069748.jpg,val,lips_masked,no_face_detected,2026-09-09T17:13:33
age2_054730.jpg,val,lips_masked,no_face_detected,2026-09-09T17:13:33
age27_023618.jpg,val,lips_masked,no_face_detected,2026-09-09T17:13:33
age12_000220.jpg,val,lips_masked,no_face_detected,2026-09-09T17:13:34
age10_009750.jpg,val,lips_masked,no_face_detected,2026-09-09T17:13:34
age15_072009.jpg,val,lips_masked,no_face_detected,2026-09-09T17:13:34
age15_070870.jpg,val,lips_masked,no_face_detected,2026-09-09T17:13:34
age31_020334.jpg,val,lips_masked,no_face_detected,2026-09-09T17:13:34
age21_058609.jpg,val,lips_masked,no_face_detected,2026-09-09T17:13:34
age41_062269.jpg,val,lips_masked,no_face_detected,2026-09-09T17:13:34
age4_050894.jpg,val,lips_masked,no_face_detected,2026-09-09T17:13:35
age55_046304.jpg,val,lips_masked,no_face_detected,2026-09-09T17:13:35
age15_005894.jpg,val,lips_masked,no_face_detected,2026-09-09T17:13:35
age38_065542.jpg,val,lips_masked,no_face_detected,2026-09-09T17:13:35
age27_023425.jpg,val,lips_masked,no_face_detected,2026-09-09T17:13:35
age14_006309.jpg,val,lips_masked,no_face_detected,2026-09-09T17:13:36
age7_007898.jpg,val,lips_masked,no_face_detected,2026-09-09T17:13:36
age4_053048.jpg,val,lips_masked,no_face_detected,2026-09-09T17:13:36
age20_056100.jpg,val,lips_masked,no_face_detected,2026-09-09T17:13:36
age59_076898.jpg,val,lips_masked,no_face_detected,2026-09-09T17:13:36
age41_061290.jpg,val,lips_masked,no_face_detected,2026-09-09T17:13:36
age40_067379.jpg,val,lips_masked,no_face_detected,2026-09-09T17:13:36
age53_044566.jpg,val,lips_masked,no_face_detected,2026-09-09T17:13:36
age16_074175.jpg,val,lips_masked,no_face_detected,2026-09-09T17:13:37
age42_062444.jpg,val,lips_masked,no_face_detected,2026-09-09T17:13:37
age15_006450.jpg,val,lips_masked,no_face_detected,2026-09-09T17:13:37
age18_072626.jpg,val,lips_masked,no_face_detected,2026-09-09T17:13:37
age27_021193.jpg,val,lips_masked,no_face_detected,2026-09-09T17:13:37
age50_037468.jpg,val,lips_masked,no_face_detected,2026-09-09T17:13:37
age55_075979.jpg,val,lips_masked,no_face_detected,2026-09-09T17:13:38
age34_018489.jpg,val,lips_masked,no_face_detected,2026-09-09T17:13:38
age6_009816.jpg,val,lips_masked,no_face_detected,2026-09-09T17:13:38
age69_036244.jpg,val,lips_masked,no_face_detected,2026-09-09T17:13:38
age70_033215.jpg,val,lips_masked,no_face_detected,2026-09-09T17:13:38
age7_013728.jpg,val,lips_masked,no_face_detected,2026-09-09T17:13:38
age34_016780.jpg,val,lips_masked,no_face_detected,2026-09-09T17:13:39
age17_071392.jpg,val,lips_masked,no_face_detected,2026-09-09T17:13:39
age60_079157.jpg,val,lips_masked,no_face_detected,2026-09-09T17:13:39
age22_004214.jpg,val,lips_masked,no_face_detected,2026-09-09T17:13:39
age22_055486.jpg,val,lips_masked,no_face_detected,2026-09-09T17:13:39
age19_000890.jpg,val,lips_masked,no_face_detected,2026-09-09T17:13:39
age49_040337.jpg,val,lips_masked,no_face_detected,2026-09-09T17:13:39
age72_029701.jpg,val,lips_masked,no_face_detected,2026-09-09T17:13:39
age27_026443.jpg,val,lips_masked,no_face_detected,2026-09-09T17:13:40
age31_015111.jpg,val,lips_masked,no_face_detected,2026-09-09T17:13:40
age77_082780.jpg,val,lips_masked,no_face_detected,2026-09-09T17:13:40
age27_023453.jpg,val,lips_masked,no_face_detected,2026-09-09T17:13:41
age36_067024.jpg,val,lips_masked,no_face_detected,2026-09-09T17:13:41
age54_048683.jpg,val,lips_masked,no_face_detected,2026-09-09T17:13:41
age62_079915.jpg,val,lips_masked,no_face_detected,2026-09-09T17:13:41
age57_078622.jpg,val,lips_masked,no_face_detected,2026-09-09T17:13:41
age9_005334.jpg,val,lips_masked,no_face_detected,2026-09-09T17:13:41
age37_067800.jpg,val,lips_masked,no_face_detected,2026-09-09T17:13:42
age63_067872.jpg,val,lips_masked,no_face_detected,2026-09-09T17:13:42
age45_040162.jpg,val,lips_masked,no_face_detected,2026-09-09T17:13:42
age4_052095.jpg,val,lips_masked,no_face_detected,2026-09-09T17:13:42
age27_021770.jpg,val,lips_masked,no_face_detected,2026-09-09T17:13:42
age10_008328.jpg,val,lips_masked,no_face_detected,2026-09-09T17:13:42
age38_065717.jpg,val,lips_masked,no_face_detected,2026-09-09T17:13:42
age47_039743.jpg,val,lips_masked,no_face_detected,2026-09-09T17:13:42
age25_021616.jpg,val,lips_masked,no_face_detected,2026-09-09T17:13:42
age6_010515.jpg,val,lips_masked,no_face_detected,2026-09-09T17:13:42
age31_014016.jpg,val,lips_masked,no_face_detected,2026-09-09T17:13:43
age13_003486.jpg,val,lips_masked,no_face_detected,2026-09-09T17:13:43
age31_020951.jpg,val,lips_masked,no_face_detected,2026-09-09T17:13:43
age37_065232.jpg,val,lips_masked,no_face_detected,2026-09-09T17:13:44
age27_021126.jpg,val,lips_masked,no_face_detected,2026-09-09T17:13:44
age37_040452.jpg,val,lips_masked,no_face_detected,2026-09-09T17:13:41
age50_041317.jpg,val,lips_masked,no_face_detected,2026-09-09T17:13:41
age2_052494.jpg,val,lips_masked,no_face_detected,2026-09-09T17:13:41
age61_066265.jpg,val,lips_masked,no_face_detected,2026-09-09T17:13:41
age39_063249.jpg,val,lips_masked,no_face_detected,2026-09-09T17:13:41
age61_081108.jpg,val,lips_masked,no_face_detected,2026-09-09T17:13:42
age21_060234.jpg,val,lips_masked,no_face_detected,2026-09-09T17:13:42
age38_065168.jpg,val,lips_masked,no_face_detected,2026-09-09T17:13:42
age48_044124.jpg,val,lips_masked,no_face_detected,2026-09-09T17:13:42
age61_079639.jpg,val,lips_masked,no_face_detected,2026-09-09T17:13:42
age22_056172.jpg,val,lips_masked,no_face_detected,2026-09-09T17:13:42
age48_042030.jpg,val,lips_masked,no_face_detected,2026-09-09T17:13:42
age58_075323.jpg,val,lips_masked,no_face_detected,2026-09-09T17:13:42
age37_070255.jpg,val,lips_masked,no_face_detected,2026-09-09T17:13:42
age50_037956.jpg,val,lips_masked,no_face_detected,2026-09-09T17:13:43
age41_064558.jpg,val,lips_masked,no_face_detected,2026-09-09T17:13:43
age10_001472.jpg,val,lips_masked,no_face_detected,2026-09-09T17:13:43
age31_017134.jpg,val,lips_masked,no_face_detected,2026-09-09T17:13:43
age73_030761.jpg,val,lips_masked,no_face_detected,2026-09-09T17:13:43
age20_056101.jpg,val,lips_masked,no_face_detected,2026-09-09T17:13:43
age82_084077.jpg,val,lips_masked,no_face_detected,2026-09-09T17:13:43
age36_069908.jpg,val,lips_masked,no_face_detected,2026-09-09T17:13:43
age48_039996.jpg,val,lips_masked,no_face_detected,2026-09-09T17:13:44
age46_038079.jpg,val,lips_masked,no_face_detected,2026-09-09T17:13:44
age60_079584.jpg,val,lips_masked,no_face_detected,2026-09-09T17:13:44
age27_025960.jpg,val,lips_masked,no_face_detected,2026-09-09T17:13:44
age71_030992.jpg,val,lips_masked,no_face_detected,2026-09-09T17:13:44
age47_037512.jpg,val,lips_masked,no_face_detected,2026-09-09T17:13:45
age4_051088.jpg,val,lips_masked,no_face_detected,2026-09-09T17:13:45
age57_079077.jpg,val,lips_masked,no_face_detected,2026-09-09T17:13:45
age65_082034.jpg,val,lips_masked,no_face_detected,2026-09-09T17:13:45
age55_076221.jpg,val,lips_masked,no_face_detected,2026-09-09T17:13:45
age21_058950.jpg,val,lips_masked,no_face_detected,2026-09-09T17:13:45
age61_079334.jpg,val,lips_masked,no_face_detected,2026-09-09T17:13:45
age38_030488.jpg,val,lips_masked,no_face_detected,2026-09-09T17:13:45
age13_003978.jpg,val,lips_masked,no_face_detected,2026-09-09T17:13:45
age45_026536.jpg,val,lips_masked,no_face_detected,2026-09-09T17:13:45
age4_053053.jpg,val,lips_masked,no_face_detected,2026-09-09T17:13:45
age42_064436.jpg,val,lips_masked,no_face_detected,2026-09-09T17:13:45
age76_083126.jpg,val,lips_masked,no_face_detected,2026-09-09T17:13:45
age53_049763.jpg,val,lips_masked,no_face_detected,2026-09-09T17:13:45
age13_003827.jpg,val,lips_masked,no_face_detected,2026-09-09T17:13:46
age55_077574.jpg,val,lips_masked,no_face_detected,2026-09-09T17:13:46
age40_061994.jpg,val,lips_masked,no_face_detected,2026-09-09T17:13:46
age53_042298.jpg,val,lips_masked,no_face_detected,2026-09-09T17:13:46
age6_012197.jpg,val,lips_masked,no_face_detected,2026-09-09T17:13:46
age34_020078.jpg,val,lips_masked,no_face_detected,2026-09-09T17:13:46
age49_043893.jpg,val,lips_masked,no_face_detected,2026-09-09T17:13:47
age35_015138.jpg,val,lips_masked,no_face_detected,2026-09-09T17:13:47
age72_028189.jpg,val,lips_masked,no_face_detected,2026-09-09T17:13:47
age53_049894.jpg,val,lips_masked,no_face_detected,2026-09-09T17:13:47
age34_016019.jpg,val,lips_masked,no_face_detected,2026-09-09T17:13:47
age18_071128.jpg,val,lips_masked,no_face_detected,2026-09-09T17:13:47
age62_081610.jpg,val,lips_masked,no_face_detected,2026-09-09T17:13:47
age53_034317.jpg,val,lips_masked,no_face_detected,2026-09-09T17:13:48
age48_043071.jpg,val,lips_masked,no_face_detected,2026-09-09T17:13:48
age70_028440.jpg,val,lips_masked,no_face_detected,2026-09-09T17:13:48
age47_039093.jpg,val,lips_masked,no_face_detected,2026-09-09T17:13:48
age15_006300.jpg,val,lips_masked,no_face_detected,2026-09-09T17:13:48
age19_072817.jpg,val,lips_masked,no_face_detected,2026-09-09T17:13:49
age27_023875.jpg,val,lips_masked,no_face_detected,2026-09-09T17:13:49
age10_002139.jpg,val,lips_masked,no_face_detected,2026-09-09T17:13:49
age10_011047.jpg,val,lips_masked,no_face_detected,2026-09-09T17:13:49
age6_008153.jpg,val,lips_masked,no_face_detected,2026-09-09T17:13:49
age61_079471.jpg,val,lips_masked,no_face_detected,2026-09-09T17:13:49
age21_058254.jpg,val,lips_masked,no_face_detected,2026-09-09T17:13:49
age37_066015.jpg,val,lips_masked,no_face_detected,2026-09-09T17:13:50
age40_066370.jpg,val,lips_masked,no_face_detected,2026-09-09T17:13:50
age55_075653.jpg,val,lips_masked,no_face_detected,2026-09-09T17:13:50
age41_062324.jpg,val,lips_masked,no_face_detected,2026-09-09T17:13:50
age58_044310.jpg,val,lips_masked,no_face_detected,2026-09-09T17:13:50
age53_044360.jpg,val,lips_masked,no_face_detected,2026-09-09T17:13:50
age20_007899.jpg,val,lips_masked,no_face_detected,2026-09-09T17:13:50
age4_053890.jpg,val,lips_masked,no_face_detected,2026-09-09T17:13:50
age6_012333.jpg,val,lips_masked,no_face_detected,2026-09-09T17:13:51
age38_065847.jpg,val,lips_masked,no_face_detected,2026-09-09T17:13:51
age12_002567.jpg,val,lips_masked,no_face_detected,2026-09-09T17:13:51
age47_043689.jpg,val,lips_masked,no_face_detected,2026-09-09T17:13:51
age4_050598.jpg,val,lips_masked,no_face_detected,2026-09-09T17:13:51
age34_020221.jpg,val,lips_masked,no_face_detected,2026-09-09T17:13:51
age42_062627.jpg,val,lips_masked,no_face_detected,2026-09-09T17:13:51
age50_041567.jpg,val,lips_masked,no_face_detected,2026-09-09T17:13:51
age66_020922.jpg,val,lips_masked,no_face_detected,2026-09-09T17:13:51
age80_083653.jpg,val,lips_masked,no_face_detected,2026-09-09T17:13:52
age48_036846.jpg,val,lips_masked,no_face_detected,2026-09-09T17:13:52
age11_001647.jpg,val,lips_masked,no_face_detected,2026-09-09T17:13:52
age66_034804.jpg,val,lips_masked,no_face_detected,2026-09-09T17:13:52
age21_058995.jpg,val,lips_masked,no_face_detected,2026-09-09T17:13:52
age10_007278.jpg,val,lips_masked,no_face_detected,2026-09-09T17:13:52
age54_047772.jpg,val,lips_masked,no_face_detected,2026-09-09T17:13:52
age62_082374.jpg,val,lips_masked,no_face_detected,2026-09-09T17:13:52
age2_053180.jpg,val,lips_masked,no_face_detected,2026-09-09T17:13:53
age50_046894.jpg,val,lips_masked,no_face_detected,2026-09-09T17:13:53
age20_059209.jpg,val,lips_masked,no_face_detected,2026-09-09T17:13:53
age57_077367.jpg,val,lips_masked,no_face_detected,2026-09-09T17:13:53
age70_031195.jpg,val,lips_masked,no_face_detected,2026-09-09T17:13:53
age33_019446.jpg,val,lips_masked,no_face_detected,2026-09-09T17:13:53
age34_014182.jpg,val,lips_masked,no_face_detected,2026-09-09T17:13:53
age83_047205.jpg,val,lips_masked,no_face_detected,2026-09-09T17:13:54
age55_078655.jpg,val,lips_masked,no_face_detected,2026-09-09T17:13:54
age5_052714.jpg,val,lips_masked,no_face_detected,2026-09-09T17:13:54
age69_033673.jpg,val,lips_masked,no_face_detected,2026-09-09T17:13:54
age61_081069.jpg,val,lips_masked,no_face_detected,2026-09-09T17:13:54
age13_000874.jpg,val,lips_masked,no_face_detected,2026-09-09T17:13:55
age60_075341.jpg,val,lips_masked,no_face_detected,2026-09-09T17:13:55
age20_074956.jpg,val,lips_masked,no_face_detected,2026-09-09T17:13:55
age11_000043.jpg,val,lips_masked,no_face_detected,2026-09-09T17:13:55
age45_030752.jpg,val,lips_masked,no_face_detected,2026-09-09T17:13:55
age73_029219.jpg,val,lips_masked,no_face_detected,2026-09-09T17:13:56
age57_043718.jpg,val,lips_masked,no_face_detected,2026-09-09T17:13:56
age68_033171.jpg,val,lips_masked,no_face_detected,2026-09-09T17:13:56
age48_038693.jpg,val,lips_masked,no_face_detected,2026-09-09T17:13:56
age58_078347.jpg,val,lips_masked,no_face_detected,2026-09-09T17:13:56
age27_024348.jpg,val,lips_masked,no_face_detected,2026-09-09T17:13:57
age67_033111.jpg,val,lips_masked,no_face_detected,2026-09-09T17:13:57
age67_032883.jpg,val,lips_masked,no_face_detected,2026-09-09T17:13:57
age50_047715.jpg,val,lips_masked,no_face_detected,2026-09-09T17:13:57
age90_027362.jpg,val,lips_masked,no_face_detected,2026-09-09T17:13:57
age47_036947.jpg,val,lips_masked,no_face_detected,2026-09-09T17:13:58
age70_029100.jpg,val,lips_masked,no_face_detected,2026-09-09T17:13:58
age58_078605.jpg,val,lips_masked,no_face_detected,2026-09-09T17:13:58
age34_019243.jpg,val,lips_masked,no_face_detected,2026-09-09T17:13:58
age70_035271.jpg,val,lips_masked,no_face_detected,2026-09-09T17:13:58
age79_083612.jpg,val,lips_masked,no_face_detected,2026-09-09T17:13:58
age68_031935.jpg,val,lips_masked,no_face_detected,2026-09-09T17:13:59
age6_013778.jpg,val,lips_masked,no_face_detected,2026-09-09T17:13:59
age21_004327.jpg,val,lips_masked,no_face_detected,2026-09-09T17:13:59
age37_066821.jpg,val,lips_masked,no_face_detected,2026-09-09T17:13:59
age23_055460.jpg,val,lips_masked,no_face_detected,2026-09-09T17:13:59
age41_063431.jpg,val,lips_masked,no_face_detected,2026-09-09T17:13:59
age60_080601.jpg,val,lips_masked,no_face_detected,2026-09-09T17:14:00
age79_083448.jpg,val,lips_masked,no_face_detected,2026-09-09T17:14:00
age19_071101.jpg,val,lips_masked,no_face_detected,2026-09-09T17:14:00
age58_076151.jpg,val,lips_masked,no_face_detected,2026-09-09T17:14:00
age22_022754.jpg,val,lips_masked,no_face_detected,2026-09-09T17:14:00
age81_083764.jpg,val,lips_masked,no_face_detected,2026-09-09T17:14:01
80_0_0_20170111211457352.jpg,val,lips_masked,no_face_detected,2026-09-09T17:14:01
age47_043571.jpg,val,lips_masked,no_face_detected,2026-09-09T17:14:01
age60_077340.jpg,val,lips_masked,no_face_detected,2026-09-09T17:14:01
age61_080936.jpg,val,lips_masked,no_face_detected,2026-09-09T17:14:01
age36_068629.jpg,val,lips_masked,no_face_detected,2026-09-09T17:14:02
age10_012002.jpg,val,lips_masked,no_face_detected,2026-09-09T17:14:02
age48_041570.jpg,val,lips_masked,no_face_detected,2026-09-09T17:14:02
age40_061859.jpg,val,lips_masked,no_face_detected,2026-09-09T17:14:02
age73_031039.jpg,val,lips_masked,no_face_detected,2026-09-09T17:14:02
age15_004904.jpg,val,lips_masked,no_face_detected,2026-09-09T17:14:02
age56_045671.jpg,val,lips_masked,no_face_detected,2026-09-09T17:14:03
age31_016094.jpg,val,lips_masked,no_face_detected,2026-09-09T17:14:03
age31_018751.jpg,val,lips_masked,no_face_detected,2026-09-09T17:14:03
age50_037102.jpg,val,lips_masked,no_face_detected,2026-09-09T17:14:03
age34_014762.jpg,val,lips_masked,no_face_detected,2026-09-09T17:14:03
age15_063542.jpg,val,lips_masked,no_face_detected,2026-09-09T17:14:04
age34_019589.jpg,val,lips_masked,no_face_detected,2026-09-09T17:14:04
age38_018927.jpg,val,lips_masked,no_face_detected,2026-09-09T17:14:04
age10_009839.jpg,val,lips_masked,no_face_detected,2026-09-09T17:14:04
age10_006411.jpg,val,lips_masked,no_face_detected,2026-09-09T17:14:04
age72_030751.jpg,val,lips_masked,no_face_detected,2026-09-09T17:14:04
age37_065297.jpg,val,lips_masked,no_face_detected,2026-09-09T17:14:04
age68_034031.jpg,val,lips_masked,no_face_detected,2026-09-09T17:14:05
age37_069724.jpg,val,lips_masked,no_face_detected,2026-09-09T17:14:05
age66_034922.jpg,val,lips_masked,no_face_detected,2026-09-09T17:14:05
age38_069778.jpg,val,lips_masked,no_face_detected,2026-09-09T17:14:05
age38_068045.jpg,val,lips_masked,no_face_detected,2026-09-09T17:14:05
age47_041559.jpg,val,lips_masked,no_face_detected,2026-09-09T17:14:05
age27_023136.jpg,val,lips_masked,no_face_detected,2026-09-09T17:14:05
age70_028585.jpg,val,lips_masked,no_face_detected,2026-09-09T17:14:05
age34_016773.jpg,val,lips_masked,no_face_detected,2026-09-09T17:14:06
age20_058648.jpg,val,lips_masked,no_face_detected,2026-09-09T17:14:06
age65_080755.jpg,val,lips_masked,no_face_detected,2026-09-09T17:14:06
age78_083329.jpg,val,lips_masked,no_face_detected,2026-09-09T17:14:06
age25_022929.jpg,val,lips_masked,no_face_detected,2026-09-09T17:14:06
age45_040739.jpg,val,lips_masked,no_face_detected,2026-09-09T17:14:07
age48_043360.jpg,val,lips_masked,no_face_detected,2026-09-09T17:14:07
age6_013558.jpg,val,lips_masked,no_face_detected,2026-09-09T17:14:07
age38_068341.jpg,val,lips_masked,no_face_detected,2026-09-09T17:14:07
age29_025445.jpg,val,lips_masked,no_face_detected,2026-09-09T17:14:07
age27_026852.jpg,val,lips_masked,no_face_detected,2026-09-09T17:14:07
age31_017401.jpg,val,lips_masked,no_face_detected,2026-09-09T17:14:08
age74_030045.jpg,val,lips_masked,no_face_detected,2026-09-09T17:14:08
age6_010317.jpg,val,lips_masked,no_face_detected,2026-09-09T17:14:08
age29_026400.jpg,val,lips_masked,no_face_detected,2026-09-09T17:14:08
age45_043906.jpg,val,lips_masked,no_face_detected,2026-09-09T17:14:08
age44_062966.jpg,val,lips_masked,no_face_detected,2026-09-09T17:14:08
age34_019081.jpg,val,lips_masked,no_face_detected,2026-09-09T17:14:08
age15_074208.jpg,val,lips_masked,no_face_detected,2026-09-09T17:14:09
age15_074565.jpg,test,lips_masked,no_face_detected,2026-09-09T17:14:09
age71_027823.jpg,test,lips_masked,no_face_detected,2026-09-09T17:14:09
age65_081154.jpg,test,lips_masked,no_face_detected,2026-09-09T17:14:09
age53_049115.jpg,test,lips_masked,no_face_detected,2026-09-09T17:14:10
age72_027861.jpg,test,lips_masked,no_face_detected,2026-09-09T17:14:10
age25_021049.jpg,test,lips_masked,no_face_detected,2026-09-09T17:14:10
age77_083383.jpg,test,lips_masked,no_face_detected,2026-09-09T17:14:10
age48_039341.jpg,test,lips_masked,no_face_detected,2026-09-09T17:14:11
age67_036602.jpg,test,lips_masked,no_face_detected,2026-09-09T17:14:11
age41_061842.jpg,test,lips_masked,no_face_detected,2026-09-09T17:14:11
age26_025902.jpg,test,lips_masked,no_face_detected,2026-09-09T17:14:11
age20_073947.jpg,test,lips_masked,no_face_detected,2026-09-09T17:14:11
age45_063680.jpg,test,lips_masked,no_face_detected,2026-09-09T17:14:11
age19_072047.jpg,test,lips_masked,no_face_detected,2026-09-09T17:14:11
age13_003100.jpg,test,lips_masked,no_face_detected,2026-09-09T17:14:12
age18_073899.jpg,test,lips_masked,no_face_detected,2026-09-09T17:14:12
age57_075827.jpg,test,lips_masked,no_face_detected,2026-09-09T17:14:12
age53_048102.jpg,test,lips_masked,no_face_detected,2026-09-09T17:14:12
age30_018025.jpg,test,lips_masked,no_face_detected,2026-09-09T17:14:12
age37_069825.jpg,test,lips_masked,no_face_detected,2026-09-09T17:14:13
age6_011383.jpg,test,lips_masked,no_face_detected,2026-09-09T17:14:13
age28_022625.jpg,test,lips_masked,no_face_detected,2026-09-09T17:14:10
age25_026557.jpg,test,lips_masked,no_face_detected,2026-09-09T17:14:10
age42_064019.jpg,test,lips_masked,no_face_detected,2026-09-09T17:14:11
age70_033968.jpg,test,lips_masked,no_face_detected,2026-09-09T17:14:11
age40_065591.jpg,test,lips_masked,no_face_detected,2026-09-09T17:14:11
age60_080859.jpg,test,lips_masked,no_face_detected,2026-09-09T17:14:11
age41_064290.jpg,test,lips_masked,no_face_detected,2026-09-09T17:14:11
age4_052450.jpg,test,lips_masked,no_face_detected,2026-09-09T17:14:11
age42_062053.jpg,test,lips_masked,no_face_detected,2026-09-09T17:14:12
age6_013308.jpg,test,lips_masked,no_face_detected,2026-09-09T17:14:12
age39_062372.jpg,test,lips_masked,no_face_detected,2026-09-09T17:14:12
age79_083253.jpg,test,lips_masked,no_face_detected,2026-09-09T17:14:12
age67_033816.jpg,test,lips_masked,no_face_detected,2026-09-09T17:14:12
age13_004481.jpg,test,lips_masked,no_face_detected,2026-09-09T17:14:12
age37_066178.jpg,test,lips_masked,no_face_detected,2026-09-09T17:14:12
age4_053783.jpg,test,lips_masked,no_face_detected,2026-09-09T17:14:12
age11_003091.jpg,test,lips_masked,no_face_detected,2026-09-09T17:14:12
age44_062927.jpg,test,lips_masked,no_face_detected,2026-09-09T17:14:13
age72_030030.jpg,test,lips_masked,no_face_detected,2026-09-09T17:14:13
age57_047156.jpg,test,lips_masked,no_face_detected,2026-09-09T17:14:13
age48_042202.jpg,test,lips_masked,no_face_detected,2026-09-09T17:14:13
age70_036346.jpg,test,lips_masked,no_face_detected,2026-09-09T17:14:13
age17_023199.jpg,test,lips_masked,no_face_detected,2026-09-09T17:14:13
age40_063436.jpg,test,lips_masked,no_face_detected,2026-09-09T17:14:13
age65_080414.jpg,test,lips_masked,no_face_detected,2026-09-09T17:14:13
age27_017251.jpg,test,lips_masked,no_face_detected,2026-09-09T17:14:13
age15_000021.jpg,test,lips_masked,no_face_detected,2026-09-09T17:14:14
age62_081488.jpg,test,lips_masked,no_face_detected,2026-09-09T17:14:14
age25_044748.jpg,test,lips_masked,no_face_detected,2026-09-09T17:14:14
age31_014730.jpg,test,lips_masked,no_face_detected,2026-09-09T17:14:14
age57_075945.jpg,test,lips_masked,no_face_detected,2026-09-09T17:14:14
age10_013336.jpg,test,lips_masked,no_face_detected,2026-09-09T17:14:14
age54_045604.jpg,test,lips_masked,no_face_detected,2026-09-09T17:14:14
age72_029975.jpg,test,lips_masked,no_face_detected,2026-09-09T17:14:14
age48_042240.jpg,test,lips_masked,no_face_detected,2026-09-09T17:14:14
age48_041543.jpg,test,lips_masked,no_face_detected,2026-09-09T17:14:14
age48_043725.jpg,test,lips_masked,no_face_detected,2026-09-09T17:14:15
age37_069311.jpg,test,lips_masked,no_face_detected,2026-09-09T17:14:15
age40_067483.jpg,test,lips_masked,no_face_detected,2026-09-09T17:14:15
age6_012488.jpg,test,lips_masked,no_face_detected,2026-09-09T17:14:15
age13_003687.jpg,test,lips_masked,no_face_detected,2026-09-09T17:14:15
age71_027608.jpg,test,lips_masked,no_face_detected,2026-09-09T17:14:15
age45_060766.jpg,test,lips_masked,no_face_detected,2026-09-09T17:14:16
age37_066092.jpg,test,lips_masked,no_face_detected,2026-09-09T17:14:16
age50_046103.jpg,test,lips_masked,no_face_detected,2026-09-09T17:14:16
age37_065892.jpg,test,lips_masked,no_face_detected,2026-09-09T17:14:16
age3_013141.jpg,test,lips_masked,no_face_detected,2026-09-09T17:14:16
age66_033680.jpg,test,lips_masked,no_face_detected,2026-09-09T17:14:16
age21_057051.jpg,test,lips_masked,no_face_detected,2026-09-09T17:14:17
age21_055971.jpg,test,lips_masked,no_face_detected,2026-09-09T17:14:17
age54_048819.jpg,test,lips_masked,no_face_detected,2026-09-09T17:14:17
age71_029227.jpg,test,lips_masked,no_face_detected,2026-09-09T17:14:17
age66_034469.jpg,test,lips_masked,no_face_detected,2026-09-09T17:14:17
age63_044534.jpg,test,lips_masked,no_face_detected,2026-09-09T17:14:17
age6_009101.jpg,test,lips_masked,no_face_detected,2026-09-09T17:14:17
age44_041928.jpg,test,lips_masked,no_face_detected,2026-09-09T17:14:18
age48_041900.jpg,test,lips_masked,no_face_detected,2026-09-09T17:14:18
age76_082811.jpg,test,lips_masked,no_face_detected,2026-09-09T17:14:18
age73_029044.jpg,test,lips_masked,no_face_detected,2026-09-09T17:14:18
age41_064658.jpg,test,lips_masked,no_face_detected,2026-09-09T17:14:19
age6_008114.jpg,test,lips_masked,no_face_detected,2026-09-09T17:14:19
age18_072119.jpg,test,lips_masked,no_face_detected,2026-09-09T17:14:19
age65_033846.jpg,test,lips_masked,no_face_detected,2026-09-09T17:14:19
age54_048098.jpg,test,lips_masked,no_face_detected,2026-09-09T17:14:19
age53_047993.jpg,test,lips_masked,no_face_detected,2026-09-09T17:14:19
age33_016029.jpg,test,lips_masked,no_face_detected,2026-09-09T17:14:19
age69_033380.jpg,test,lips_masked,no_face_detected,2026-09-09T17:14:19
age52_041192.jpg,test,lips_masked,no_face_detected,2026-09-09T17:14:20
age50_046266.jpg,test,lips_masked,no_face_detected,2026-09-09T17:14:20
age42_037977.jpg,test,lips_masked,no_face_detected,2026-09-09T17:14:20
age20_057677.jpg,test,lips_masked,no_face_detected,2026-09-09T17:14:20
age60_076381.jpg,test,lips_masked,no_face_detected,2026-09-09T17:14:20
age23_042118.jpg,test,lips_masked,no_face_detected,2026-09-09T17:14:20
age73_028590.jpg,test,lips_masked,no_face_detected,2026-09-09T17:14:20
age11_006292.jpg,test,lips_masked,no_face_detected,2026-09-09T17:14:21
age36_066896.jpg,test,lips_masked,no_face_detected,2026-09-09T17:14:21
age48_039873.jpg,test,lips_masked,no_face_detected,2026-09-09T17:14:21
age75_028326.jpg,test,lips_masked,no_face_detected,2026-09-09T17:14:21
age65_065967.jpg,test,lips_masked,no_face_detected,2026-09-09T17:14:21
age40_063275.jpg,test,lips_masked,no_face_detected,2026-09-09T17:14:22
age57_075450.jpg,test,lips_masked,no_face_detected,2026-09-09T17:14:22
age58_078097.jpg,test,lips_masked,no_face_detected,2026-09-09T17:14:22
age47_039623.jpg,test,lips_masked,no_face_detected,2026-09-09T17:14:22
age38_067080.jpg,test,lips_masked,no_face_detected,2026-09-09T17:14:22
age41_062169.jpg,test,lips_masked,no_face_detected,2026-09-09T17:14:22
age20_073419.jpg,test,lips_masked,no_face_detected,2026-09-09T17:14:23
age75_082751.jpg,test,lips_masked,no_face_detected,2026-09-09T17:14:23
age18_072652.jpg,test,lips_masked,no_face_detected,2026-09-09T17:14:23
age67_035484.jpg,test,lips_masked,no_face_detected,2026-09-09T17:14:23
age70_034362.jpg,test,lips_masked,no_face_detected,2026-09-09T17:14:24
age41_064255.jpg,test,lips_masked,no_face_detected,2026-09-09T17:14:24
age27_025933.jpg,test,lips_masked,no_face_detected,2026-09-09T17:14:24
age21_057963.jpg,test,lips_masked,no_face_detected,2026-09-09T17:14:24
age40_064945.jpg,test,lips_masked,no_face_detected,2026-09-09T17:14:24
age53_046669.jpg,test,lips_masked,no_face_detected,2026-09-09T17:14:24
age45_056202.jpg,test,lips_masked,no_face_detected,2026-09-09T17:14:24
age39_066685.jpg,test,lips_masked,no_face_detected,2026-09-09T17:14:25
age3_053924.jpg,test,lips_masked,no_face_detected,2026-09-09T17:14:25
age30_015176.jpg,test,lips_masked,no_face_detected,2026-09-09T17:14:26
age10_008391.jpg,test,lips_masked,no_face_detected,2026-09-09T17:14:26
age65_028723.jpg,test,lips_masked,no_face_detected,2026-09-09T17:14:26
age66_032780.jpg,test,lips_masked,no_face_detected,2026-09-09T17:14:26
age20_058220.jpg,test,lips_masked,no_face_detected,2026-09-09T17:14:26
age78_042049.jpg,test,lips_masked,no_face_detected,2026-09-09T17:14:26
age22_057134.jpg,test,lips_masked,no_face_detected,2026-09-09T17:14:27
age17_073934.jpg,test,lips_masked,no_face_detected,2026-09-09T17:14:27
age48_044095.jpg,test,lips_masked,no_face_detected,2026-09-09T17:14:27
age24_059909.jpg,test,lips_masked,no_face_detected,2026-09-09T17:14:27
age62_080569.jpg,test,lips_masked,no_face_detected,2026-09-09T17:14:27
age60_080947.jpg,test,lips_masked,no_face_detected,2026-09-09T17:14:27
age73_030166.jpg,test,lips_masked,no_face_detected,2026-09-09T17:14:28
age64_076521.jpg,test,lips_masked,no_face_detected,2026-09-09T17:14:28
age31_014407.jpg,test,lips_masked,no_face_detected,2026-09-09T17:14:28
age65_031148.jpg,test,lips_masked,no_face_detected,2026-09-09T17:14:28
age18_059610.jpg,test,lips_masked,no_face_detected,2026-09-09T17:14:28
age38_070174.jpg,test,lips_masked,no_face_detected,2026-09-09T17:14:28
age76_083399.jpg,test,lips_masked,no_face_detected,2026-09-09T17:14:29
age41_038129.jpg,test,lips_masked,no_face_detected,2026-09-09T17:14:29
age61_082202.jpg,test,lips_masked,no_face_detected,2026-09-09T17:14:29
age15_001598.jpg,test,lips_masked,no_face_detected,2026-09-09T17:14:29
age34_018816.jpg,test,lips_masked,no_face_detected,2026-09-09T17:14:29
age16_074534.jpg,test,lips_masked,no_face_detected,2026-09-09T17:14:29
age34_018818.jpg,test,lips_masked,no_face_detected,2026-09-09T17:14:29
age31_017793.jpg,test,lips_masked,no_face_detected,2026-09-09T17:14:29
age47_039940.jpg,test,lips_masked,no_face_detected,2026-09-09T17:14:30
age54_049801.jpg,test,lips_masked,no_face_detected,2026-09-09T17:14:30
age45_031234.jpg,test,lips_masked,no_face_detected,2026-09-09T17:14:30
age34_015796.jpg,test,lips_masked,no_face_detected,2026-09-09T17:14:30
age48_039339.jpg,test,lips_masked,no_face_detected,2026-09-09T17:14:30
age41_061401.jpg,test,lips_masked,no_face_detected,2026-09-09T17:14:30
age19_071614.jpg,test,lips_masked,no_face_detected,2026-09-09T17:14:30
age20_059118.jpg,test,lips_masked,no_face_detected,2026-09-09T17:14:30
age37_067278.jpg,test,lips_masked,no_face_detected,2026-09-09T17:14:30
age57_075968.jpg,test,lips_masked,no_face_detected,2026-09-09T17:14:31
age2_054419.jpg,test,lips_masked,no_face_detected,2026-09-09T17:14:31
age41_063741.jpg,test,lips_masked,no_face_detected,2026-09-09T17:14:31
age4_054374.jpg,test,lips_masked,no_face_detected,2026-09-09T17:14:31
age17_072787.jpg,test,lips_masked,no_face_detected,2026-09-09T17:14:32
age21_059390.jpg,test,lips_masked,no_face_detected,2026-09-09T17:14:32
age13_006599.jpg,test,lips_masked,no_face_detected,2026-09-09T17:14:32
age41_060934.jpg,test,lips_masked,no_face_detected,2026-09-09T17:14:32
age55_044881.jpg,test,lips_masked,no_face_detected,2026-09-09T17:14:32
age20_023002.jpg,test,lips_masked,no_face_detected,2026-09-09T17:14:32
age40_064433.jpg,test,lips_masked,no_face_detected,2026-09-09T17:14:33
age40_063044.jpg,test,lips_masked,no_face_detected,2026-09-09T17:14:33
age27_023636.jpg,test,lips_masked,no_face_detected,2026-09-09T17:14:33
age6_009736.jpg,test,lips_masked,no_face_detected,2026-09-09T17:14:33
age38_068738.jpg,test,lips_masked,no_face_detected,2026-09-09T17:14:33
age65_034500.jpg,test,lips_masked,no_face_detected,2026-09-09T17:14:33
age47_042711.jpg,test,lips_masked,no_face_detected,2026-09-09T17:14:34
age59_063380.jpg,test,lips_masked,no_face_detected,2026-09-09T17:14:34
age25_057510.jpg,test,lips_masked,no_face_detected,2026-09-09T17:14:34
age50_045795.jpg,test,lips_masked,no_face_detected,2026-09-09T17:14:34
age16_074849.jpg,test,lips_masked,no_face_detected,2026-09-09T17:14:34
age54_047531.jpg,test,lips_masked,no_face_detected,2026-09-09T17:14:34
age48_037665.jpg,test,lips_masked,no_face_detected,2026-09-09T17:14:34
age15_074419.jpg,test,lips_masked,no_face_detected,2026-09-09T17:14:35
age73_028065.jpg,test,lips_masked,no_face_detected,2026-09-09T17:14:35
age31_015044.jpg,test,lips_masked,no_face_detected,2026-09-09T17:14:35
age6_007717.jpg,test,lips_masked,no_face_detected,2026-09-09T17:14:35
age60_080030.jpg,test,lips_masked,no_face_detected,2026-09-09T17:14:35
age37_066025.jpg,test,lips_masked,no_face_detected,2026-09-09T17:14:35
age60_076965.jpg,test,lips_masked,no_face_detected,2026-09-09T17:14:35
age55_078730.jpg,test,lips_masked,no_face_detected,2026-09-09T17:14:35
age26_022890.jpg,test,lips_masked,no_face_detected,2026-09-09T17:14:35
age31_015633.jpg,test,lips_masked,no_face_detected,2026-09-09T17:14:36
age27_022729.jpg,test,lips_masked,no_face_detected,2026-09-09T17:14:36
age41_062755.jpg,test,lips_masked,no_face_detected,2026-09-09T17:14:36
age10_004674.jpg,test,lips_masked,no_face_detected,2026-09-09T17:14:36
age44_061560.jpg,test,lips_masked,no_face_detected,2026-09-09T17:14:36
90_0_1_20170111205407457.jpg,test,lips_masked,no_face_detected,2026-09-09T17:14:36
age37_066570.jpg,test,lips_masked,no_face_detected,2026-09-09T17:14:36
age81_083976.jpg,test,lips_masked,no_face_detected,2026-09-09T17:14:37
age15_004357.jpg,test,lips_masked,no_face_detected,2026-09-09T17:14:37
age34_015673.jpg,test,lips_masked,no_face_detected,2026-09-09T17:14:37
age58_078702.jpg,test,lips_masked,no_face_detected,2026-09-09T17:14:37
age27_022501.jpg,test,lips_masked,no_face_detected,2026-09-09T17:14:37
age34_017215.jpg,test,lips_masked,no_face_detected,2026-09-09T17:14:37
age62_079655.jpg,test,lips_masked,no_face_detected,2026-09-09T17:14:37
age55_078712.jpg,test,lips_masked,no_face_detected,2026-09-09T17:14:38
age25_055548.jpg,test,lips_masked,no_face_detected,2026-09-09T17:14:38
age66_032419.jpg,test,lips_masked,no_face_detected,2026-09-09T17:14:38
age68_034291.jpg,test,lips_masked,no_face_detected,2026-09-09T17:14:38
age58_076119.jpg,test,lips_masked,no_face_detected,2026-09-09T17:14:39
age67_032379.jpg,test,lips_masked,no_face_detected,2026-09-09T17:14:39
age27_012038.jpg,test,lips_masked,no_face_detected,2026-09-09T17:14:39
age5_013523.jpg,test,lips_masked,no_face_detected,2026-09-09T17:14:39
age41_062425.jpg,test,lips_masked,no_face_detected,2026-09-09T17:14:39
age37_034656.jpg,test,lips_masked,no_face_detected,2026-09-09T17:14:39
age50_028497.jpg,test,lips_masked,no_face_detected,2026-09-09T17:14:39
age60_077076.jpg,test,lips_masked,no_face_detected,2026-09-09T17:14:40
age40_062588.jpg,test,lips_masked,no_face_detected,2026-09-09T17:14:40
age66_031279.jpg,test,lips_masked,no_face_detected,2026-09-09T17:14:40
age15_072224.jpg,test,lips_masked,no_face_detected,2026-09-09T17:14:40
age69_033424.jpg,test,lips_masked,no_face_detected,2026-09-09T17:14:41
age65_080882.jpg,test,lips_masked,no_face_detected,2026-09-09T17:14:41
age13_006218.jpg,test,lips_masked,no_face_detected,2026-09-09T17:14:41
age48_039573.jpg,test,lips_masked,no_face_detected,2026-09-09T17:14:41
age27_021819.jpg,test,lips_masked,no_face_detected,2026-09-09T17:14:41
age16_006408.jpg,test,lips_masked,no_face_detected,2026-09-09T17:14:41
age42_026077.jpg,test,lips_masked,no_face_detected,2026-09-09T17:14:41
age6_013194.jpg,test,lips_masked,no_face_detected,2026-09-09T17:14:42
age47_043229.jpg,test,lips_masked,no_face_detected,2026-09-09T17:14:42
age66_014153.jpg,test,lips_masked,no_face_detected,2026-09-09T17:14:42
age71_028722.jpg,test,lips_masked,no_face_detected,2026-09-09T17:14:42
age72_030189.jpg,test,lips_masked,no_face_detected,2026-09-09T17:14:42
age2_052855.jpg,test,lips_masked,no_face_detected,2026-09-09T17:14:42
age4_051822.jpg,test,lips_masked,no_face_detected,2026-09-09T17:14:42
age58_078251.jpg,test,lips_masked,no_face_detected,2026-09-09T17:14:40
age31_017320.jpg,test,lips_masked,no_face_detected,2026-09-09T17:14:40
age12_006396.jpg,test,lips_masked,no_face_detected,2026-09-09T17:14:40
age2_050972.jpg,test,lips_masked,no_face_detected,2026-09-09T17:14:40
age44_035552.jpg,test,lips_masked,no_face_detected,2026-09-09T17:14:40
age45_060466.jpg,test,lips_masked,no_face_detected,2026-09-09T17:14:40
age36_070112.jpg,test,lips_masked,no_face_detected,2026-09-09T17:14:41
age54_044636.jpg,test,lips_masked,no_face_detected,2026-09-09T17:14:41
age27_025789.jpg,test,lips_masked,no_face_detected,2026-09-09T17:14:41
age63_034187.jpg,test,lips_masked,no_face_detected,2026-09-09T17:14:41
age13_003535.jpg,test,lips_masked,no_face_detected,2026-09-09T17:14:41
age40_067381.jpg,test,lips_masked,no_face_detected,2026-09-09T17:14:41
age62_080109.jpg,test,lips_masked,no_face_detected,2026-09-09T17:14:41
age38_069539.jpg,test,lips_masked,no_face_detected,2026-09-09T17:14:41
age65_035514.jpg,test,lips_masked,no_face_detected,2026-09-09T17:14:41
age47_042834.jpg,test,lips_masked,no_face_detected,2026-09-09T17:14:42
age33_014457.jpg,test,lips_masked,no_face_detected,2026-09-09T17:14:42
age45_060442.jpg,test,lips_masked,no_face_detected,2026-09-09T17:14:42
age55_079176.jpg,test,lips_masked,no_face_detected,2026-09-09T17:14:42
age18_073228.jpg,test,lips_masked,no_face_detected,2026-09-09T17:14:42
age21_058107.jpg,test,lips_masked,no_face_detected,2026-09-09T17:14:42
age33_018434.jpg,test,lips_masked,no_face_detected,2026-09-09T17:14:43
age68_031356.jpg,test,lips_masked,no_face_detected,2026-09-09T17:14:43
age0_002135.jpg,test,lips_masked,no_face_detected,2026-09-09T17:14:43
age37_068585.jpg,test,lips_masked,no_face_detected,2026-09-09T17:14:43
age60_081886.jpg,test,lips_masked,no_face_detected,2026-09-09T17:14:43
age71_030375.jpg,test,lips_masked,no_face_detected,2026-09-09T17:14:43
age27_024021.jpg,test,lips_masked,no_face_detected,2026-09-09T17:14:43
age65_080899.jpg,test,lips_masked,no_face_detected,2026-09-09T17:14:43
age20_019274.jpg,test,lips_masked,no_face_detected,2026-09-09T17:14:44
age18_074761.jpg,test,lips_masked,no_face_detected,2026-09-09T17:14:44
age18_072050.jpg,test,lips_masked,no_face_detected,2026-09-09T17:14:44
age27_023513.jpg,test,lips_masked,no_face_detected,2026-09-09T17:14:45
age41_063365.jpg,test,lips_masked,no_face_detected,2026-09-09T17:14:45
age20_056964.jpg,test,lips_masked,no_face_detected,2026-09-09T17:14:45
age60_080974.jpg,test,lips_masked,no_face_detected,2026-09-09T17:14:45
age27_022053.jpg,test,lips_masked,no_face_detected,2026-09-09T17:14:46
age13_004838.jpg,test,lips_masked,no_face_detected,2026-09-09T17:14:46
age40_061798.jpg,test,lips_masked,no_face_detected,2026-09-09T17:14:46
age31_014373.jpg,test,lips_masked,no_face_detected,2026-09-09T17:14:46
age8_000878.jpg,test,lips_masked,no_face_detected,2026-09-09T17:14:46
age29_022290.jpg,test,lips_masked,no_face_detected,2026-09-09T17:14:46
age27_021343.jpg,test,lips_masked,no_face_detected,2026-09-09T17:14:47
age81_033520.jpg,test,lips_masked,no_face_detected,2026-09-09T17:14:47
age53_046211.jpg,test,lips_masked,no_face_detected,2026-09-09T17:14:47
age18_072546.jpg,test,lips_masked,no_face_detected,2026-09-09T17:14:47
age13_000486.jpg,test,lips_masked,no_face_detected,2026-09-09T17:14:48
age27_021421.jpg,test,lips_masked,no_face_detected,2026-09-09T17:14:48
age78_083298.jpg,test,lips_masked,no_face_detected,2026-09-09T17:14:48
age72_029666.jpg,test,lips_masked,no_face_detected,2026-09-09T17:14:48
age75_030037.jpg,test,lips_masked,no_face_detected,2026-09-09T17:14:49
age61_082585.jpg,test,lips_masked,no_face_detected,2026-09-09T17:14:49
age34_017190.jpg,test,lips_masked,no_face_detected,2026-09-09T17:14:49
age25_059333.jpg,test,lips_masked,no_face_detected,2026-09-09T17:14:49
age40_069267.jpg,test,lips_masked,no_face_detected,2026-09-09T17:14:49
age28_024495.jpg,test,lips_masked,no_face_detected,2026-09-09T17:14:49
age68_034688.jpg,test,lips_masked,no_face_detected,2026-09-09T17:14:50
age60_075681.jpg,test,lips_masked,no_face_detected,2026-09-09T17:14:50
age65_033140.jpg,test,lips_masked,no_face_detected,2026-09-09T17:14:50
age47_041176.jpg,test,lips_masked,no_face_detected,2026-09-09T17:14:50
age5_010403.jpg,test,lips_masked,no_face_detected,2026-09-09T17:14:50
age50_043339.jpg,test,lips_masked,no_face_detected,2026-09-09T17:14:50
age66_036521.jpg,test,lips_masked,no_face_detected,2026-09-09T17:14:50
age40_029663.jpg,test,lips_masked,no_face_detected,2026-09-09T17:14:50
age69_034863.jpg,test,lips_masked,no_face_detected,2026-09-09T17:14:51
age68_035373.jpg,test,lips_masked,no_face_detected,2026-09-09T17:14:51
age38_065956.jpg,test,lips_masked,no_face_detected,2026-09-09T17:14:51
age13_006136.jpg,test,lips_masked,no_face_detected,2026-09-09T17:14:51
age47_043960.jpg,test,lips_masked,no_face_detected,2026-09-09T17:14:51
age70_033034.jpg,test,lips_masked,no_face_detected,2026-09-09T17:14:52
age41_064541.jpg,test,lips_masked,no_face_detected,2026-09-09T17:14:52
age46_037250.jpg,test,lips_masked,no_face_detected,2026-09-09T17:14:52
age37_066758.jpg,test,lips_masked,no_face_detected,2026-09-09T17:14:52
age41_019692.jpg,test,lips_masked,no_face_detected,2026-09-09T17:14:52
age21_055407.jpg,test,lips_masked,no_face_detected,2026-09-09T17:14:52
age65_048402.jpg,test,lips_masked,no_face_detected,2026-09-09T17:14:52
age38_068960.jpg,test,lips_masked,no_face_detected,2026-09-09T17:14:52
age7_003791.jpg,test,lips_masked,no_face_detected,2026-09-09T17:14:52
age67_032241.jpg,test,lips_masked,no_face_detected,2026-09-09T17:14:53
age16_006409.jpg,test,lips_masked,no_face_detected,2026-09-09T17:14:53
age6_006742.jpg,test,lips_masked,no_face_detected,2026-09-09T17:14:53
age39_019224.jpg,test,lips_masked,no_face_detected,2026-09-09T17:14:53
age17_073347.jpg,test,lips_masked,no_face_detected,2026-09-09T17:14:53
age42_060834.jpg,test,lips_masked,no_face_detected,2026-09-09T17:14:53
age40_066467.jpg,test,lips_masked,no_face_detected,2026-09-09T17:14:53
age94_027182.jpg,test,lips_masked,no_face_detected,2026-09-09T17:14:53
age60_032748.jpg,test,lips_masked,no_face_detected,2026-09-09T17:14:53
age40_062136.jpg,test,lips_masked,no_face_detected,2026-09-09T17:14:53
age62_081447.jpg,test,lips_masked,no_face_detected,2026-09-09T17:14:53
age41_064510.jpg,test,lips_masked,no_face_detected,2026-09-09T17:14:54
age54_045987.jpg,test,lips_masked,no_face_detected,2026-09-09T17:14:54
age25_026882.jpg,test,lips_masked,no_face_detected,2026-09-09T17:14:54
age37_067309.jpg,test,lips_masked,no_face_detected,2026-09-09T17:14:54
age13_000340.jpg,test,lips_masked,no_face_detected,2026-09-09T17:14:54
age13_006456.jpg,test,lips_masked,no_face_detected,2026-09-09T17:14:54
age33_019329.jpg,test,lips_masked,no_face_detected,2026-09-09T17:14:55
age40_065228.jpg,test,lips_masked,no_face_detected,2026-09-09T17:14:55
age27_026822.jpg,test,lips_masked,no_face_detected,2026-09-09T17:14:55
age18_071692.jpg,test,lips_masked,no_face_detected,2026-09-09T17:14:56
age54_045079.jpg,test,lips_masked,no_face_detected,2026-09-09T17:14:56
age64_078693.jpg,test,lips_masked,no_face_detected,2026-09-09T17:14:56
age38_066757.jpg,test,lips_masked,no_face_detected,2026-09-09T17:14:56
age36_060467.jpg,test,lips_masked,no_face_detected,2026-09-09T17:14:56
30_1_0_20170117170934860.jpg,test,lips_masked,no_face_detected,2026-09-09T17:14:57
age41_064713.jpg,test,lips_masked,no_face_detected,2026-09-09T17:14:57
age61_081735.jpg,test,lips_masked,no_face_detected,2026-09-09T17:14:57
age34_014304.jpg,test,lips_masked,no_face_detected,2026-09-09T17:14:57
age2_053800.jpg,test,lips_masked,no_face_detected,2026-09-09T17:14:57
age38_068956.jpg,test,lips_masked,no_face_detected,2026-09-09T17:14:57
age70_033381.jpg,test,lips_masked,no_face_detected,2026-09-09T17:14:57
age13_002938.jpg,test,lips_masked,no_face_detected,2026-09-09T17:14:57
age27_025554.jpg,test,lips_masked,no_face_detected,2026-09-09T17:14:57
age6_012814.jpg,test,lips_masked,no_face_detected,2026-09-09T17:14:58
age47_041660.jpg,test,lips_masked,no_face_detected,2026-09-09T17:14:58
age18_074546.jpg,test,lips_masked,no_face_detected,2026-09-09T17:14:58
age4_010405.jpg,test,lips_masked,no_face_detected,2026-09-09T17:14:58
age38_065014.jpg,test,lips_masked,no_face_detected,2026-09-09T17:14:58
age41_063626.jpg,test,lips_masked,no_face_detected,2026-09-09T17:14:58
age40_063795.jpg,test,lips_masked,no_face_detected,2026-09-09T17:14:58
age50_049840.jpg,test,lips_masked,no_face_detected,2026-09-09T17:14:59
age37_068441.jpg,test,lips_masked,no_face_detected,2026-09-09T17:14:59
age17_071429.jpg,test,lips_masked,no_face_detected,2026-09-09T17:14:59
age56_047464.jpg,test,lips_masked,no_face_detected,2026-09-09T17:14:59
age82_080963.jpg,test,lips_masked,no_face_detected,2026-09-09T17:14:59
age16_020583.jpg,test,lips_masked,no_face_detected,2026-09-09T17:14:59
age48_026136.jpg,test,lips_masked,no_face_detected,2026-09-09T17:14:59
age46_038571.jpg,test,lips_masked,no_face_detected,2026-09-09T17:15:00
age57_076694.jpg,test,lips_masked,no_face_detected,2026-09-09T17:15:00
age57_076696.jpg,test,lips_masked,no_face_detected,2026-09-09T17:15:00
age58_077804.jpg,test,lips_masked,no_face_detected,2026-09-09T17:15:01
age79_012906.jpg,test,lips_masked,no_face_detected,2026-09-09T17:15:02
age48_039379.jpg,test,lips_masked,no_face_detected,2026-09-09T17:15:02
age17_072276.jpg,test,lips_masked,no_face_detected,2026-09-09T17:15:02
age76_083000.jpg,test,lips_masked,no_face_detected,2026-09-09T17:15:02
age54_047093.jpg,test,lips_masked,no_face_detected,2026-09-09T17:15:03
age26_023693.jpg,test,lips_masked,no_face_detected,2026-09-09T17:15:03
age69_033607.jpg,test,lips_masked,no_face_detected,2026-09-09T17:15:03
age19_074147.jpg,test,lips_masked,no_face_detected,2026-09-09T17:15:04
age34_019122.jpg,test,lips_masked,no_face_detected,2026-09-09T17:15:04
age27_022627.jpg,test,lips_masked,no_face_detected,2026-09-09T17:15:04
age15_004691.jpg,test,lips_masked,no_face_detected,2026-09-09T17:15:05
age27_022704.jpg,test,lips_masked,no_face_detected,2026-09-09T17:15:05
age38_065879.jpg,test,lips_masked,no_face_detected,2026-09-09T17:15:05
age82_083926.jpg,test,lips_masked,no_face_detected,2026-09-09T17:15:05
age21_057794.jpg,test,lips_masked,no_face_detected,2026-09-09T17:15:05
age50_049581.jpg,test,lips_masked,no_face_detected,2026-09-09T17:15:05
age31_019193.jpg,test,lips_masked,no_face_detected,2026-09-09T17:15:05
age4_055033.jpg,test,lips_masked,no_face_detected,2026-09-09T17:15:06
age54_045862.jpg,test,lips_masked,no_face_detected,2026-09-09T17:15:06
age34_010135.jpg,test,lips_masked,no_face_detected,2026-09-09T17:15:06
age59_049233.jpg,test,lips_masked,no_face_detected,2026-09-09T17:15:06
age60_032824.jpg,test,lips_masked,no_face_detected,2026-09-09T17:15:06
age48_040908.jpg,test,lips_masked,no_face_detected,2026-09-09T17:15:06
age57_076194.jpg,test,lips_masked,no_face_detected,2026-09-09T17:15:07
age37_027922.jpg,test,lips_masked,no_face_detected,2026-09-09T17:15:07
age54_045589.jpg,test,lips_masked,no_face_detected,2026-09-09T17:15:07
age31_020901.jpg,test,lips_masked,no_face_detected,2026-09-09T17:15:07
age59_066026.jpg,test,lips_masked,no_face_detected,2026-09-09T17:15:07
age19_070668.jpg,test,lips_masked,no_face_detected,2026-09-09T17:15:07
age31_015404.jpg,test,lips_masked,no_face_detected,2026-09-09T17:15:07
age8_011324.jpg,test,lips_masked,no_face_detected,2026-09-09T17:15:07
age74_029420.jpg,test,lips_masked,no_face_detected,2026-09-09T17:15:08
age54_049051.jpg,test,lips_masked,no_face_detected,2026-09-09T17:15:08
age4_051183.jpg,test,lips_masked,no_face_detected,2026-09-09T17:15:08
age31_020003.jpg,test,lips_masked,no_face_detected,2026-09-09T17:15:08
age10_001308.jpg,test,lips_masked,no_face_detected,2026-09-09T17:15:08
age15_000272.jpg,test,lips_masked,no_face_detected,2026-09-09T17:15:08
age78_083611.jpg,test,lips_masked,no_face_detected,2026-09-09T17:15:09
age38_065883.jpg,test,lips_masked,no_face_detected,2026-09-09T17:15:09
age6_009932.jpg,test,lips_masked,no_face_detected,2026-09-09T17:15:09
age55_078344.jpg,test,lips_masked,no_face_detected,2026-09-09T17:15:09
age12_001665.jpg,test,lips_masked,no_face_detected,2026-09-09T17:15:09
age13_001590.jpg,test,lips_masked,no_face_detected,2026-09-09T17:15:10
age41_039368.jpg,test,lips_masked,no_face_detected,2026-09-09T17:15:10
age40_064352.jpg,test,lips_masked,no_face_detected,2026-09-09T17:15:10
age61_081864.jpg,test,lips_masked,no_face_detected,2026-09-09T17:15:10
age26_024494.jpg,test,lips_masked,no_face_detected,2026-09-09T17:15:10
age53_050115.jpg,test,lips_masked,no_face_detected,2026-09-09T17:15:10
age37_068003.jpg,test,lips_masked,no_face_detected,2026-09-09T17:15:10
89_1_0_20170110182442099.jpg,test,lips_masked,no_face_detected,2026-09-09T17:15:10
age6_012160.jpg,test,lips_masked,no_face_detected,2026-09-09T17:15:11
age76_029837.jpg,test,lips_masked,no_face_detected,2026-09-09T17:15:11
age50_043572.jpg,test,lips_masked,no_face_detected,2026-09-09T17:15:11
age6_010765.jpg,test,lips_masked,no_face_detected,2026-09-09T17:15:11
age40_062325.jpg,test,lips_masked,no_face_detected,2026-09-09T17:15:11
age4_050991.jpg,test,lips_masked,no_face_detected,2026-09-09T17:15:12
age3_053220.jpg,test,lips_masked,no_face_detected,2026-09-09T17:15:09
age54_044821.jpg,test,lips_masked,no_face_detected,2026-09-09T17:15:09
age41_060531.jpg,test,lips_masked,no_face_detected,2026-09-09T17:15:09
age17_071915.jpg,test,lips_masked,no_face_detected,2026-09-09T17:15:09
age50_046263.jpg,test,lips_masked,no_face_detected,2026-09-09T17:15:09
age31_015001.jpg,test,lips_masked,no_face_detected,2026-09-09T17:15:10
age74_028663.jpg,test,lips_masked,no_face_detected,2026-09-09T17:15:10
age54_048864.jpg,test,lips_masked,no_face_detected,2026-09-09T17:15:10
age15_001931.jpg,test,lips_masked,no_face_detected,2026-09-09T17:15:10
age48_043685.jpg,test,lips_masked,no_face_detected,2026-09-09T17:15:10
age71_031022.jpg,test,lips_masked,no_face_detected,2026-09-09T17:15:10
age18_071502.jpg,test,lips_masked,no_face_detected,2026-09-09T17:15:10
age20_072021.jpg,test,lips_masked,no_face_detected,2026-09-09T17:15:10
age25_056801.jpg,test,lips_masked,no_face_detected,2026-09-09T17:15:11
age60_036504.jpg,test,lips_masked,no_face_detected,2026-09-09T17:15:11
age38_065578.jpg,test,lips_masked,no_face_detected,2026-09-09T17:15:11
age21_055450.jpg,test,lips_masked,no_face_detected,2026-09-09T17:15:11
age18_071259.jpg,test,lips_masked,no_face_detected,2026-09-09T17:15:11
age72_029121.jpg,test,lips_masked,no_face_detected,2026-09-09T17:15:11
age6_008879.jpg,test,lips_masked,no_face_detected,2026-09-09T17:15:11
age56_041154.jpg,test,lips_masked,no_face_detected,2026-09-09T17:15:11
age66_036697.jpg,test,lips_masked,no_face_detected,2026-09-09T17:15:12
age19_056697.jpg,test,lips_masked,no_face_detected,2026-09-09T17:15:12
age6_010502.jpg,test,lips_masked,no_face_detected,2026-09-09T17:15:12
age25_026170.jpg,test,lips_masked,no_face_detected,2026-09-09T17:15:12
age31_018022.jpg,test,lips_masked,no_face_detected,2026-09-09T17:15:12
age42_064090.jpg,test,lips_masked,no_face_detected,2026-09-09T17:15:12
age4_052384.jpg,test,lips_masked,no_face_detected,2026-09-09T17:15:13
age34_020025.jpg,test,lips_masked,no_face_detected,2026-09-09T17:15:13
age4_051218.jpg,test,lips_masked,no_face_detected,2026-09-09T17:15:13
age34_020180.jpg,test,lips_masked,no_face_detected,2026-09-09T17:15:13
age37_069754.jpg,test,lips_masked,no_face_detected,2026-09-09T17:15:13
age15_006303.jpg,test,lips_masked,no_face_detected,2026-09-09T17:15:14
26_0_0_20170113210127287.jpg,test,lips_masked,no_face_detected,2026-09-09T17:15:14
age60_077601.jpg,test,lips_masked,no_face_detected,2026-09-09T17:15:14
age6_010716.jpg,test,lips_masked,no_face_detected,2026-09-09T17:15:14
age66_035390.jpg,test,lips_masked,no_face_detected,2026-09-09T17:15:14
age66_034063.jpg,test,lips_masked,no_face_detected,2026-09-09T17:15:15
age60_081731.jpg,test,lips_masked,no_face_detected,2026-09-09T17:15:15
age71_028628.jpg,test,lips_masked,no_face_detected,2026-09-09T17:15:15
age12_005463.jpg,test,lips_masked,no_face_detected,2026-09-09T17:15:15
age61_080173.jpg,test,lips_masked,no_face_detected,2026-09-09T17:15:15
age41_063868.jpg,test,lips_masked,no_face_detected,2026-09-09T17:15:15
age53_048594.jpg,test,lips_masked,no_face_detected,2026-09-09T17:15:15
age27_025145.jpg,test,lips_masked,no_face_detected,2026-09-09T17:15:15
age65_032075.jpg,test,lips_masked,no_face_detected,2026-09-09T17:15:15
age54_048566.jpg,test,lips_masked,no_face_detected,2026-09-09T17:15:15
age54_046029.jpg,test,lips_masked,no_face_detected,2026-09-09T17:15:16
age17_072615.jpg,test,lips_masked,no_face_detected,2026-09-09T17:15:16
age67_032511.jpg,test,lips_masked,no_face_detected,2026-09-09T17:15:16
age6_010404.jpg,test,lips_masked,no_face_detected,2026-09-09T17:15:16
age60_076015.jpg,test,lips_masked,no_face_detected,2026-09-09T17:15:16
age58_027674.jpg,test,lips_masked,no_face_detected,2026-09-09T17:15:16
age53_047381.jpg,test,lips_masked,no_face_detected,2026-09-09T17:15:16
age58_075848.jpg,test,lips_masked,no_face_detected,2026-09-09T17:15:16
age60_076770.jpg,test,lips_masked,no_face_detected,2026-09-09T17:15:16
age26_025495.jpg,test,lips_masked,no_face_detected,2026-09-09T17:15:17
age31_020527.jpg,test,lips_masked,no_face_detected,2026-09-09T17:15:17
age68_031803.jpg,test,lips_masked,no_face_detected,2026-09-09T17:15:17
age20_073403.jpg,test,lips_masked,no_face_detected,2026-09-09T17:15:17
age67_031693.jpg,test,lips_masked,no_face_detected,2026-09-09T17:15:17
age70_032375.jpg,test,lips_masked,no_face_detected,2026-09-09T17:15:17
age38_066005.jpg,test,lips_masked,no_face_detected,2026-09-09T17:15:17
age6_006926.jpg,test,lips_masked,no_face_detected,2026-09-09T17:15:18
age20_059303.jpg,test,lips_masked,no_face_detected,2026-09-09T17:15:18
age27_024852.jpg,test,lips_masked,no_face_detected,2026-09-09T17:15:18
age55_075879.jpg,test,lips_masked,no_face_detected,2026-09-09T17:15:18
age8_008763.jpg,test,lips_masked,no_face_detected,2026-09-09T17:15:19
age27_022731.jpg,test,lips_masked,no_face_detected,2026-09-09T17:15:19
age71_028647.jpg,test,lips_masked,no_face_detected,2026-09-09T17:15:19
age2_051908.jpg,test,lips_masked,no_face_detected,2026-09-09T17:15:19
age57_062054.jpg,test,lips_masked,no_face_detected,2026-09-09T17:15:19
age48_042613.jpg,test,lips_masked,no_face_detected,2026-09-09T17:15:20
age20_070530.jpg,test,lips_masked,no_face_detected,2026-09-09T17:15:20
age27_024477.jpg,test,lips_masked,no_face_detected,2026-09-09T17:15:20
age47_043185.jpg,test,lips_masked,no_face_detected,2026-09-09T17:15:20
age38_050426.jpg,test,lips_masked,no_face_detected,2026-09-09T17:15:20
age38_070311.jpg,test,lips_masked,no_face_detected,2026-09-09T17:15:20
age31_016103.jpg,test,lips_masked,no_face_detected,2026-09-09T17:15:21
age55_048905.jpg,test,lips_masked,no_face_detected,2026-09-09T17:15:21
age48_037521.jpg,test,lips_masked,no_face_detected,2026-09-09T17:15:21
age76_043918.jpg,test,lips_masked,no_face_detected,2026-09-09T17:15:21
age58_078786.jpg,test,lips_masked,no_face_detected,2026-09-09T17:15:21
age38_067802.jpg,test,lips_masked,no_face_detected,2026-09-09T17:15:21
age10_008595.jpg,test,lips_masked,no_face_detected,2026-09-09T17:15:21
age50_046656.jpg,test,lips_masked,no_face_detected,2026-09-09T17:15:21
age36_062470.jpg,test,lips_masked,no_face_detected,2026-09-09T17:15:22
age25_054778.jpg,test,lips_masked,no_face_detected,2026-09-09T17:15:22
age22_058901.jpg,test,lips_masked,no_face_detected,2026-09-09T17:15:22
age56_014089.jpg,test,lips_masked,no_face_detected,2026-09-09T17:15:22
age10_010494.jpg,test,lips_masked,no_face_detected,2026-09-09T17:15:22
age41_064963.jpg,test,lips_masked,no_face_detected,2026-09-09T17:15:22
age22_055273.jpg,test,lips_masked,no_face_detected,2026-09-09T17:15:23
age54_045586.jpg,test,lips_masked,no_face_detected,2026-09-09T17:15:23
age48_043696.jpg,test,lips_masked,no_face_detected,2026-09-09T17:15:23
age47_043204.jpg,test,lips_masked,no_face_detected,2026-09-09T17:15:23
age23_057992.jpg,test,lips_masked,no_face_detected,2026-09-09T17:15:24
age62_060422.jpg,test,lips_masked,no_face_detected,2026-09-09T17:15:24
age50_041385.jpg,test,lips_masked,no_face_detected,2026-09-09T17:15:24
age48_041691.jpg,test,lips_masked,no_face_detected,2026-09-09T17:15:24
age80_084119.jpg,test,lips_masked,no_face_detected,2026-09-09T17:15:24
age27_021967.jpg,test,lips_masked,no_face_detected,2026-09-09T17:15:24
age37_067715.jpg,test,lips_masked,no_face_detected,2026-09-09T17:15:25
age37_069602.jpg,test,lips_masked,no_face_detected,2026-09-09T17:15:25
age11_006328.jpg,test,lips_masked,no_face_detected,2026-09-09T17:15:25
age27_021106.jpg,test,lips_masked,no_face_detected,2026-09-09T17:15:25
age65_078394.jpg,test,lips_masked,no_face_detected,2026-09-09T17:15:25
age34_017943.jpg,test,lips_masked,no_face_detected,2026-09-09T17:15:25
age61_076580.jpg,test,lips_masked,no_face_detected,2026-09-09T17:15:25
age21_059189.jpg,test,lips_masked,no_face_detected,2026-09-09T17:15:25
age25_058040.jpg,test,lips_masked,no_face_detected,2026-09-09T17:15:26
age39_018974.jpg,test,lips_masked,no_face_detected,2026-09-09T17:15:26
age18_074167.jpg,test,lips_masked,no_face_detected,2026-09-09T17:15:26
age40_062488.jpg,test,lips_masked,no_face_detected,2026-09-09T17:15:26
age20_071167.jpg,test,lips_masked,no_face_detected,2026-09-09T17:15:26
age68_032346.jpg,test,lips_masked,no_face_detected,2026-09-09T17:15:26
19_1_2_20170104021632526.jpg,test,lips_masked,no_face_detected,2026-09-09T17:15:26
age66_036717.jpg,test,lips_masked,no_face_detected,2026-09-09T17:15:27
age68_034522.jpg,test,lips_masked,no_face_detected,2026-09-09T17:15:27
age6_008962.jpg,test,lips_masked,no_face_detected,2026-09-09T17:15:27
age24_041012.jpg,test,lips_masked,no_face_detected,2026-09-09T17:15:27
age29_026580.jpg,test,lips_masked,no_face_detected,2026-09-09T17:15:27
age44_018819.jpg,test,lips_masked,no_face_detected,2026-09-09T17:15:27
age61_080932.jpg,test,lips_masked,no_face_detected,2026-09-09T17:15:27
age15_022186.jpg,test,lips_masked,no_face_detected,2026-09-09T17:15:27
age2_053441.jpg,test,lips_masked,no_face_detected,2026-09-09T17:15:27
age61_082575.jpg,test,lips_masked,no_face_detected,2026-09-09T17:15:27
age54_047896.jpg,test,lips_masked,no_face_detected,2026-09-09T17:15:27
age47_041854.jpg,test,lips_masked,no_face_detected,2026-09-09T17:15:28
age65_080176.jpg,test,lips_masked,no_face_detected,2026-09-09T17:15:28
age27_024927.jpg,test,lips_masked,no_face_detected,2026-09-09T17:15:28
age31_018958.jpg,test,lips_masked,no_face_detected,2026-09-09T17:15:28
age4_053284.jpg,test,lips_masked,no_face_detected,2026-09-09T17:15:29
age20_058961.jpg,test,lips_masked,no_face_detected,2026-09-09T17:15:29
age38_066268.jpg,test,lips_masked,no_face_detected,2026-09-09T17:15:29
age12_004151.jpg,test,lips_masked,no_face_detected,2026-09-09T17:15:29
age31_016693.jpg,test,lips_masked,no_face_detected,2026-09-09T17:15:29
age47_038520.jpg,test,lips_masked,no_face_detected,2026-09-09T17:15:29
age10_005993.jpg,test,lips_masked,no_face_detected,2026-09-09T17:15:30
age40_062032.jpg,test,lips_masked,no_face_detected,2026-09-09T17:15:30
age30_021525.jpg,test,lips_masked,no_face_detected,2026-09-09T17:15:30
age70_029829.jpg,test,lips_masked,no_face_detected,2026-09-09T17:15:30
age62_039460.jpg,test,lips_masked,no_face_detected,2026-09-09T17:15:30
age47_040922.jpg,test,lips_masked,no_face_detected,2026-09-09T17:15:31
age12_001569.jpg,test,lips_masked,no_face_detected,2026-09-09T17:15:31
age61_049660.jpg,test,lips_masked,no_face_detected,2026-09-09T17:15:31
age38_067238.jpg,test,lips_masked,no_face_detected,2026-09-09T17:15:31
age10_002122.jpg,test,lips_masked,no_face_detected,2026-09-09T17:15:31
age45_062687.jpg,test,lips_masked,no_face_detected,2026-09-09T17:15:31
age27_024754.jpg,test,lips_masked,no_face_detected,2026-09-09T17:15:31
age25_058134.jpg,test,lips_masked,no_face_detected,2026-09-09T17:15:32
age67_031657.jpg,test,lips_masked,no_face_detected,2026-09-09T17:15:32
age41_051966.jpg,test,lips_masked,no_face_detected,2026-09-09T17:15:32
90_0_2_20170111210212331.jpg,test,lips_masked,no_face_detected,2026-09-09T17:15:32
age40_061622.jpg,test,lips_masked,no_face_detected,2026-09-09T17:15:33
age40_060610.jpg,test,lips_masked,no_face_detected,2026-09-09T17:15:33
age11_002206.jpg,test,lips_masked,no_face_detected,2026-09-09T17:15:33
age21_055366.jpg,test,lips_masked,no_face_detected,2026-09-09T17:15:33
age38_068978.jpg,test,lips_masked,no_face_detected,2026-09-09T17:15:33
age25_056676.jpg,test,lips_masked,no_face_detected,2026-09-09T17:15:34
age40_070118.jpg,test,lips_masked,no_face_detected,2026-09-09T17:15:34
age2_054045.jpg,test,lips_masked,no_face_detected,2026-09-09T17:15:34
age27_022786.jpg,test,lips_masked,no_face_detected,2026-09-09T17:15:35
age10_010655.jpg,test,lips_masked,no_face_detected,2026-09-09T17:15:35
age41_026076.jpg,test,lips_masked,no_face_detected,2026-09-09T17:15:35
age38_065622.jpg,test,lips_masked,no_face_detected,2026-09-09T17:15:35
age65_036506.jpg,test,lips_masked,no_face_detected,2026-09-09T17:15:35
age6_013774.jpg,test,lips_masked,no_face_detected,2026-09-09T17:15:35
age10_003976.jpg,test,lips_masked,no_face_detected,2026-09-09T17:15:35
age15_074392.jpg,test,lips_masked,no_face_detected,2026-09-09T17:15:36
age4_054912.jpg,test,lips_masked,no_face_detected,2026-09-09T17:15:36
age6_008126.jpg,test,lips_masked,no_face_detected,2026-09-09T17:15:36
age72_027885.jpg,test,lips_masked,no_face_detected,2026-09-09T17:15:36
age19_046969.jpg,test,lips_masked,no_face_detected,2026-09-09T17:15:36
age38_070308.jpg,test,lips_masked,no_face_detected,2026-09-09T17:15:36
age27_026066.jpg,test,lips_masked,no_face_detected,2026-09-09T17:15:36
age27_022621.jpg,test,lips_masked,no_face_detected,2026-09-09T17:15:37
age25_021555.jpg,test,lips_masked,no_face_detected,2026-09-09T17:15:37
age69_034292.jpg,test,lips_masked,no_face_detected,2026-09-09T17:15:37
age61_080430.jpg,test,lips_masked,no_face_detected,2026-09-09T17:15:37
age37_068099.jpg,test,lips_masked,no_face_detected,2026-09-09T17:15:37
age2_054736.jpg,test,lips_masked,no_face_detected,2026-09-09T17:15:37
age62_066686.jpg,test,lips_masked,no_face_detected,2026-09-09T17:15:37
age36_050478.jpg,test,lips_masked,no_face_detected,2026-09-09T17:15:37
age27_022454.jpg,test,lips_masked,no_face_detected,2026-09-09T17:15:38
age18_072590.jpg,test,lips_masked,no_face_detected,2026-09-09T17:15:38
age17_072296.jpg,test,lips_masked,no_face_detected,2026-09-09T17:15:38
age55_048832.jpg,test,lips_masked,no_face_detected,2026-09-09T17:15:38
age21_056745.jpg,test,lips_masked,no_face_detected,2026-09-09T17:15:38
age25_060256.jpg,test,lips_masked,no_face_detected,2026-09-09T17:15:38
age13_000001.jpg,test,lips_masked,no_face_detected,2026-09-09T17:15:39
age60_077665.jpg,test,lips_masked,no_face_detected,2026-09-09T17:15:39
age58_028789.jpg,test,lips_masked,no_face_detected,2026-09-09T17:15:39
age48_040606.jpg,test,lips_masked,no_face_detected,2026-09-09T17:15:39
age47_039951.jpg,test,lips_masked,no_face_detected,2026-09-09T17:15:39
age31_016408.jpg,test,lips_masked,no_face_detected,2026-09-09T17:15:39
93_1_0_20170110182437844.jpg,test,lips_masked,no_face_detected,2026-09-09T17:15:39
age41_061577.jpg,test,lips_masked,no_face_detected,2026-09-09T17:15:39
age31_014977.jpg,test,lips_masked,no_face_detected,2026-09-09T17:15:39
age60_079342.jpg,test,lips_masked,no_face_detected,2026-09-09T17:15:39
age62_080211.jpg,test,lips_masked,no_face_detected,2026-09-09T17:15:40
age84_084103.jpg,test,lips_masked,no_face_detected,2026-09-09T17:15:40
age42_039624.jpg,test,lips_masked,no_face_detected,2026-09-09T17:15:40
age6_010565.jpg,test,lips_masked,no_face_detected,2026-09-09T17:15:40
age27_025526.jpg,test,lips_masked,no_face_detected,2026-09-09T17:15:40
age18_071829.jpg,test,lips_masked,no_face_detected,2026-09-09T17:15:40
age46_037527.jpg,test,lips_masked,no_face_detected,2026-09-09T17:15:40
age15_072396.jpg,test,lips_masked,no_face_detected,2026-09-09T17:15:41
age54_045547.jpg,test,lips_masked,no_face_detected,2026-09-09T17:15:41
age69_031152.jpg,test,lips_masked,no_face_detected,2026-09-09T17:15:41
age52_048312.jpg,test,lips_masked,no_face_detected,2026-09-09T17:15:41
age61_081203.jpg,test,lips_masked,no_face_detected,2026-09-09T17:15:41
age9_012938.jpg,test,lips_masked,no_face_detected,2026-09-09T17:15:41
age34_015954.jpg,test,lips_masked,no_face_detected,2026-09-09T17:15:41
age32_017250.jpg,test,lips_masked,no_face_detected,2026-09-09T17:15:38
age73_028441.jpg,test,lips_masked,no_face_detected,2026-09-09T17:15:38
age58_076955.jpg,test,lips_masked,no_face_detected,2026-09-09T17:15:39
age57_078751.jpg,test,lips_masked,no_face_detected,2026-09-09T17:15:39
age38_066287.jpg,test,lips_masked,no_face_detected,2026-09-09T17:15:39
age40_064340.jpg,test,lips_masked,no_face_detected,2026-09-09T17:15:40
age37_001309.jpg,test,lips_masked,no_face_detected,2026-09-09T17:15:40
age64_060890.jpg,test,lips_masked,no_face_detected,2026-09-09T17:15:40
age54_049444.jpg,test,lips_masked,no_face_detected,2026-09-09T17:15:40
age34_020810.jpg,test,lips_masked,no_face_detected,2026-09-09T17:15:40
age50_047332.jpg,test,lips_masked,no_face_detected,2026-09-09T17:15:41
age27_022663.jpg,test,lips_masked,no_face_detected,2026-09-09T17:15:41
age18_073158.jpg,test,lips_masked,no_face_detected,2026-09-09T17:15:41
age34_016782.jpg,test,lips_masked,no_face_detected,2026-09-09T17:15:41
age27_023660.jpg,test,lips_masked,no_face_detected,2026-09-09T17:15:41
age27_025114.jpg,test,lips_masked,no_face_detected,2026-09-09T17:15:41
age79_052472.jpg,test,lips_masked,no_face_detected,2026-09-09T17:15:41
age48_023114.jpg,test,lips_masked,no_face_detected,2026-09-09T17:15:42
age4_053511.jpg,test,lips_masked,no_face_detected,2026-09-09T17:15:42
age32_005445.jpg,test,lips_masked,no_face_detected,2026-09-09T17:15:42
age45_044030.jpg,test,lips_masked,no_face_detected,2026-09-09T17:15:42
age24_003236.jpg,test,lips_masked,no_face_detected,2026-09-09T17:15:42
age22_043624.jpg,test,lips_masked,no_face_detected,2026-09-09T17:15:42
age65_082546.jpg,test,lips_masked,no_face_detected,2026-09-09T17:15:42
age27_025931.jpg,test,lips_masked,no_face_detected,2026-09-09T17:15:42
age6_012812.jpg,test,lips_masked,no_face_detected,2026-09-09T17:15:42
age62_082187.jpg,test,lips_masked,no_face_detected,2026-09-09T17:15:42
age48_041680.jpg,test,lips_masked,no_face_detected,2026-09-09T17:15:43
age57_077814.jpg,test,lips_masked,no_face_detected,2026-09-09T17:15:43
age4_050638.jpg,test,lips_masked,no_face_detected,2026-09-09T17:15:43
age17_073590.jpg,test,lips_masked,no_face_detected,2026-09-09T17:15:43
age66_035990.jpg,test,lips_masked,no_face_detected,2026-09-09T17:15:43
age34_016715.jpg,test,lips_masked,no_face_detected,2026-09-09T17:15:43
age18_072715.jpg,test,lips_masked,no_face_detected,2026-09-09T17:15:43
age33_019834.jpg,test,lips_masked,no_face_detected,2026-09-09T17:15:44
age17_070944.jpg,test,lips_masked,no_face_detected,2026-09-09T17:15:44
age48_038496.jpg,test,lips_masked,no_face_detected,2026-09-09T17:15:44
age45_060684.jpg,test,lips_masked,no_face_detected,2026-09-09T17:15:44
age65_079720.jpg,test,lips_masked,no_face_detected,2026-09-09T17:15:45
age43_041956.jpg,test,lips_masked,no_face_detected,2026-09-09T17:15:45
age18_074864.jpg,test,lips_masked,no_face_detected,2026-09-09T17:15:45
age27_021576.jpg,test,lips_masked,no_face_detected,2026-09-09T17:15:45
age21_056396.jpg,test,lips_masked,no_face_detected,2026-09-09T17:15:45
age21_059432.jpg,test,lips_masked,no_face_detected,2026-09-09T17:15:45
age64_080184.jpg,test,lips_masked,no_face_detected,2026-09-09T17:15:46
age9_013773.jpg,test,lips_masked,no_face_detected,2026-09-09T17:15:46
age54_045332.jpg,test,lips_masked,no_face_detected,2026-09-09T17:15:46
age7_004666.jpg,test,lips_masked,no_face_detected,2026-09-09T17:15:47
age65_082674.jpg,test,lips_masked,no_face_detected,2026-09-09T17:15:47
age37_065139.jpg,test,lips_masked,no_face_detected,2026-09-09T17:15:47
age13_000870.jpg,test,lips_masked,no_face_detected,2026-09-09T17:15:47
age74_029719.jpg,test,lips_masked,no_face_detected,2026-09-09T17:15:47
age38_069278.jpg,test,lips_masked,no_face_detected,2026-09-09T17:15:48
age75_028748.jpg,test,lips_masked,no_face_detected,2026-09-09T17:15:48
age22_056903.jpg,test,lips_masked,no_face_detected,2026-09-09T17:15:48
age41_060525.jpg,test,lips_masked,no_face_detected,2026-09-09T17:15:48
age37_067036.jpg,test,lips_masked,no_face_detected,2026-09-09T17:15:48
age21_059915.jpg,test,lips_masked,no_face_detected,2026-09-09T17:15:48
age53_045103.jpg,test,lips_masked,no_face_detected,2026-09-09T17:15:48
age58_025180.jpg,test,lips_masked,no_face_detected,2026-09-09T17:15:48
age69_033387.jpg,test,lips_masked,no_face_detected,2026-09-09T17:15:49
age54_049909.jpg,test,lips_masked,no_face_detected,2026-09-09T17:15:49
age25_024161.jpg,test,lips_masked,no_face_detected,2026-09-09T17:15:49
age17_072597.jpg,test,lips_masked,no_face_detected,2026-09-09T17:15:49
age31_015223.jpg,test,lips_masked,no_face_detected,2026-09-09T17:15:49
age4_053778.jpg,test,lips_masked,no_face_detected,2026-09-09T17:15:49
age4_053579.jpg,test,lips_masked,no_face_detected,2026-09-09T17:15:49
age62_081947.jpg,test,lips_masked,no_face_detected,2026-09-09T17:15:49
age19_074206.jpg,test,lips_masked,no_face_detected,2026-09-09T17:15:49
age73_030722.jpg,test,lips_masked,no_face_detected,2026-09-09T17:15:49
age43_038965.jpg,test,lips_masked,no_face_detected,2026-09-09T17:15:50
age70_029344.jpg,test,lips_masked,no_face_detected,2026-09-09T17:15:50
age5_011953.jpg,test,lips_masked,no_face_detected,2026-09-09T17:15:50
age4_051097.jpg,test,lips_masked,no_face_detected,2026-09-09T17:15:50
age31_013870.jpg,test,lips_masked,no_face_detected,2026-09-09T17:15:50
age15_001264.jpg,test,lips_masked,no_face_detected,2026-09-09T17:15:50
age38_066147.jpg,test,lips_masked,no_face_detected,2026-09-09T17:15:51
age67_034000.jpg,test,lips_masked,no_face_detected,2026-09-09T17:15:51
age31_020988.jpg,test,lips_masked,no_face_detected,2026-09-09T17:15:51
age42_063326.jpg,test,lips_masked,no_face_detected,2026-09-09T17:15:51
age64_082319.jpg,test,lips_masked,no_face_detected,2026-09-09T17:15:51
age70_030963.jpg,test,lips_masked,no_face_detected,2026-09-09T17:15:51
age58_078442.jpg,test,lips_masked,no_face_detected,2026-09-09T17:15:52
age54_049220.jpg,test,lips_masked,no_face_detected,2026-09-09T17:15:52
age40_069962.jpg,test,lips_masked,no_face_detected,2026-09-09T17:15:52
age47_018381.jpg,test,lips_masked,no_face_detected,2026-09-09T17:15:52
age57_075739.jpg,test,lips_masked,no_face_detected,2026-09-09T17:15:52
age54_048429.jpg,test,lips_masked,no_face_detected,2026-09-09T17:15:53
age31_016100.jpg,test,lips_masked,no_face_detected,2026-09-09T17:15:53
age45_061182.jpg,test,lips_masked,no_face_detected,2026-09-09T17:15:53
age40_062416.jpg,test,lips_masked,no_face_detected,2026-09-09T17:15:53
age60_078189.jpg,test,lips_masked,no_face_detected,2026-09-09T17:15:54
age77_083028.jpg,test,lips_masked,no_face_detected,2026-09-09T17:15:54
age21_059755.jpg,test,lips_masked,no_face_detected,2026-09-09T17:15:54
age65_036779.jpg,test,lips_masked,no_face_detected,2026-09-09T17:15:54
age34_015412.jpg,test,lips_masked,no_face_detected,2026-09-09T17:15:54
age6_009270.jpg,test,lips_masked,no_face_detected,2026-09-09T17:15:54
age61_029641.jpg,test,lips_masked,no_face_detected,2026-09-09T17:15:54
age47_024496.jpg,test,lips_masked,no_face_detected,2026-09-09T17:15:55
age60_078219.jpg,test,lips_masked,no_face_detected,2026-09-09T17:15:55
age73_027740.jpg,test,lips_masked,no_face_detected,2026-09-09T17:15:55
age6_008746.jpg,test,lips_masked,no_face_detected,2026-09-09T17:15:55
age31_020993.jpg,test,lips_masked,no_face_detected,2026-09-09T17:15:55
age48_042897.jpg,test,lips_masked,no_face_detected,2026-09-09T17:15:55
age60_034186.jpg,test,lips_masked,no_face_detected,2026-09-09T17:15:55
age55_047570.jpg,test,lips_masked,no_face_detected,2026-09-09T17:15:55
age48_040341.jpg,test,lips_masked,no_face_detected,2026-09-09T17:15:56
age82_053925.jpg,test,lips_masked,no_face_detected,2026-09-09T17:15:56
age75_083236.jpg,test,lips_masked,no_face_detected,2026-09-09T17:15:56
age42_061137.jpg,test,lips_masked,no_face_detected,2026-09-09T17:15:56
age22_057354.jpg,test,lips_masked,no_face_detected,2026-09-09T17:15:57
age40_064882.jpg,test,lips_masked,no_face_detected,2026-09-09T17:15:57
age61_080243.jpg,test,lips_masked,no_face_detected,2026-09-09T17:15:57
age36_068394.jpg,test,lips_masked,no_face_detected,2026-09-09T17:15:57
age73_027919.jpg,test,lips_masked,no_face_detected,2026-09-09T17:15:58
age44_063696.jpg,test,lips_masked,no_face_detected,2026-09-09T17:15:58
age60_077437.jpg,test,lips_masked,no_face_detected,2026-09-09T17:15:58
age38_067969.jpg,test,lips_masked,no_face_detected,2026-09-09T17:15:58
age37_068489.jpg,test,lips_masked,no_face_detected,2026-09-09T17:15:58
age21_059069.jpg,test,lips_masked,no_face_detected,2026-09-09T17:15:58
age31_014415.jpg,test,lips_masked,no_face_detected,2026-09-09T17:15:58
age50_047529.jpg,test,lips_masked,no_face_detected,2026-09-09T17:15:58
age25_022245.jpg,test,lips_masked,no_face_detected,2026-09-09T17:15:58
age40_013298.jpg,test,lips_masked,no_face_detected,2026-09-09T17:15:58
age16_072701.jpg,test,lips_masked,no_face_detected,2026-09-09T17:15:59
age74_027583.jpg,test,lips_masked,no_face_detected,2026-09-09T17:16:00
age34_018692.jpg,test,lips_masked,no_face_detected,2026-09-09T17:16:00
age11_006407.jpg,test,lips_masked,no_face_detected,2026-09-09T17:16:00
age25_001623.jpg,test,lips_masked,no_face_detected,2026-09-09T17:16:00
age37_047979.jpg,test,lips_masked,no_face_detected,2026-09-09T17:16:00
age9_003977.jpg,test,lips_masked,no_face_detected,2026-09-09T17:16:00
age21_055705.jpg,test,lips_masked,no_face_detected,2026-09-09T17:16:01
1_1_0_20161220220103049.jpg,test,lips_masked,no_face_detected,2026-09-09T17:16:01
age10_005757.jpg,test,lips_masked,no_face_detected,2026-09-09T17:16:01
age25_021935.jpg,test,lips_masked,no_face_detected,2026-09-09T17:16:01
age53_034716.jpg,test,lips_masked,no_face_detected,2026-09-09T17:16:01
age32_018963.jpg,test,lips_masked,no_face_detected,2026-09-09T17:16:01
age34_017289.jpg,test,lips_masked,no_face_detected,2026-09-09T17:16:02
age75_083266.jpg,test,lips_masked,no_face_detected,2026-09-09T17:16:02
age31_014583.jpg,test,lips_masked,no_face_detected,2026-09-09T17:16:02
age49_038128.jpg,test,lips_masked,no_face_detected,2026-09-09T17:16:02
age31_019382.jpg,test,lips_masked,no_face_detected,2026-09-09T17:16:02
age67_036014.jpg,test,lips_masked,no_face_detected,2026-09-09T17:16:02
age41_018817.jpg,test,lips_masked,no_face_detected,2026-09-09T17:16:02
age37_067330.jpg,test,lips_masked,no_face_detected,2026-09-09T17:16:02
age40_065890.jpg,test,lips_masked,no_face_detected,2026-09-09T17:16:03
age36_060164.jpg,test,lips_masked,no_face_detected,2026-09-09T17:16:03
age67_033510.jpg,test,lips_masked,no_face_detected,2026-09-09T17:16:03
age5_002207.jpg,test,lips_masked,no_face_detected,2026-09-09T17:16:03
age41_063145.jpg,test,lips_masked,no_face_detected,2026-09-09T17:16:03
age55_078959.jpg,test,lips_masked,no_face_detected,2026-09-09T17:16:03
age54_047029.jpg,test,lips_masked,no_face_detected,2026-09-09T17:16:04
age65_034245.jpg,test,lips_masked,no_face_detected,2026-09-09T17:16:04
age76_082797.jpg,test,lips_masked,no_face_detected,2026-09-09T17:16:04
age20_057589.jpg,test,lips_masked,no_face_detected,2026-09-09T17:16:04
age58_076090.jpg,test,lips_masked,no_face_detected,2026-09-09T17:16:04
age36_069187.jpg,test,lips_masked,no_face_detected,2026-09-09T17:16:05
age27_022846.jpg,test,lips_masked,no_face_detected,2026-09-09T17:16:05
age27_024071.jpg,test,lips_masked,no_face_detected,2026-09-09T17:16:05
age11_001603.jpg,test,lips_masked,no_face_detected,2026-09-09T17:16:05
age41_061049.jpg,test,lips_masked,no_face_detected,2026-09-09T17:16:05
age34_018118.jpg,test,lips_masked,no_face_detected,2026-09-09T17:16:05
age62_080505.jpg,test,lips_masked,no_face_detected,2026-09-09T17:16:06
age4_052821.jpg,test,lips_masked,no_face_detected,2026-09-09T17:16:06
age27_023891.jpg,test,lips_masked,no_face_detected,2026-09-09T17:16:06
age19_074146.jpg,test,lips_masked,no_face_detected,2026-09-09T17:16:06
age53_044451.jpg,test,lips_masked,no_face_detected,2026-09-09T17:16:06
age61_081210.jpg,test,lips_masked,no_face_detected,2026-09-09T17:16:06
age38_068816.jpg,test,lips_masked,no_face_detected,2026-09-09T17:16:07
age67_028947.jpg,test,lips_masked,no_face_detected,2026-09-09T17:16:07
age10_005167.jpg,test,lips_masked,no_face_detected,2026-09-09T17:16:07
age6_000958.jpg,test,lips_masked,no_face_detected,2026-09-09T17:16:07
age48_042705.jpg,test,lips_masked,no_face_detected,2026-09-09T17:16:07
age36_066938.jpg,test,lips_masked,no_face_detected,2026-09-09T17:16:07
age66_032488.jpg,test,lips_masked,no_face_detected,2026-09-09T17:16:07
age42_037251.jpg,test,lips_masked,no_face_detected,2026-09-09T17:16:08
age37_066508.jpg,test,lips_masked,no_face_detected,2026-09-09T17:16:08
age47_038162.jpg,test,lips_masked,no_face_detected,2026-09-09T17:16:08
age17_071395.jpg,test,lips_masked,no_face_detected,2026-09-09T17:16:08
age61_080835.jpg,test,lips_masked,no_face_detected,2026-09-09T17:16:08
age27_023657.jpg,test,lips_masked,no_face_detected,2026-09-09T17:16:08
age9_004867.jpg,test,lips_masked,no_face_detected,2026-09-09T17:16:08
age6_013027.jpg,test,lips_masked,no_face_detected,2026-09-09T17:16:08
age50_043688.jpg,test,lips_masked,no_face_detected,2026-09-09T17:16:09
age40_049915.jpg,test,lips_masked,no_face_detected,2026-09-09T17:16:09
age20_058969.jpg,test,lips_masked,no_face_detected,2026-09-09T17:16:09
age11_005576.jpg,test,lips_masked,no_face_detected,2026-09-09T17:16:09
age78_083002.jpg,test,lips_masked,no_face_detected,2026-09-09T17:16:09
age37_052839.jpg,test,lips_masked,no_face_detected,2026-09-09T17:16:09
age54_050217.jpg,test,lips_masked,no_face_detected,2026-09-09T17:16:09
age9_009539.jpg,test,lips_masked,no_face_detected,2026-09-09T17:16:10
age20_072317.jpg,test,lips_masked,no_face_detected,2026-09-09T17:16:10
age27_024705.jpg,test,lips_masked,no_face_detected,2026-09-09T17:16:10
age5_011427.jpg,test,lips_masked,no_face_detected,2026-09-09T17:16:10
age6_007799.jpg,test,lips_masked,no_face_detected,2026-09-09T17:16:10
age62_019530.jpg,test,lips_masked,no_face_detected,2026-09-09T17:16:10
age28_021296.jpg,test,lips_masked,no_face_detected,2026-09-09T17:16:10
age76_082885.jpg,test,lips_masked,no_face_detected,2026-09-09T17:16:10
age43_018675.jpg,test,lips_masked,no_face_detected,2026-09-09T17:16:10
age78_082966.jpg,test,lips_masked,no_face_detected,2026-09-09T17:16:10
age58_076943.jpg,test,lips_masked,no_face_detected,2026-09-09T17:16:10
age4_052297.jpg,test,lips_masked,no_face_detected,2026-09-09T17:16:08
age60_075444.jpg,test,lips_masked,no_face_detected,2026-09-09T17:16:08
age41_064481.jpg,test,lips_masked,no_face_detected,2026-09-09T17:16:08
age67_034687.jpg,test,lips_masked,no_face_detected,2026-09-09T17:16:08
age37_070090.jpg,test,lips_masked,no_face_detected,2026-09-09T17:16:08
age18_074489.jpg,test,lips_masked,no_face_detected,2026-09-09T17:16:08
age50_048382.jpg,test,lips_masked,no_face_detected,2026-09-09T17:16:09
age47_042257.jpg,test,lips_masked,no_face_detected,2026-09-09T17:16:09
age40_064181.jpg,test,lips_masked,no_face_detected,2026-09-09T17:16:09
age58_078441.jpg,test,lips_masked,no_face_detected,2026-09-09T17:16:09
age37_066668.jpg,test,lips_masked,no_face_detected,2026-09-09T17:16:09
age45_061849.jpg,test,lips_masked,no_face_detected,2026-09-09T17:16:09
age70_035658.jpg,test,lips_masked,no_face_detected,2026-09-09T17:16:09
age34_017806.jpg,test,lips_masked,no_face_detected,2026-09-09T17:16:10
age2_051542.jpg,test,lips_masked,no_face_detected,2026-09-09T17:16:10
age50_046170.jpg,test,lips_masked,no_face_detected,2026-09-09T17:16:10
age38_026581.jpg,test,lips_masked,no_face_detected,2026-09-09T17:16:10
age31_019814.jpg,test,lips_masked,no_face_detected,2026-09-09T17:16:10
age9_010493.jpg,test,lips_masked,no_face_detected,2026-09-09T17:16:10
age52_048083.jpg,test,lips_masked,no_face_detected,2026-09-09T17:16:10
age60_077266.jpg,test,lips_masked,no_face_detected,2026-09-09T17:16:11
age37_067993.jpg,test,lips_masked,no_face_detected,2026-09-09T17:16:11
age25_022185.jpg,test,lips_masked,no_face_detected,2026-09-09T17:16:11
age27_022054.jpg,test,lips_masked,no_face_detected,2026-09-09T17:16:11
age22_056870.jpg,test,lips_masked,no_face_detected,2026-09-09T17:16:11
age54_050061.jpg,test,lips_masked,no_face_detected,2026-09-09T17:16:12
age67_036245.jpg,test,lips_masked,no_face_detected,2026-09-09T17:16:12
age15_004633.jpg,test,lips_masked,no_face_detected,2026-09-09T17:16:12
age7_009218.jpg,test,lips_masked,no_face_detected,2026-09-09T17:16:12
age31_016883.jpg,test,lips_masked,no_face_detected,2026-09-09T17:16:12
age58_077704.jpg,test,lips_masked,no_face_detected,2026-09-09T17:16:12
age42_061664.jpg,test,lips_masked,no_face_detected,2026-09-09T17:16:12
age36_068186.jpg,test,lips_masked,no_face_detected,2026-09-09T17:16:13
age6_012301.jpg,test,lips_masked,no_face_detected,2026-09-09T17:16:13
age40_062867.jpg,test,lips_masked,no_face_detected,2026-09-09T17:16:13
age41_064025.jpg,test,lips_masked,no_face_detected,2026-09-09T17:16:13
age50_045486.jpg,test,lips_masked,no_face_detected,2026-09-09T17:16:13
age69_034433.jpg,test,lips_masked,no_face_detected,2026-09-09T17:16:13
age4_055071.jpg,test,lips_masked,no_face_detected,2026-09-09T17:16:14
age44_023514.jpg,test,lips_masked,no_face_detected,2026-09-09T17:16:14
age12_001506.jpg,test,lips_masked,no_face_detected,2026-09-09T17:16:14
age49_042511.jpg,test,lips_masked,no_face_detected,2026-09-09T17:16:14
age19_044265.jpg,test,lips_masked,no_face_detected,2026-09-09T17:16:14
age41_061818.jpg,test,lips_masked,no_face_detected,2026-09-09T17:16:14
age22_056418.jpg,test,lips_masked,no_face_detected,2026-09-09T17:16:15
age75_028564.jpg,test,lips_masked,no_face_detected,2026-09-09T17:16:15
age47_039072.jpg,test,lips_masked,no_face_detected,2026-09-09T17:16:15
age25_026229.jpg,test,lips_masked,no_face_detected,2026-09-09T17:16:15
age60_082534.jpg,test,lips_masked,no_face_detected,2026-09-09T17:16:15
age66_036431.jpg,test,lips_masked,no_face_detected,2026-09-09T17:16:15
age53_046125.jpg,test,lips_masked,no_face_detected,2026-09-09T17:16:16
age10_000341.jpg,test,lips_masked,no_face_detected,2026-09-09T17:16:16
age27_026821.jpg,test,lips_masked,no_face_detected,2026-09-09T17:16:16
age4_052925.jpg,test,lips_masked,no_face_detected,2026-09-09T17:16:16
age44_043686.jpg,test,lips_masked,no_face_detected,2026-09-09T17:16:16
age64_081917.jpg,test,lips_masked,no_face_detected,2026-09-09T17:16:16
age10_005166.jpg,test,lips_masked,no_face_detected,2026-09-09T17:16:16
age30_018380.jpg,test,lips_masked,no_face_detected,2026-09-09T17:16:16
age50_041394.jpg,test,lips_masked,no_face_detected,2026-09-09T17:16:17
age59_049818.jpg,test,lips_masked,no_face_detected,2026-09-09T17:16:17
age61_046188.jpg,test,lips_masked,no_face_detected,2026-09-09T17:16:17
age36_065396.jpg,test,lips_masked,no_face_detected,2026-09-09T17:16:17
age80_084021.jpg,test,lips_masked,no_face_detected,2026-09-09T17:16:17
age17_012039.jpg,test,lips_masked,no_face_detected,2026-09-09T17:16:17
age17_073616.jpg,test,lips_masked,no_face_detected,2026-09-09T17:16:18
age27_026837.jpg,test,lips_masked,no_face_detected,2026-09-09T17:16:18
age6_011679.jpg,test,lips_masked,no_face_detected,2026-09-09T17:16:18
age33_015200.jpg,test,lips_masked,no_face_detected,2026-09-09T17:16:18
age38_068959.jpg,test,lips_masked,no_face_detected,2026-09-09T17:16:18
age27_024396.jpg,test,lips_masked,no_face_detected,2026-09-09T17:16:18
age34_015086.jpg,test,lips_masked,no_face_detected,2026-09-09T17:16:18
age62_082429.jpg,test,lips_masked,no_face_detected,2026-09-09T17:16:19
age75_083304.jpg,test,lips_masked,no_face_detected,2026-09-09T17:16:19
age4_054574.jpg,test,lips_masked,no_face_detected,2026-09-09T17:16:19
age20_057638.jpg,test,lips_masked,no_face_detected,2026-09-09T17:16:19
age27_022767.jpg,test,lips_masked,no_face_detected,2026-09-09T17:16:19
age60_078562.jpg,test,lips_masked,no_face_detected,2026-09-09T17:16:19
age46_043569.jpg,test,lips_masked,no_face_detected,2026-09-09T17:16:20
age66_036119.jpg,test,lips_masked,no_face_detected,2026-09-09T17:16:20
age51_045859.jpg,test,lips_masked,no_face_detected,2026-09-09T17:16:20
age53_041901.jpg,test,lips_masked,no_face_detected,2026-09-09T17:16:20
age6_011985.jpg,test,lips_masked,no_face_detected,2026-09-09T17:16:20
age27_026364.jpg,test,lips_masked,no_face_detected,2026-09-09T17:16:20
age4_051927.jpg,test,lips_masked,no_face_detected,2026-09-09T17:16:20
age82_083826.jpg,test,lips_masked,no_face_detected,2026-09-09T17:16:21
age27_022562.jpg,test,lips_masked,no_face_detected,2026-09-09T17:16:21
age57_078170.jpg,test,lips_masked,no_face_detected,2026-09-09T17:16:21
age38_069447.jpg,test,lips_masked,no_face_detected,2026-09-09T17:16:21
age60_082398.jpg,test,lips_masked,no_face_detected,2026-09-09T17:16:22
age46_041593.jpg,test,lips_masked,no_face_detected,2026-09-09T17:16:22
age31_019049.jpg,test,lips_masked,no_face_detected,2026-09-09T17:16:22
age48_040600.jpg,test,lips_masked,no_face_detected,2026-09-09T17:16:22
age79_083581.jpg,test,lips_masked,no_face_detected,2026-09-09T17:16:23
age52_044747.jpg,test,lips_masked,no_face_detected,2026-09-09T17:16:23
age57_068165.jpg,test,lips_masked,no_face_detected,2026-09-09T17:16:23
age58_075791.jpg,test,lips_masked,no_face_detected,2026-09-09T17:16:23
age25_022634.jpg,test,lips_masked,no_face_detected,2026-09-09T17:16:24
age31_018295.jpg,test,lips_masked,no_face_detected,2026-09-09T17:16:24
age41_027921.jpg,test,lips_masked,no_face_detected,2026-09-09T17:16:24
age78_082857.jpg,test,lips_masked,no_face_detected,2026-09-09T17:16:24
age42_063653.jpg,test,lips_masked,no_face_detected,2026-09-09T17:16:24
age4_050756.jpg,test,lips_masked,no_face_detected,2026-09-09T17:16:25
age27_024933.jpg,test,lips_masked,no_face_detected,2026-09-09T17:16:25
age40_019223.jpg,test,lips_masked,no_face_detected,2026-09-09T17:16:25
age25_026906.jpg,test,lips_masked,no_face_detected,2026-09-09T17:16:25
age15_007035.jpg,test,lips_masked,no_face_detected,2026-09-09T17:16:25
age27_026658.jpg,test,lips_masked,no_face_detected,2026-09-09T17:16:25
age69_034641.jpg,test,lips_masked,no_face_detected,2026-09-09T17:16:26
age61_001502.jpg,test,lips_masked,no_face_detected,2026-09-09T17:16:26
age68_034501.jpg,test,lips_masked,no_face_detected,2026-09-09T17:16:26
age42_062665.jpg,test,lips_masked,no_face_detected,2026-09-09T17:16:26
age67_032960.jpg,test,lips_masked,no_face_detected,2026-09-09T17:16:26
age27_024143.jpg,test,lips_masked,no_face_detected,2026-09-09T17:16:26
age6_009103.jpg,test,lips_masked,no_face_detected,2026-09-09T17:16:26
age70_020605.jpg,test,lips_masked,no_face_detected,2026-09-09T17:16:27
age52_048316.jpg,test,lips_masked,no_face_detected,2026-09-09T17:16:27
age60_067239.jpg,test,lips_masked,no_face_detected,2026-09-09T17:16:27
age13_001006.jpg,test,lips_masked,no_face_detected,2026-09-09T17:16:27
age2_052235.jpg,test,lips_masked,no_face_detected,2026-09-09T17:16:28
age13_006709.jpg,test,lips_masked,no_face_detected,2026-09-09T17:16:28
age10_000933.jpg,test,lips_masked,no_face_detected,2026-09-09T17:16:28
age41_061423.jpg,test,lips_masked,no_face_detected,2026-09-09T17:16:28
age31_018242.jpg,test,lips_masked,no_face_detected,2026-09-09T17:16:28
age22_058681.jpg,test,lips_masked,no_face_detected,2026-09-09T17:16:28
age47_044250.jpg,test,lips_masked,no_face_detected,2026-09-09T17:16:28
age67_031566.jpg,test,lips_masked,no_face_detected,2026-09-09T17:16:28
age12_000877.jpg,test,lips_masked,no_face_detected,2026-09-09T17:16:29
age61_032825.jpg,test,lips_masked,no_face_detected,2026-09-09T17:16:29
age10_013297.jpg,test,lips_masked,no_face_detected,2026-09-09T17:16:29
age31_017607.jpg,test,lips_masked,no_face_detected,2026-09-09T17:16:29
age58_075132.jpg,test,lips_masked,no_face_detected,2026-09-09T17:16:29
age46_037790.jpg,test,lips_masked,no_face_detected,2026-09-09T17:16:29
age37_069679.jpg,test,lips_masked,no_face_detected,2026-09-09T17:16:29
age12_001263.jpg,test,lips_masked,no_face_detected,2026-09-09T17:16:30
age71_030677.jpg,test,lips_masked,no_face_detected,2026-09-09T17:16:30
age38_067499.jpg,test,lips_masked,no_face_detected,2026-09-09T17:16:30
age42_063503.jpg,test,lips_masked,no_face_detected,2026-09-09T17:16:30
age19_058212.jpg,test,lips_masked,no_face_detected,2026-09-09T17:16:30
age48_004868.jpg,test,lips_masked,no_face_detected,2026-09-09T17:16:30
age36_049817.jpg,test,lips_masked,no_face_detected,2026-09-09T17:16:30
age4_050776.jpg,test,lips_masked,no_face_detected,2026-09-09T17:16:30
age65_028648.jpg,test,lips_masked,no_face_detected,2026-09-09T17:16:31
age47_038341.jpg,test,lips_masked,no_face_detected,2026-09-09T17:16:31
age31_017810.jpg,test,lips_masked,no_face_detected,2026-09-09T17:16:31
age62_036780.jpg,test,lips_masked,no_face_detected,2026-09-09T17:16:31
age62_061830.jpg,test,lips_masked,no_face_detected,2026-09-09T17:16:31
age37_066936.jpg,test,lips_masked,no_face_detected,2026-09-09T17:16:31
age77_083608.jpg,test,lips_masked,no_face_detected,2026-09-09T17:16:31
age58_078407.jpg,test,lips_masked,no_face_detected,2026-09-09T17:16:32
age21_055804.jpg,test,lips_masked,no_face_detected,2026-09-09T17:16:32
age2_055039.jpg,test,lips_masked,no_face_detected,2026-09-09T17:16:32
age19_057106.jpg,test,lips_masked,no_face_detected,2026-09-09T17:16:32
age64_049867.jpg,test,lips_masked,no_face_detected,2026-09-09T17:16:32
age54_045178.jpg,test,lips_masked,no_face_detected,2026-09-09T17:16:32
age37_068437.jpg,test,lips_masked,no_face_detected,2026-09-09T17:16:33
age41_063334.jpg,test,lips_masked,no_face_detected,2026-09-09T17:16:33
age33_020933.jpg,test,lips_masked,no_face_detected,2026-09-09T17:16:33
age58_076401.jpg,test,lips_masked,no_face_detected,2026-09-09T17:16:33
age6_013190.jpg,test,lips_masked,no_face_detected,2026-09-09T17:16:33
age37_065699.jpg,test,lips_masked,no_face_detected,2026-09-09T17:16:33
age67_033954.jpg,test,lips_masked,no_face_detected,2026-09-09T17:16:33
age40_062116.jpg,test,lips_masked,no_face_detected,2026-09-09T17:16:33
age7_013105.jpg,test,lips_masked,no_face_detected,2026-09-09T17:16:33
age58_075355.jpg,test,lips_masked,no_face_detected,2026-09-09T17:16:34
age53_038349.jpg,test,lips_masked,no_face_detected,2026-09-09T17:16:34
age34_020788.jpg,test,lips_masked,no_face_detected,2026-09-09T17:16:34
age66_034290.jpg,test,lips_masked,no_face_detected,2026-09-09T17:16:34
age61_079671.jpg,test,lips_masked,no_face_detected,2026-09-09T17:16:34
age38_066822.jpg,test,lips_masked,no_face_detected,2026-09-09T17:16:34
age83_083894.jpg,test,lips_masked,no_face_detected,2026-09-09T17:16:34
age22_056180.jpg,test,lips_masked,no_face_detected,2026-09-09T17:16:34
age40_062469.jpg,test,lips_masked,no_face_detected,2026-09-09T17:16:34
age11_002411.jpg,test,lips_masked,no_face_detected,2026-09-09T17:16:34
age19_072645.jpg,test,lips_masked,no_face_detected,2026-09-09T17:16:34
age17_072741.jpg,test,lips_masked,no_face_detected,2026-09-09T17:16:35
age62_081587.jpg,test,lips_masked,no_face_detected,2026-09-09T17:16:35
age79_082888.jpg,test,lips_masked,no_face_detected,2026-09-09T17:16:36
age35_020497.jpg,test,lips_masked,no_face_detected,2026-09-09T17:16:36
age10_009081.jpg,test,lips_masked,no_face_detected,2026-09-09T17:16:36
age22_056563.jpg,test,lips_masked,no_face_detected,2026-09-09T17:16:36
age2_051584.jpg,test,lips_masked,no_face_detected,2026-09-09T17:16:36
age55_045219.jpg,test,lips_masked,no_face_detected,2026-09-09T17:16:36
age9_000016.jpg,test,lips_masked,no_face_detected,2026-09-09T17:16:36
age60_061992.jpg,test,lips_masked,no_face_detected,2026-09-09T17:16:37
age48_037691.jpg,test,lips_masked,no_face_detected,2026-09-09T17:16:37
age21_055294.jpg,test,lips_masked,no_face_detected,2026-09-09T17:16:37
age55_075908.jpg,test,lips_masked,no_face_detected,2026-09-09T17:16:37
age49_036934.jpg,test,lips_masked,no_face_detected,2026-09-09T17:16:38
age67_033723.jpg,test,lips_masked,no_face_detected,2026-09-09T17:16:38
age13_001149.jpg,test,lips_masked,no_face_detected,2026-09-09T17:16:38
age8_010134.jpg,test,lips_masked,no_face_detected,2026-09-09T17:16:38
age2_051706.jpg,test,lips_masked,no_face_detected,2026-09-09T17:16:38
age11_000754.jpg,test,lips_masked,no_face_detected,2026-09-09T17:16:38
age68_034706.jpg,test,lips_masked,no_face_detected,2026-09-09T17:16:39
age6_013788.jpg,test,lips_masked,no_face_detected,2026-09-09T17:16:39
age20_072707.jpg,test,lips_masked,no_face_detected,2026-09-09T17:16:39
age55_047592.jpg,test,lips_masked,no_face_detected,2026-09-09T17:16:39
age1_052172.jpg,test,lips_masked,no_face_detected,2026-09-09T17:16:39
age60_079019.jpg,test,lips_masked,no_face_detected,2026-09-09T17:16:40
age40_065583.jpg,test,lips_masked,no_face_detected,2026-09-09T17:16:40
age40_063301.jpg,test,lips_masked,no_face_detected,2026-09-09T17:16:37
age38_069925.jpg,test,lips_masked,no_face_detected,2026-09-09T17:16:37
age58_076916.jpg,test,lips_masked,no_face_detected,2026-09-09T17:16:37
age17_074318.jpg,test,lips_masked,no_face_detected,2026-09-09T17:16:37
age21_055810.jpg,test,lips_masked,no_face_detected,2026-09-09T17:16:37
age11_004519.jpg,test,lips_masked,no_face_detected,2026-09-09T17:16:37
age45_008301.jpg,test,lips_masked,no_face_detected,2026-09-09T17:16:37
age83_083953.jpg,test,lips_masked,no_face_detected,2026-09-09T17:16:38
age4_054364.jpg,test,lips_masked,no_face_detected,2026-09-09T17:16:38
age64_080525.jpg,test,lips_masked,no_face_detected,2026-09-09T17:16:38
age47_042041.jpg,test,lips_masked,no_face_detected,2026-09-09T17:16:38
age6_009240.jpg,test,lips_masked,no_face_detected,2026-09-09T17:16:38
age58_075226.jpg,test,lips_masked,no_face_detected,2026-09-09T17:16:38
